-- phpMyAdmin SQL Dump
-- version 4.0.10.20
-- https://www.phpmyadmin.net
--
-- Host: localhost
-- Generation Time: Sep 17, 2021 at 10:47 PM
-- Server version: 5.6.49
-- PHP Version: 5.6.40

SET SQL_MODE = "NO_AUTO_VALUE_ON_ZERO";
SET time_zone = "+00:00";


/*!40101 SET @OLD_CHARACTER_SET_CLIENT=@@CHARACTER_SET_CLIENT */;
/*!40101 SET @OLD_CHARACTER_SET_RESULTS=@@CHARACTER_SET_RESULTS */;
/*!40101 SET @OLD_COLLATION_CONNECTION=@@COLLATION_CONNECTION */;
/*!40101 SET NAMES utf8 */;

--
-- Database: `lr_imagemasters_dv`
--

-- --------------------------------------------------------

--
-- Table structure for table `appointments`
--

CREATE TABLE IF NOT EXISTS `appointments` (
  `id` int(10) unsigned NOT NULL AUTO_INCREMENT,
  `appointment_id` varchar(255) COLLATE utf8_unicode_ci NOT NULL,
  `calendar_id` varchar(255) COLLATE utf8_unicode_ci NOT NULL,
  `appointment_type_id` varchar(255) COLLATE utf8_unicode_ci NOT NULL,
  `user_id` varchar(255) COLLATE utf8_unicode_ci NOT NULL,
  `product_id` varchar(255) COLLATE utf8_unicode_ci NOT NULL,
  `beds` varchar(255) COLLATE utf8_unicode_ci NOT NULL,
  `baths` varchar(255) COLLATE utf8_unicode_ci NOT NULL,
  `availability_status` varchar(255) COLLATE utf8_unicode_ci NOT NULL,
  `square_feet` varchar(255) COLLATE utf8_unicode_ci NOT NULL,
  `address` text COLLATE utf8_unicode_ci NOT NULL,
  `google_map_link` text COLLATE utf8_unicode_ci NOT NULL,
  `video_link` text COLLATE utf8_unicode_ci NOT NULL,
  `is_branded` int(11) NOT NULL,
  `status` int(11) NOT NULL,
  `created_at` timestamp NULL DEFAULT NULL,
  `updated_at` timestamp NULL DEFAULT NULL,
  `deleted_at` timestamp NULL DEFAULT NULL,
  PRIMARY KEY (`id`)
) ENGINE=InnoDB  DEFAULT CHARSET=utf8 COLLATE=utf8_unicode_ci AUTO_INCREMENT=25 ;

--
-- Dumping data for table `appointments`
--

INSERT INTO `appointments` (`id`, `appointment_id`, `calendar_id`, `appointment_type_id`, `user_id`, `product_id`, `beds`, `baths`, `availability_status`, `square_feet`, `address`, `google_map_link`, `video_link`, `is_branded`, `status`, `created_at`, `updated_at`, `deleted_at`) VALUES
(1, '268115468', '1893234', '9194304', '6', '1', '', '', '', '', '', '', '', 0, 2, '2019-02-19 14:29:05', '2019-02-25 18:51:41', NULL),
(2, '268147329', '1992960', '5573986', '7', '0', '', '', '', '', '', '', '', 0, 2, '2019-02-19 16:41:02', '2019-02-26 19:03:53', NULL),
(3, '268150423', '1992960', '5573997', '6', '0', '', '', '', '', '', '', '', 0, 0, '2019-02-19 16:58:15', '2019-02-19 16:58:15', NULL),
(4, '268150648', '1992960', '9194304', '8', '1', '', '', '', '', '', '', '', 0, 2, '2019-02-19 16:59:25', '2019-02-26 18:37:20', NULL),
(5, '268155428', '1992960', '9194304', '6', '1', '', '', '', '', '', '', '', 0, 2, '2019-02-19 17:26:32', '2019-02-26 18:51:55', NULL),
(6, '268651790', '1893234', '9194304', '8', '1', '', '', '', '', '', '', '', 0, 2, '2019-02-21 12:38:59', '2019-02-25 18:59:36', NULL),
(7, '268667632', '1992960', '9194304', '13', '1', 'N/A', 'N/A', 'Available', '1800', '4220 W Overlook Dr, San Diego CA 92115', '<div class="mapouter"><div class="gmap_canvas"><iframewidth="600" height="500" id="gmap_canvas" src="https://maps.google.com/maps?q=4220%20W%20Overlook%20Dr%2C%20San%20Diego%20CA%2092115&t=&z=13&ie=UTF8&iwloc=&output=embed" frameborder="0" scrolling="no" marginheight="0" marginwidth="0"></iframe>Google Maps Generator by <a href="https://www.embedgooglemap.net">embedgooglemap.net</a></div><style>.mapouter{position:relative;text-align:right;height:500px;width:600px;}.gmap_canvas {overflow:hidden;background:none!important;height:500px;width:600px;}</style></div>', '<div style="padding:56.25% 0 0 0;position:relative;"><iframe src="https://player.vimeo.com/video/253989945?color=ef0800&title=0&byline=0&portrait=0" style="position:absolute;top:0;left:0;width:100%;height:100%;" frameborder="0" allow="autoplay; fullscreen" allowfullscreen></iframe></div><script src="https://player.vimeo.com/api/player.js"></script>\r\n<p><a href="https://vimeo.com/253989945">Sample Video</a> from <a href="https://vimeo.com/testbusiness">Vimeo Test User Business</a> on <a href="https://vimeo.com">Vimeo</a>.</p>', 1, 0, '2019-02-21 13:33:05', '2019-10-29 20:09:18', NULL),
(8, '271725483', '1893234', '9332353', '13', '5', '', '', '', '', '', '', '', 0, 0, '2019-03-06 12:04:17', '2019-03-06 12:04:17', NULL),
(9, '271841677', '1893260', '9268676', '6', '1', '', '', '', '', '', '', '', 0, 0, '2019-03-06 21:50:22', '2019-03-06 21:50:22', NULL),
(10, '272219962', '1893234', '9377124', '8', '2', '', '', '', '', '', '', '', 0, 0, '2019-03-08 10:20:31', '2019-03-08 10:20:31', NULL),
(11, '272220233', '1893234', '9331537', '15', '0', '', '', '', '', '', '', '', 0, 0, '2019-03-08 10:21:33', '2019-03-08 10:21:33', NULL),
(12, '272221584', '1893234', '9365244', '8', '0', '', '', '', '', '', '', '', 0, 0, '2019-03-08 10:26:20', '2019-03-08 10:26:20', NULL),
(13, '272318080', '1893234', '9377124', '13', '2', '', '', '', '', '', '', '', 0, 2, '2019-03-08 17:43:01', '2019-03-08 19:21:19', NULL),
(14, '272722696', '1893234', '9331539', '8', '0', '', '', '', '', '', '', '', 0, 0, '2019-03-11 10:29:33', '2019-03-11 10:29:33', NULL),
(15, '272723261', '1893234', '9331515', '13', '0', '', '', '', '', '', '', '', 0, 0, '2019-03-11 10:31:00', '2019-03-11 10:31:00', NULL),
(16, '273667079', '1893234', '9365095', '6', '4', '', '', '', '', '', '', '', 0, 0, '2019-03-14 19:25:10', '2019-03-14 19:25:10', NULL),
(17, '276401439', '1893234', '9332353', '22', '5', '', '', '', '', '', '', '', 0, 0, '2019-03-27 10:36:54', '2019-03-27 10:36:54', NULL),
(18, '281456843', '1992935', '9365133', '24', '4', '', '', '', '', '', '', '', 0, 0, '2019-04-18 14:32:34', '2019-04-18 14:32:34', NULL),
(19, '301667309', '1992935', '9707359', '24', '10', '', '', '', '', '', '', '', 0, 0, '2019-07-17 15:44:49', '2019-07-17 15:44:49', NULL),
(20, '302178092', '1992935', '9194304', '26', '1', '', '', '', '', '', '', '', 0, 0, '2019-07-19 16:36:28', '2019-07-19 16:36:28', NULL),
(21, '311873847', '1893234', '9365018', '13', '4', '3', '3', 'Available', '1800', '4220 W Overlook Dr, San Diego CA 92115', '<div class="mapouter"><div class="gmap_canvas"><iframe width="1080" height="585" id="gmap_canvas" src="https://maps.google.com/maps?q=4220%20W%20Overlook%20Dr%2C%20San%20Diego%20CA%2092115&t=&z=13&ie=UTF8&iwloc=&output=embed" frameborder="0" scrolling="no" marginheight="0" marginwidth="0"></iframe>Google Maps Generator by <a href="https://www.embedgooglemap.net">embedgooglemap.net</a></div><style>.mapouter{position:relative;text-align:right;height:585px;width:1080px;}.gmap_canvas {overflow:hidden;background:none!important;height:585px;width:1080px;}</style></div>', '<div style="padding:56.25% 0 0 0;position:relative;"><iframe src="https://player.vimeo.com/video/253989945?color=ef0800&title=0&byline=0&portrait=0" style="position:absolute;top:0;left:0;width:100%;height:100%;" frameborder="0" allow="autoplay; fullscreen" allowfullscreen></iframe></div><script src="https://player.vimeo.com/api/player.js"></script>\r\n<p><a href="https://vimeo.com/253989945">Sample Video</a> from <a href="https://vimeo.com/testbusiness">Vimeo Test User Business</a> on <a href="https://vimeo.com">Vimeo</a>.</p>', 1, 0, '2019-08-27 12:25:20', '2019-10-30 15:24:11', NULL),
(22, '316553587', '1992935', '9527363', '27', '6', '', '', '', '', '', '', '', 0, 2, '2019-09-13 19:12:29', '2019-09-13 19:12:52', NULL),
(23, '316553850', '1893260', '9527363', '27', '6', '3', '2', 'ASAP', '300', 'South Carolina', '', '', 0, 2, '2019-09-13 19:13:38', '2019-09-13 19:59:57', NULL),
(24, '369189418', '1992935', '9194304', '30', '1', '', '', '', '', '', '', '', 0, 0, '2020-03-29 13:30:25', '2020-03-29 13:30:25', NULL);

-- --------------------------------------------------------

--
-- Table structure for table `appointment_attachments`
--

CREATE TABLE IF NOT EXISTS `appointment_attachments` (
  `id` int(10) unsigned NOT NULL AUTO_INCREMENT,
  `appointment_id` varchar(255) COLLATE utf8_unicode_ci NOT NULL,
  `name` varchar(75) COLLATE utf8_unicode_ci NOT NULL,
  `file` varchar(255) COLLATE utf8_unicode_ci NOT NULL,
  `size` varchar(75) COLLATE utf8_unicode_ci NOT NULL,
  `is_default` int(11) NOT NULL,
  `type` int(11) NOT NULL,
  `extension` varchar(75) COLLATE utf8_unicode_ci NOT NULL,
  `thumbnail` varchar(255) COLLATE utf8_unicode_ci NOT NULL,
  `created_at` timestamp NULL DEFAULT NULL,
  `updated_at` timestamp NULL DEFAULT NULL,
  `deleted_at` timestamp NULL DEFAULT NULL,
  PRIMARY KEY (`id`)
) ENGINE=InnoDB  DEFAULT CHARSET=utf8 COLLATE=utf8_unicode_ci AUTO_INCREMENT=136 ;

--
-- Dumping data for table `appointment_attachments`
--

INSERT INTO `appointment_attachments` (`id`, `appointment_id`, `name`, `file`, `size`, `is_default`, `type`, `extension`, `thumbnail`, `created_at`, `updated_at`, `deleted_at`) VALUES
(11, '1', 'gallery5-1550623378.jpg', 'public/uploads/appointment_images/gallery5-1550623378.jpg', '140909', 0, 0, '', '', '2019-02-26 22:54:03', '2019-02-26 22:54:03', NULL),
(12, '1', 'image-1550623384.jpg', 'public/uploads/appointment_images/image-1550623384.jpg', '179214', 0, 0, '', '', '2019-02-26 22:54:03', '2019-02-26 22:54:03', NULL),
(13, '1', '1-1550702666.jpg', 'public/uploads/appointment_images/1-1550702666.jpg', '79411', 0, 0, '', '', '2019-02-26 22:54:03', '2019-02-26 22:54:03', NULL),
(14, '1', '2-1550702667.jpg', 'public/uploads/appointment_images/2-1550702667.jpg', '46681', 0, 0, '', '', '2019-02-26 22:54:03', '2019-02-26 22:54:03', NULL),
(15, '1', '3-1550702668.jpg', 'public/uploads/appointment_images/3-1550702668.jpg', '82229', 0, 0, '', '', '2019-02-26 22:54:03', '2019-02-26 22:54:03', NULL),
(16, '1', '4-1550702668.jpg', 'public/uploads/appointment_images/4-1550702668.jpg', '53936', 0, 0, '', '', '2019-02-26 22:54:03', '2019-02-26 22:54:03', NULL),
(17, '1', '5-1550702669.jpg', 'public/uploads/appointment_images/5-1550702669.jpg', '45721', 0, 0, '', '', '2019-02-26 22:54:03', '2019-02-26 22:54:03', NULL),
(18, '1', '6-1550702669.jpg', 'public/uploads/appointment_images/6-1550702669.jpg', '75091', 0, 0, '', '', '2019-02-26 22:54:03', '2019-02-26 22:54:03', NULL),
(19, '1', 'SampleVideo_1280x720_2mb-1551250413.mp4', 'public/uploads/appointment_images/SampleVideo_1280x720_2mb-1551250413.mp4', '2107842', 0, 0, 'mp4', 'asd', '2019-02-26 22:54:03', '2019-02-26 22:54:03', NULL),
(20, '7', 'HIGH_RES_FRONT-2-570x570-1551811883.jpg', 'public/uploads/appointment_images/HIGH_RES_FRONT-2-570x570-1551811883.jpg', '98659', 0, 0, 'jpg', '', '2019-03-05 10:51:31', '2019-03-05 10:51:31', NULL),
(21, '7', 'home1-1551811884.jpeg', 'public/uploads/appointment_images/home1-1551811884.jpeg', '28143', 0, 0, 'jpeg', '', '2019-03-05 10:51:31', '2019-03-05 10:51:31', NULL),
(22, '7', 'house-front-side-real-estate-photography-1551811884.jpg', 'public/uploads/appointment_images/house-front-side-real-estate-photography-1551811884.jpg', '191827', 0, 0, 'jpg', '', '2019-03-05 10:51:31', '2019-03-05 10:51:31', NULL),
(23, '7', 'images1-1551811885.jpg', 'public/uploads/appointment_images/images1-1551811885.jpg', '7972', 0, 0, 'jpg', '', '2019-03-05 10:51:31', '2019-03-05 10:51:31', NULL),
(24, '7', 'images2-1551811886.jpg', 'public/uploads/appointment_images/images2-1551811886.jpg', '8770', 0, 0, 'jpg', '', '2019-03-05 10:51:31', '2019-03-05 10:51:31', NULL),
(25, '7', 'images-1551811886.jpg', 'public/uploads/appointment_images/images-1551811886.jpg', '8052', 0, 0, 'jpg', '', '2019-03-05 10:51:31', '2019-03-05 10:51:31', NULL),
(26, '7', 'IMG_6208-for-web-Edit-72-1551811887.jpg', 'public/uploads/appointment_images/IMG_6208-for-web-Edit-72-1551811887.jpg', '742028', 0, 0, 'jpg', '', '2019-03-05 10:51:31', '2019-03-05 10:51:31', NULL),
(27, '7', 'luxury_home_photography_Caloundra-1551811888.jpg', 'public/uploads/appointment_images/luxury_home_photography_Caloundra-1551811888.jpg', '172336', 0, 0, 'jpg', '', '2019-03-05 10:51:31', '2019-03-05 10:51:31', NULL),
(28, '7', 'Sunshine_Coast_Noosa_real_estate_photography1-1551811888.jpg', 'public/uploads/appointment_images/Sunshine_Coast_Noosa_real_estate_photography1-1551811888.jpg', '154087', 0, 0, 'jpg', '', '2019-03-05 10:51:31', '2019-03-05 10:51:31', NULL),
(29, '7', 'Sunshine_Coast_Noosa_real_estate_photography-1551811889.jpg', 'public/uploads/appointment_images/Sunshine_Coast_Noosa_real_estate_photography-1551811889.jpg', '154087', 0, 0, 'jpg', '', '2019-03-05 10:51:31', '2019-03-05 10:51:31', NULL),
(30, '13', 'banner1-1552104087.jpg', 'public/uploads/appointment_images/banner1-1552104087.jpg', '748149', 0, 0, 'jpg', '', '2019-03-08 20:03:17', '2019-03-08 20:03:17', NULL),
(31, '13', 'banner2-1552104090.jpg', 'public/uploads/appointment_images/banner2-1552104090.jpg', '409436', 0, 0, 'jpg', '', '2019-03-08 20:03:17', '2019-03-08 20:03:17', NULL),
(32, '13', 'gallery1-1552104091.jpg', 'public/uploads/appointment_images/gallery1-1552104091.jpg', '192629', 0, 0, 'jpg', '', '2019-03-08 20:03:17', '2019-03-08 20:03:17', NULL),
(33, '13', 'gallery2-1552104093.jpg', 'public/uploads/appointment_images/gallery2-1552104093.jpg', '147175', 0, 0, 'jpg', '', '2019-03-08 20:03:17', '2019-03-08 20:03:17', NULL),
(34, '13', '5c77655380bf21551328595-1552104138.mp4', 'public/uploads/appointment_images/5c77655380bf21551328595-1552104138.mp4', '2107842', 0, 0, 'mp4', 'asd', '2019-03-08 20:03:17', '2019-03-08 20:03:17', NULL),
(35, '3', '5c77655380bf21551328595-1552106001.mp4', 'public/uploads/appointment_images/5c77655380bf21551328595-1552106001.mp4', '2107842', 0, 0, 'mp4', 'asd', '2019-03-08 20:34:24', '2019-03-08 20:34:24', NULL),
(36, '3', 'banner1-1552106033.jpg', 'public/uploads/appointment_images/banner1-1552106033.jpg', '748149', 0, 0, 'jpg', '', '2019-03-08 20:34:24', '2019-03-08 20:34:24', NULL),
(37, '3', 'banner2-1552106037.jpg', 'public/uploads/appointment_images/banner2-1552106037.jpg', '409436', 0, 0, 'jpg', '', '2019-03-08 20:34:24', '2019-03-08 20:34:24', NULL),
(38, '3', 'gallery1-1552106039.jpg', 'public/uploads/appointment_images/gallery1-1552106039.jpg', '192629', 0, 0, 'jpg', '', '2019-03-08 20:34:24', '2019-03-08 20:34:24', NULL),
(39, '3', 'gallery2-1552106040.jpg', 'public/uploads/appointment_images/gallery2-1552106040.jpg', '147175', 0, 0, 'jpg', '', '2019-03-08 20:34:24', '2019-03-08 20:34:24', NULL),
(42, '14', 'Videography-1551377420-1552695963.jpg', 'public/uploads/appointment_images/Videography-1551377420-1552695963.jpg', '223884', 0, 0, 'jpg', '', '2019-03-18 11:21:22', '2019-03-18 11:21:22', NULL),
(43, '14', '2019-02-28-1552933279.jpg', 'public/uploads/appointment_images/2019-02-28-1552933279.jpg', '144433', 0, 0, 'jpg', '', '2019-03-18 11:21:22', '2019-03-18 11:21:22', NULL),
(44, '14', 'product_category-image1-1552933279.jpg', 'public/uploads/appointment_images/product_category-image1-1552933279.jpg', '130725', 0, 0, 'jpg', '', '2019-03-18 11:21:22', '2019-03-18 11:21:22', NULL),
(45, '14', 'Zillow3D_hometour-1552933280.jpg', 'public/uploads/appointment_images/Zillow3D_hometour-1552933280.jpg', '151729', 0, 0, 'jpg', '', '2019-03-18 11:21:22', '2019-03-18 11:21:22', NULL),
(76, '21', '01-1570740529.jpg', 'public/uploads/appointment_images/01-1570740529.jpg', '2675437', 0, 0, 'jpg', '', '2019-10-10 13:50:09', '2019-10-10 13:50:09', NULL),
(77, '21', '02-1570740532.jpg', 'public/uploads/appointment_images/02-1570740532.jpg', '2319324', 0, 0, 'jpg', '', '2019-10-10 13:50:09', '2019-10-10 13:50:09', NULL),
(78, '21', '03-1570740533.jpg', 'public/uploads/appointment_images/03-1570740533.jpg', '2410963', 0, 0, 'jpg', '', '2019-10-10 13:50:09', '2019-10-10 13:50:09', NULL),
(79, '21', '04-1570740534.jpg', 'public/uploads/appointment_images/04-1570740534.jpg', '2302624', 0, 0, 'jpg', '', '2019-10-10 13:50:09', '2019-10-10 13:50:09', NULL),
(80, '21', '05-1570740536.jpg', 'public/uploads/appointment_images/05-1570740536.jpg', '2302646', 0, 0, 'jpg', '', '2019-10-10 13:50:09', '2019-10-10 13:50:09', NULL),
(81, '21', '06-1570740537.jpg', 'public/uploads/appointment_images/06-1570740537.jpg', '2396755', 0, 0, 'jpg', '', '2019-10-10 13:50:09', '2019-10-10 13:50:09', NULL),
(82, '21', '07-1570740538.jpg', 'public/uploads/appointment_images/07-1570740538.jpg', '2222228', 0, 0, 'jpg', '', '2019-10-10 13:50:09', '2019-10-10 13:50:09', NULL),
(83, '21', '08-1570740540.jpg', 'public/uploads/appointment_images/08-1570740540.jpg', '2134097', 0, 0, 'jpg', '', '2019-10-10 13:50:09', '2019-10-10 13:50:09', NULL),
(84, '21', '09-1570740541.jpg', 'public/uploads/appointment_images/09-1570740541.jpg', '2071126', 0, 0, 'jpg', '', '2019-10-10 13:50:09', '2019-10-10 13:50:09', NULL),
(85, '21', '10-1570740542.jpg', 'public/uploads/appointment_images/10-1570740542.jpg', '3079578', 0, 0, 'jpg', '', '2019-10-10 13:50:09', '2019-10-10 13:50:09', NULL),
(86, '21', '11-1570740544.jpg', 'public/uploads/appointment_images/11-1570740544.jpg', '2137403', 0, 0, 'jpg', '', '2019-10-10 13:50:09', '2019-10-10 13:50:09', NULL),
(87, '21', '12-1570740545.jpg', 'public/uploads/appointment_images/12-1570740545.jpg', '2192416', 0, 0, 'jpg', '', '2019-10-10 13:50:09', '2019-10-10 13:50:09', NULL),
(88, '21', '13-1570740546.jpg', 'public/uploads/appointment_images/13-1570740546.jpg', '2244506', 0, 0, 'jpg', '', '2019-10-10 13:50:09', '2019-10-10 13:50:09', NULL),
(89, '21', '14-1570740548.jpg', 'public/uploads/appointment_images/14-1570740548.jpg', '3310015', 0, 0, 'jpg', '', '2019-10-10 13:50:09', '2019-10-10 13:50:09', NULL),
(90, '21', '15-1570740549.jpg', 'public/uploads/appointment_images/15-1570740549.jpg', '2413785', 0, 0, 'jpg', '', '2019-10-10 13:50:09', '2019-10-10 13:50:09', NULL),
(91, '21', '16-1570740550.jpg', 'public/uploads/appointment_images/16-1570740550.jpg', '2203961', 0, 0, 'jpg', '', '2019-10-10 13:50:09', '2019-10-10 13:50:09', NULL),
(92, '21', '17-1570740551.jpg', 'public/uploads/appointment_images/17-1570740551.jpg', '2571456', 0, 0, 'jpg', '', '2019-10-10 13:50:09', '2019-10-10 13:50:09', NULL),
(93, '21', '18-1570740552.jpg', 'public/uploads/appointment_images/18-1570740552.jpg', '2044921', 0, 0, 'jpg', '', '2019-10-10 13:50:09', '2019-10-10 13:50:09', NULL),
(94, '21', '19-1570740554.jpg', 'public/uploads/appointment_images/19-1570740554.jpg', '2766869', 0, 0, 'jpg', '', '2019-10-10 13:50:09', '2019-10-10 13:50:09', NULL),
(95, '21', '20-1570740555.jpg', 'public/uploads/appointment_images/20-1570740555.jpg', '3189552', 0, 0, 'jpg', '', '2019-10-10 13:50:09', '2019-10-10 13:50:09', NULL),
(96, '21', '21-1570740556.jpg', 'public/uploads/appointment_images/21-1570740556.jpg', '2936457', 0, 0, 'jpg', '', '2019-10-10 13:50:09', '2019-10-10 13:50:09', NULL),
(97, '21', '22-1570740557.jpg', 'public/uploads/appointment_images/22-1570740557.jpg', '2787067', 0, 0, 'jpg', '', '2019-10-10 13:50:09', '2019-10-10 13:50:09', NULL),
(98, '21', '23-1570740559.jpg', 'public/uploads/appointment_images/23-1570740559.jpg', '2758091', 0, 0, 'jpg', '', '2019-10-10 13:50:09', '2019-10-10 13:50:09', NULL),
(99, '21', '24-1570740560.jpg', 'public/uploads/appointment_images/24-1570740560.jpg', '2759294', 0, 0, 'jpg', '', '2019-10-10 13:50:09', '2019-10-10 13:50:09', NULL),
(100, '21', '25-1570740561.jpg', 'public/uploads/appointment_images/25-1570740561.jpg', '2953669', 0, 0, 'jpg', '', '2019-10-10 13:50:09', '2019-10-10 13:50:09', NULL),
(101, '21', '26-1570740563.jpg', 'public/uploads/appointment_images/26-1570740563.jpg', '2965579', 0, 0, 'jpg', '', '2019-10-10 13:50:09', '2019-10-10 13:50:09', NULL),
(102, '21', '27-1570740564.jpg', 'public/uploads/appointment_images/27-1570740564.jpg', '2665646', 0, 0, 'jpg', '', '2019-10-10 13:50:09', '2019-10-10 13:50:09', NULL),
(103, '21', '28-1570740565.jpg', 'public/uploads/appointment_images/28-1570740565.jpg', '3013048', 0, 0, 'jpg', '', '2019-10-10 13:50:09', '2019-10-10 13:50:09', NULL),
(104, '21', '29-1570740567.jpg', 'public/uploads/appointment_images/29-1570740567.jpg', '2888062', 0, 0, 'jpg', '', '2019-10-10 13:50:09', '2019-10-10 13:50:09', NULL),
(105, '21', '30-1570740568.jpg', 'public/uploads/appointment_images/30-1570740568.jpg', '3350549', 0, 0, 'jpg', '', '2019-10-10 13:50:09', '2019-10-10 13:50:09', NULL),
(106, '15', '04-1570743859.jpg', 'public/uploads/appointment_images/04-1570743859.jpg', '2302624', 0, 0, 'jpg', '', '2019-10-10 14:48:26', '2019-10-10 14:48:26', NULL),
(107, '15', '05-1570743867.jpg', 'public/uploads/appointment_images/05-1570743867.jpg', '2302646', 0, 0, 'jpg', '', '2019-10-10 14:48:26', '2019-10-10 14:48:26', NULL),
(108, '15', '06-1570743874.jpg', 'public/uploads/appointment_images/06-1570743874.jpg', '2396755', 0, 0, 'jpg', '', '2019-10-10 14:48:26', '2019-10-10 14:48:26', NULL),
(109, '15', '07-1570743881.jpg', 'public/uploads/appointment_images/07-1570743881.jpg', '2222228', 0, 0, 'jpg', '', '2019-10-10 14:48:26', '2019-10-10 14:48:26', NULL),
(110, '15', '08-1570743888.jpg', 'public/uploads/appointment_images/08-1570743888.jpg', '2134097', 0, 0, 'jpg', '', '2019-10-10 14:48:26', '2019-10-10 14:48:26', NULL),
(111, '15', '09-1570743895.jpg', 'public/uploads/appointment_images/09-1570743895.jpg', '2071126', 0, 0, 'jpg', '', '2019-10-10 14:48:26', '2019-10-10 14:48:26', NULL),
(112, '15', '10-1570743904.jpg', 'public/uploads/appointment_images/10-1570743904.jpg', '3079578', 0, 0, 'jpg', '', '2019-10-10 14:48:26', '2019-10-10 14:48:26', NULL),
(113, '15', '11-1570743911.jpg', 'public/uploads/appointment_images/11-1570743911.jpg', '2137403', 0, 0, 'jpg', '', '2019-10-10 14:48:26', '2019-10-10 14:48:26', NULL),
(114, '15', '12-1570743918.jpg', 'public/uploads/appointment_images/12-1570743918.jpg', '2192416', 0, 0, 'jpg', '', '2019-10-10 14:48:26', '2019-10-10 14:48:26', NULL),
(115, '15', '13-1570743925.jpg', 'public/uploads/appointment_images/13-1570743925.jpg', '2244506', 0, 0, 'jpg', '', '2019-10-10 14:48:26', '2019-10-10 14:48:26', NULL),
(116, '15', '14-1570743935.jpg', 'public/uploads/appointment_images/14-1570743935.jpg', '3310015', 0, 0, 'jpg', '', '2019-10-10 14:48:26', '2019-10-10 14:48:26', NULL),
(117, '15', '15-1570743943.jpg', 'public/uploads/appointment_images/15-1570743943.jpg', '2413785', 0, 0, 'jpg', '', '2019-10-10 14:48:26', '2019-10-10 14:48:26', NULL),
(118, '15', '16-1570743950.jpg', 'public/uploads/appointment_images/16-1570743950.jpg', '2203961', 0, 0, 'jpg', '', '2019-10-10 14:48:26', '2019-10-10 14:48:26', NULL),
(119, '15', '17-1570743958.jpg', 'public/uploads/appointment_images/17-1570743958.jpg', '2571456', 0, 0, 'jpg', '', '2019-10-10 14:48:26', '2019-10-10 14:48:26', NULL),
(120, '15', '18-1570743964.jpg', 'public/uploads/appointment_images/18-1570743964.jpg', '2044921', 0, 0, 'jpg', '', '2019-10-10 14:48:26', '2019-10-10 14:48:26', NULL),
(121, '15', '19-1570743973.jpg', 'public/uploads/appointment_images/19-1570743973.jpg', '2766869', 0, 0, 'jpg', '', '2019-10-10 14:48:26', '2019-10-10 14:48:26', NULL),
(122, '15', '20-1570743985.jpg', 'public/uploads/appointment_images/20-1570743985.jpg', '3189552', 0, 0, 'jpg', '', '2019-10-10 14:48:26', '2019-10-10 14:48:26', NULL),
(123, '15', '21-1570743994.jpg', 'public/uploads/appointment_images/21-1570743994.jpg', '2936457', 0, 0, 'jpg', '', '2019-10-10 14:48:26', '2019-10-10 14:48:26', NULL),
(124, '15', '22-1570744003.jpg', 'public/uploads/appointment_images/22-1570744003.jpg', '2787067', 0, 0, 'jpg', '', '2019-10-10 14:48:26', '2019-10-10 14:48:26', NULL),
(125, '15', '23-1570744011.jpg', 'public/uploads/appointment_images/23-1570744011.jpg', '2758091', 0, 0, 'jpg', '', '2019-10-10 14:48:26', '2019-10-10 14:48:26', NULL),
(126, '15', '24-1570744020.jpg', 'public/uploads/appointment_images/24-1570744020.jpg', '2759294', 0, 0, 'jpg', '', '2019-10-10 14:48:26', '2019-10-10 14:48:26', NULL),
(127, '15', '25-1570744029.jpg', 'public/uploads/appointment_images/25-1570744029.jpg', '2953669', 0, 0, 'jpg', '', '2019-10-10 14:48:26', '2019-10-10 14:48:26', NULL),
(128, '15', '26-1570744039.jpg', 'public/uploads/appointment_images/26-1570744039.jpg', '2965579', 0, 0, 'jpg', '', '2019-10-10 14:48:26', '2019-10-10 14:48:26', NULL),
(129, '15', '27-1570744047.jpg', 'public/uploads/appointment_images/27-1570744047.jpg', '2665646', 0, 0, 'jpg', '', '2019-10-10 14:48:26', '2019-10-10 14:48:26', NULL),
(130, '15', '28-1570744056.jpg', 'public/uploads/appointment_images/28-1570744056.jpg', '3013048', 0, 0, 'jpg', '', '2019-10-10 14:48:26', '2019-10-10 14:48:26', NULL),
(131, '15', '29-1570744065.jpg', 'public/uploads/appointment_images/29-1570744065.jpg', '2888062', 0, 0, 'jpg', '', '2019-10-10 14:48:26', '2019-10-10 14:48:26', NULL),
(132, '15', '30-1570744075.jpg', 'public/uploads/appointment_images/30-1570744075.jpg', '3350549', 0, 0, 'jpg', '', '2019-10-10 14:48:26', '2019-10-10 14:48:26', NULL),
(133, '15', '01-1570744084.jpg', 'public/uploads/appointment_images/01-1570744084.jpg', '2675437', 0, 0, 'jpg', '', '2019-10-10 14:48:26', '2019-10-10 14:48:26', NULL),
(134, '15', '02-1570744091.jpg', 'public/uploads/appointment_images/02-1570744091.jpg', '2319324', 0, 0, 'jpg', '', '2019-10-10 14:48:26', '2019-10-10 14:48:26', NULL),
(135, '15', '03-1570744099.jpg', 'public/uploads/appointment_images/03-1570744099.jpg', '2410963', 0, 0, 'jpg', '', '2019-10-10 14:48:26', '2019-10-10 14:48:26', NULL);

-- --------------------------------------------------------

--
-- Table structure for table `cities`
--

CREATE TABLE IF NOT EXISTS `cities` (
  `id` int(10) unsigned NOT NULL AUTO_INCREMENT,
  `code` varchar(25) COLLATE utf8_unicode_ci NOT NULL,
  `name` varchar(45) COLLATE utf8_unicode_ci NOT NULL,
  `state_id` int(11) NOT NULL,
  `is_default` int(11) NOT NULL,
  `created_at` timestamp NULL DEFAULT NULL,
  `updated_at` timestamp NULL DEFAULT NULL,
  `deleted_at` timestamp NULL DEFAULT NULL,
  PRIMARY KEY (`id`)
) ENGINE=InnoDB DEFAULT CHARSET=utf8 COLLATE=utf8_unicode_ci AUTO_INCREMENT=1 ;

-- --------------------------------------------------------

--
-- Table structure for table `contacts`
--

CREATE TABLE IF NOT EXISTS `contacts` (
  `id` int(10) unsigned NOT NULL AUTO_INCREMENT,
  `name` varchar(75) COLLATE utf8_unicode_ci NOT NULL,
  `email` varchar(75) COLLATE utf8_unicode_ci NOT NULL,
  `phone` varchar(75) COLLATE utf8_unicode_ci NOT NULL,
  `company` varchar(75) COLLATE utf8_unicode_ci NOT NULL,
  `subject` text COLLATE utf8_unicode_ci NOT NULL,
  `message` text COLLATE utf8_unicode_ci NOT NULL,
  `created_at` timestamp NULL DEFAULT NULL,
  `updated_at` timestamp NULL DEFAULT NULL,
  `deleted_at` timestamp NULL DEFAULT NULL,
  PRIMARY KEY (`id`)
) ENGINE=InnoDB  DEFAULT CHARSET=utf8 COLLATE=utf8_unicode_ci AUTO_INCREMENT=9 ;

--
-- Dumping data for table `contacts`
--

INSERT INTO `contacts` (`id`, `name`, `email`, `phone`, `company`, `subject`, `message`, `created_at`, `updated_at`, `deleted_at`) VALUES
(1, 'Miko Suarez', 'programmer1@dogandrooster.com', '2611475954', 'DNR', 'test', 'test', '2019-02-26 12:09:18', '2019-02-26 12:09:18', NULL),
(2, 'Randall Anthony', 'programmer10@dogandrooster.com', '8586779931', 'Dog and Rooster', 'TEST CONTACT US', 'Sample message', '2019-03-08 19:34:47', '2019-03-08 19:34:47', NULL),
(3, 'Miko', 'programmer1@dogandrooster.com', '2611475954', 'DNR', 'Test', 'TEST', '2019-03-14 13:43:35', '2019-03-14 13:43:35', NULL),
(4, 'Miko Suarez', 'programmer1@dogandrooster.com', '2611475954', 'DNR', 'test', 'TESTING DNR', '2019-03-25 14:37:58', '2019-03-25 14:37:58', NULL),
(5, 'Genie', 'officeassist+500@dogandrooster.com', '61941515335', '', 'Test', 'this is a test from dog and rooster', '2019-10-04 21:40:05', '2019-10-04 21:40:05', NULL),
(6, 'Samantha Lim', 'officeassist@dogandrooster.com', '0123456789', '', 'This is a test', 'Test message by Dog and Rooster', '2021-08-24 15:20:22', '2021-08-24 15:20:22', NULL),
(7, 'Odette Avery', 'porubi@mailinator.com', '+1 (222) 636-6764', '', 'Adipisci beatae offi', 'Esse a aliqua Elit', '2021-09-14 18:17:44', '2021-09-14 18:17:44', NULL),
(8, 'Lee Guy', 'programmer1@dogandrooster.com', '2421671069', '', 'Nihil magna ipsum id', 'Fugiat fuga Velit', '2021-09-15 16:43:19', '2021-09-15 16:43:19', NULL);

-- --------------------------------------------------------

--
-- Table structure for table `countries`
--

CREATE TABLE IF NOT EXISTS `countries` (
  `id` int(10) unsigned NOT NULL AUTO_INCREMENT,
  `code` varchar(25) COLLATE utf8_unicode_ci NOT NULL,
  `name` varchar(45) COLLATE utf8_unicode_ci NOT NULL,
  `is_default` int(11) NOT NULL,
  `created_at` timestamp NULL DEFAULT NULL,
  `updated_at` timestamp NULL DEFAULT NULL,
  `deleted_at` timestamp NULL DEFAULT NULL,
  PRIMARY KEY (`id`)
) ENGINE=InnoDB  DEFAULT CHARSET=utf8 COLLATE=utf8_unicode_ci AUTO_INCREMENT=247 ;

--
-- Dumping data for table `countries`
--

INSERT INTO `countries` (`id`, `code`, `name`, `is_default`, `created_at`, `updated_at`, `deleted_at`) VALUES
(1, 'AF', 'Afghanistan', 0, '2018-06-22 17:01:55', '2018-06-22 17:01:55', NULL),
(2, 'AL', 'Albania', 0, '2018-06-22 17:01:55', '2018-06-22 17:01:55', NULL),
(3, 'DZ', 'Algeria', 0, '2018-06-22 17:01:55', '2018-06-22 17:01:55', NULL),
(4, 'AS', 'American Samoa', 0, '2018-06-22 17:01:55', '2018-06-22 17:01:55', NULL),
(5, 'AD', 'Andorra', 0, '2018-06-22 17:01:55', '2018-06-22 17:01:55', NULL),
(6, 'AO', 'Angola', 0, '2018-06-22 17:01:55', '2018-06-22 17:01:55', NULL),
(7, 'AI', 'Anguilla', 0, '2018-06-22 17:01:55', '2018-06-22 17:01:55', NULL),
(8, 'AQ', 'Antarctica', 0, '2018-06-22 17:01:55', '2018-06-22 17:01:55', NULL),
(9, 'AG', 'Antigua And Barbuda', 0, '2018-06-22 17:01:55', '2018-06-22 17:01:55', NULL),
(10, 'AR', 'Argentina', 0, '2018-06-22 17:01:55', '2018-06-22 17:01:55', NULL),
(11, 'AM', 'Armenia', 0, '2018-06-22 17:01:55', '2018-06-22 17:01:55', NULL),
(12, 'AW', 'Aruba', 0, '2018-06-22 17:01:55', '2018-06-22 17:01:55', NULL),
(13, 'AU', 'Australia', 0, '2018-06-22 17:01:55', '2018-06-22 17:01:55', NULL),
(14, 'AT', 'Austria', 0, '2018-06-22 17:01:55', '2018-06-22 17:01:55', NULL),
(15, 'AZ', 'Azerbaijan', 0, '2018-06-22 17:01:55', '2018-06-22 17:01:55', NULL),
(16, 'BS', 'Bahamas The', 0, '2018-06-22 17:01:55', '2018-06-22 17:01:55', NULL),
(17, 'BH', 'Bahrain', 0, '2018-06-22 17:01:55', '2018-06-22 17:01:55', NULL),
(18, 'BD', 'Bangladesh', 0, '2018-06-22 17:01:55', '2018-06-22 17:01:55', NULL),
(19, 'BB', 'Barbados', 0, '2018-06-22 17:01:55', '2018-06-22 17:01:55', NULL),
(20, 'BY', 'Belarus', 0, '2018-06-22 17:01:55', '2018-06-22 17:01:55', NULL),
(21, 'BE', 'Belgium', 0, '2018-06-22 17:01:55', '2018-06-22 17:01:55', NULL),
(22, 'BZ', 'Belize', 0, '2018-06-22 17:01:55', '2018-06-22 17:01:55', NULL),
(23, 'BJ', 'Benin', 0, '2018-06-22 17:01:55', '2018-06-22 17:01:55', NULL),
(24, 'BM', 'Bermuda', 0, '2018-06-22 17:01:55', '2018-06-22 17:01:55', NULL),
(25, 'BT', 'Bhutan', 0, '2018-06-22 17:01:55', '2018-06-22 17:01:55', NULL),
(26, 'BO', 'Bolivia', 0, '2018-06-22 17:01:55', '2018-06-22 17:01:55', NULL),
(27, 'BA', 'Bosnia and Herzegovina', 0, '2018-06-22 17:01:55', '2018-06-22 17:01:55', NULL),
(28, 'BW', 'Botswana', 0, '2018-06-22 17:01:55', '2018-06-22 17:01:55', NULL),
(29, 'BV', 'Bouvet Island', 0, '2018-06-22 17:01:55', '2018-06-22 17:01:55', NULL),
(30, 'BR', 'Brazil', 0, '2018-06-22 17:01:55', '2018-06-22 17:01:55', NULL),
(31, 'IO', 'British Indian Ocean Territory', 0, '2018-06-22 17:01:55', '2018-06-22 17:01:55', NULL),
(32, 'BN', 'Brunei', 0, '2018-06-22 17:01:55', '2018-06-22 17:01:55', NULL),
(33, 'BG', 'Bulgaria', 0, '2018-06-22 17:01:55', '2018-06-22 17:01:55', NULL),
(34, 'BF', 'Burkina Faso', 0, '2018-06-22 17:01:55', '2018-06-22 17:01:55', NULL),
(35, 'BI', 'Burundi', 0, '2018-06-22 17:01:55', '2018-06-22 17:01:55', NULL),
(36, 'KH', 'Cambodia', 0, '2018-06-22 17:01:55', '2018-06-22 17:01:55', NULL),
(37, 'CM', 'Cameroon', 0, '2018-06-22 17:01:55', '2018-06-22 17:01:55', NULL),
(38, 'CA', 'Canada', 0, '2018-06-22 17:01:55', '2018-06-22 17:01:55', NULL),
(39, 'CV', 'Cape Verde', 0, '2018-06-22 17:01:55', '2018-06-22 17:01:55', NULL),
(40, 'KY', 'Cayman Islands', 0, '2018-06-22 17:01:55', '2018-06-22 17:01:55', NULL),
(41, 'CF', 'Central African Republic', 0, '2018-06-22 17:01:55', '2018-06-22 17:01:55', NULL),
(42, 'TD', 'Chad', 0, '2018-06-22 17:01:55', '2018-06-22 17:01:55', NULL),
(43, 'CL', 'Chile', 0, '2018-06-22 17:01:55', '2018-06-22 17:01:55', NULL),
(44, 'CN', 'China', 0, '2018-06-22 17:01:55', '2018-06-22 17:01:55', NULL),
(45, 'CX', 'Christmas Island', 0, '2018-06-22 17:01:55', '2018-06-22 17:01:55', NULL),
(46, 'CC', 'Cocos (Keeling) Islands', 0, '2018-06-22 17:01:55', '2018-06-22 17:01:55', NULL),
(47, 'CO', 'Colombia', 0, '2018-06-22 17:01:55', '2018-06-22 17:01:55', NULL),
(48, 'KM', 'Comoros', 0, '2018-06-22 17:01:55', '2018-06-22 17:01:55', NULL),
(49, 'CG', 'Congo', 0, '2018-06-22 17:01:55', '2018-06-22 17:01:55', NULL),
(50, 'CD', 'Congo The Democratic Republic Of The', 0, '2018-06-22 17:01:55', '2018-06-22 17:01:55', NULL),
(51, 'CK', 'Cook Islands', 0, '2018-06-22 17:01:55', '2018-06-22 17:01:55', NULL),
(52, 'CR', 'Costa Rica', 0, '2018-06-22 17:01:55', '2018-06-22 17:01:55', NULL),
(53, 'CI', 'Cote D''''Ivoire (Ivory Coast)', 0, '2018-06-22 17:01:55', '2018-06-22 17:01:55', NULL),
(54, 'HR', 'Croatia (Hrvatska)', 0, '2018-06-22 17:01:55', '2018-06-22 17:01:55', NULL),
(55, 'CU', 'Cuba', 0, '2018-06-22 17:01:55', '2018-06-22 17:01:55', NULL),
(56, 'CY', 'Cyprus', 0, '2018-06-22 17:01:55', '2018-06-22 17:01:55', NULL),
(57, 'CZ', 'Czech Republic', 0, '2018-06-22 17:01:55', '2018-06-22 17:01:55', NULL),
(58, 'DK', 'Denmark', 0, '2018-06-22 17:01:55', '2018-06-22 17:01:55', NULL),
(59, 'DJ', 'Djibouti', 0, '2018-06-22 17:01:55', '2018-06-22 17:01:55', NULL),
(60, 'DM', 'Dominica', 0, '2018-06-22 17:01:55', '2018-06-22 17:01:55', NULL),
(61, 'DO', 'Dominican Republic', 0, '2018-06-22 17:01:55', '2018-06-22 17:01:55', NULL),
(62, 'TP', 'East Timor', 0, '2018-06-22 17:01:55', '2018-06-22 17:01:55', NULL),
(63, 'EC', 'Ecuador', 0, '2018-06-22 17:01:55', '2018-06-22 17:01:55', NULL),
(64, 'EG', 'Egypt', 0, '2018-06-22 17:01:55', '2018-06-22 17:01:55', NULL),
(65, 'SV', 'El Salvador', 0, '2018-06-22 17:01:55', '2018-06-22 17:01:55', NULL),
(66, 'GQ', 'Equatorial Guinea', 0, '2018-06-22 17:01:55', '2018-06-22 17:01:55', NULL),
(67, 'ER', 'Eritrea', 0, '2018-06-22 17:01:55', '2018-06-22 17:01:55', NULL),
(68, 'EE', 'Estonia', 0, '2018-06-22 17:01:55', '2018-06-22 17:01:55', NULL),
(69, 'ET', 'Ethiopia', 0, '2018-06-22 17:01:55', '2018-06-22 17:01:55', NULL),
(70, 'XA', 'External Territories of Australia', 0, '2018-06-22 17:01:55', '2018-06-22 17:01:55', NULL),
(71, 'FK', 'Falkland Islands', 0, '2018-06-22 17:01:55', '2018-06-22 17:01:55', NULL),
(72, 'FO', 'Faroe Islands', 0, '2018-06-22 17:01:55', '2018-06-22 17:01:55', NULL),
(73, 'FJ', 'Fiji Islands', 0, '2018-06-22 17:01:55', '2018-06-22 17:01:55', NULL),
(74, 'FI', 'Finland', 0, '2018-06-22 17:01:55', '2018-06-22 17:01:55', NULL),
(75, 'FR', 'France', 0, '2018-06-22 17:01:55', '2018-06-22 17:01:55', NULL),
(76, 'GF', 'French Guiana', 0, '2018-06-22 17:01:55', '2018-06-22 17:01:55', NULL),
(77, 'PF', 'French Polynesia', 0, '2018-06-22 17:01:55', '2018-06-22 17:01:55', NULL),
(78, 'TF', 'French Southern Territories', 0, '2018-06-22 17:01:55', '2018-06-22 17:01:55', NULL),
(79, 'GA', 'Gabon', 0, '2018-06-22 17:01:55', '2018-06-22 17:01:55', NULL),
(80, 'GM', 'Gambia The', 0, '2018-06-22 17:01:55', '2018-06-22 17:01:55', NULL),
(81, 'GE', 'Georgia', 0, '2018-06-22 17:01:55', '2018-06-22 17:01:55', NULL),
(82, 'DE', 'Germany', 0, '2018-06-22 17:01:55', '2018-06-22 17:01:55', NULL),
(83, 'GH', 'Ghana', 0, '2018-06-22 17:01:55', '2018-06-22 17:01:55', NULL),
(84, 'GI', 'Gibraltar', 0, '2018-06-22 17:01:55', '2018-06-22 17:01:55', NULL),
(85, 'GR', 'Greece', 0, '2018-06-22 17:01:55', '2018-06-22 17:01:55', NULL),
(86, 'GL', 'Greenland', 0, '2018-06-22 17:01:55', '2018-06-22 17:01:55', NULL),
(87, 'GD', 'Grenada', 0, '2018-06-22 17:01:55', '2018-06-22 17:01:55', NULL),
(88, 'GP', 'Guadeloupe', 0, '2018-06-22 17:01:55', '2018-06-22 17:01:55', NULL),
(89, 'GU', 'Guam', 0, '2018-06-22 17:01:55', '2018-06-22 17:01:55', NULL),
(90, 'GT', 'Guatemala', 0, '2018-06-22 17:01:55', '2018-06-22 17:01:55', NULL),
(91, 'XU', 'Guernsey and Alderney', 0, '2018-06-22 17:01:55', '2018-06-22 17:01:55', NULL),
(92, 'GN', 'Guinea', 0, '2018-06-22 17:01:55', '2018-06-22 17:01:55', NULL),
(93, 'GW', 'Guinea-Bissau', 0, '2018-06-22 17:01:55', '2018-06-22 17:01:55', NULL),
(94, 'GY', 'Guyana', 0, '2018-06-22 17:01:55', '2018-06-22 17:01:55', NULL),
(95, 'HT', 'Haiti', 0, '2018-06-22 17:01:55', '2018-06-22 17:01:55', NULL),
(96, 'HM', 'Heard and McDonald Islands', 0, '2018-06-22 17:01:55', '2018-06-22 17:01:55', NULL),
(97, 'HN', 'Honduras', 0, '2018-06-22 17:01:55', '2018-06-22 17:01:55', NULL),
(98, 'HK', 'Hong Kong S.A.R.', 0, '2018-06-22 17:01:55', '2018-06-22 17:01:55', NULL),
(99, 'HU', 'Hungary', 0, '2018-06-22 17:01:55', '2018-06-22 17:01:55', NULL),
(100, 'IS', 'Iceland', 0, '2018-06-22 17:01:55', '2018-06-22 17:01:55', NULL),
(101, 'IN', 'India', 0, '2018-06-22 17:01:55', '2018-06-22 17:01:55', NULL),
(102, 'ID', 'Indonesia', 0, '2018-06-22 17:01:55', '2018-06-22 17:01:55', NULL),
(103, 'IR', 'Iran', 0, '2018-06-22 17:01:55', '2018-06-22 17:01:55', NULL),
(104, 'IQ', 'Iraq', 0, '2018-06-22 17:01:55', '2018-06-22 17:01:55', NULL),
(105, 'IE', 'Ireland', 0, '2018-06-22 17:01:55', '2018-06-22 17:01:55', NULL),
(106, 'IL', 'Israel', 0, '2018-06-22 17:01:55', '2018-06-22 17:01:55', NULL),
(107, 'IT', 'Italy', 0, '2018-06-22 17:01:55', '2018-06-22 17:01:55', NULL),
(108, 'JM', 'Jamaica', 0, '2018-06-22 17:01:55', '2018-06-22 17:01:55', NULL),
(109, 'JP', 'Japan', 0, '2018-06-22 17:01:55', '2018-06-22 17:01:55', NULL),
(110, 'XJ', 'Jersey', 0, '2018-06-22 17:01:55', '2018-06-22 17:01:55', NULL),
(111, 'JO', 'Jordan', 0, '2018-06-22 17:01:55', '2018-06-22 17:01:55', NULL),
(112, 'KZ', 'Kazakhstan', 0, '2018-06-22 17:01:55', '2018-06-22 17:01:55', NULL),
(113, 'KE', 'Kenya', 0, '2018-06-22 17:01:55', '2018-06-22 17:01:55', NULL),
(114, 'KI', 'Kiribati', 0, '2018-06-22 17:01:55', '2018-06-22 17:01:55', NULL),
(115, 'KP', 'Korea North', 0, '2018-06-22 17:01:55', '2018-06-22 17:01:55', NULL),
(116, 'KR', 'Korea South', 0, '2018-06-22 17:01:55', '2018-06-22 17:01:55', NULL),
(117, 'KW', 'Kuwait', 0, '2018-06-22 17:01:55', '2018-06-22 17:01:55', NULL),
(118, 'KG', 'Kyrgyzstan', 0, '2018-06-22 17:01:55', '2018-06-22 17:01:55', NULL),
(119, 'LA', 'Laos', 0, '2018-06-22 17:01:55', '2018-06-22 17:01:55', NULL),
(120, 'LV', 'Latvia', 0, '2018-06-22 17:01:55', '2018-06-22 17:01:55', NULL),
(121, 'LB', 'Lebanon', 0, '2018-06-22 17:01:55', '2018-06-22 17:01:55', NULL),
(122, 'LS', 'Lesotho', 0, '2018-06-22 17:01:55', '2018-06-22 17:01:55', NULL),
(123, 'LR', 'Liberia', 0, '2018-06-22 17:01:55', '2018-06-22 17:01:55', NULL),
(124, 'LY', 'Libya', 0, '2018-06-22 17:01:55', '2018-06-22 17:01:55', NULL),
(125, 'LI', 'Liechtenstein', 0, '2018-06-22 17:01:55', '2018-06-22 17:01:55', NULL),
(126, 'LT', 'Lithuania', 0, '2018-06-22 17:01:55', '2018-06-22 17:01:55', NULL),
(127, 'LU', 'Luxembourg', 0, '2018-06-22 17:01:55', '2018-06-22 17:01:55', NULL),
(128, 'MO', 'Macau S.A.R.', 0, '2018-06-22 17:01:55', '2018-06-22 17:01:55', NULL),
(129, 'MK', 'Macedonia', 0, '2018-06-22 17:01:55', '2018-06-22 17:01:55', NULL),
(130, 'MG', 'Madagascar', 0, '2018-06-22 17:01:55', '2018-06-22 17:01:55', NULL),
(131, 'MW', 'Malawi', 0, '2018-06-22 17:01:55', '2018-06-22 17:01:55', NULL),
(132, 'MY', 'Malaysia', 0, '2018-06-22 17:01:55', '2018-06-22 17:01:55', NULL),
(133, 'MV', 'Maldives', 0, '2018-06-22 17:01:55', '2018-06-22 17:01:55', NULL),
(134, 'ML', 'Mali', 0, '2018-06-22 17:01:55', '2018-06-22 17:01:55', NULL),
(135, 'MT', 'Malta', 0, '2018-06-22 17:01:55', '2018-06-22 17:01:55', NULL),
(136, 'XM', 'Man (Isle of)', 0, '2018-06-22 17:01:55', '2018-06-22 17:01:55', NULL),
(137, 'MH', 'Marshall Islands', 0, '2018-06-22 17:01:55', '2018-06-22 17:01:55', NULL),
(138, 'MQ', 'Martinique', 0, '2018-06-22 17:01:55', '2018-06-22 17:01:55', NULL),
(139, 'MR', 'Mauritania', 0, '2018-06-22 17:01:55', '2018-06-22 17:01:55', NULL),
(140, 'MU', 'Mauritius', 0, '2018-06-22 17:01:55', '2018-06-22 17:01:55', NULL),
(141, 'YT', 'Mayotte', 0, '2018-06-22 17:01:55', '2018-06-22 17:01:55', NULL),
(142, 'MX', 'Mexico', 0, '2018-06-22 17:01:55', '2018-06-22 17:01:55', NULL),
(143, 'FM', 'Micronesia', 0, '2018-06-22 17:01:55', '2018-06-22 17:01:55', NULL),
(144, 'MD', 'Moldova', 0, '2018-06-22 17:01:55', '2018-06-22 17:01:55', NULL),
(145, 'MC', 'Monaco', 0, '2018-06-22 17:01:55', '2018-06-22 17:01:55', NULL),
(146, 'MN', 'Mongolia', 0, '2018-06-22 17:01:55', '2018-06-22 17:01:55', NULL),
(147, 'MS', 'Montserrat', 0, '2018-06-22 17:01:55', '2018-06-22 17:01:55', NULL),
(148, 'MA', 'Morocco', 0, '2018-06-22 17:01:55', '2018-06-22 17:01:55', NULL),
(149, 'MZ', 'Mozambique', 0, '2018-06-22 17:01:55', '2018-06-22 17:01:55', NULL),
(150, 'MM', 'Myanmar', 0, '2018-06-22 17:01:55', '2018-06-22 17:01:55', NULL),
(151, 'NA', 'Namibia', 0, '2018-06-22 17:01:55', '2018-06-22 17:01:55', NULL),
(152, 'NR', 'Nauru', 0, '2018-06-22 17:01:55', '2018-06-22 17:01:55', NULL),
(153, 'NP', 'Nepal', 0, '2018-06-22 17:01:55', '2018-06-22 17:01:55', NULL),
(154, 'AN', 'Netherlands Antilles', 0, '2018-06-22 17:01:55', '2018-06-22 17:01:55', NULL),
(155, 'NL', 'Netherlands The', 0, '2018-06-22 17:01:55', '2018-06-22 17:01:55', NULL),
(156, 'NC', 'New Caledonia', 0, '2018-06-22 17:01:55', '2018-06-22 17:01:55', NULL),
(157, 'NZ', 'New Zealand', 0, '2018-06-22 17:01:55', '2018-06-22 17:01:55', NULL),
(158, 'NI', 'Nicaragua', 0, '2018-06-22 17:01:55', '2018-06-22 17:01:55', NULL),
(159, 'NE', 'Niger', 0, '2018-06-22 17:01:55', '2018-06-22 17:01:55', NULL),
(160, 'NG', 'Nigeria', 0, '2018-06-22 17:01:55', '2018-06-22 17:01:55', NULL),
(161, 'NU', 'Niue', 0, '2018-06-22 17:01:55', '2018-06-22 17:01:55', NULL),
(162, 'NF', 'Norfolk Island', 0, '2018-06-22 17:01:55', '2018-06-22 17:01:55', NULL),
(163, 'MP', 'Northern Mariana Islands', 0, '2018-06-22 17:01:55', '2018-06-22 17:01:55', NULL),
(164, 'NO', 'Norway', 0, '2018-06-22 17:01:55', '2018-06-22 17:01:55', NULL),
(165, 'OM', 'Oman', 0, '2018-06-22 17:01:55', '2018-06-22 17:01:55', NULL),
(166, 'PK', 'Pakistan', 0, '2018-06-22 17:01:55', '2018-06-22 17:01:55', NULL),
(167, 'PW', 'Palau', 0, '2018-06-22 17:01:55', '2018-06-22 17:01:55', NULL),
(168, 'PS', 'Palestinian Territory Occupied', 0, '2018-06-22 17:01:55', '2018-06-22 17:01:55', NULL),
(169, 'PA', 'Panama', 0, '2018-06-22 17:01:55', '2018-06-22 17:01:55', NULL),
(170, 'PG', 'Papua new Guinea', 0, '2018-06-22 17:01:55', '2018-06-22 17:01:55', NULL),
(171, 'PY', 'Paraguay', 0, '2018-06-22 17:01:55', '2018-06-22 17:01:55', NULL),
(172, 'PE', 'Peru', 0, '2018-06-22 17:01:55', '2018-06-22 17:01:55', NULL),
(173, 'PH', 'Philippines', 0, '2018-06-22 17:01:55', '2018-06-22 17:01:55', NULL),
(174, 'PN', 'Pitcairn Island', 0, '2018-06-22 17:01:55', '2018-06-22 17:01:55', NULL),
(175, 'PL', 'Poland', 0, '2018-06-22 17:01:55', '2018-06-22 17:01:55', NULL),
(176, 'PT', 'Portugal', 0, '2018-06-22 17:01:55', '2018-06-22 17:01:55', NULL),
(177, 'PR', 'Puerto Rico', 0, '2018-06-22 17:01:55', '2018-06-22 17:01:55', NULL),
(178, 'QA', 'Qatar', 0, '2018-06-22 17:01:55', '2018-06-22 17:01:55', NULL),
(179, 'RE', 'Reunion', 0, '2018-06-22 17:01:55', '2018-06-22 17:01:55', NULL),
(180, 'RO', 'Romania', 0, '2018-06-22 17:01:55', '2018-06-22 17:01:55', NULL),
(181, 'RU', 'Russia', 0, '2018-06-22 17:01:55', '2018-06-22 17:01:55', NULL),
(182, 'RW', 'Rwanda', 0, '2018-06-22 17:01:55', '2018-06-22 17:01:55', NULL),
(183, 'SH', 'Saint Helena', 0, '2018-06-22 17:01:55', '2018-06-22 17:01:55', NULL),
(184, 'KN', 'Saint Kitts And Nevis', 0, '2018-06-22 17:01:55', '2018-06-22 17:01:55', NULL),
(185, 'LC', 'Saint Lucia', 0, '2018-06-22 17:01:55', '2018-06-22 17:01:55', NULL),
(186, 'PM', 'Saint Pierre and Miquelon', 0, '2018-06-22 17:01:55', '2018-06-22 17:01:55', NULL),
(187, 'VC', 'Saint Vincent And The Grenadines', 0, '2018-06-22 17:01:55', '2018-06-22 17:01:55', NULL),
(188, 'WS', 'Samoa', 0, '2018-06-22 17:01:55', '2018-06-22 17:01:55', NULL),
(189, 'SM', 'San Marino', 0, '2018-06-22 17:01:55', '2018-06-22 17:01:55', NULL),
(190, 'ST', 'Sao Tome and Principe', 0, '2018-06-22 17:01:55', '2018-06-22 17:01:55', NULL),
(191, 'SA', 'Saudi Arabia', 0, '2018-06-22 17:01:55', '2018-06-22 17:01:55', NULL),
(192, 'SN', 'Senegal', 0, '2018-06-22 17:01:55', '2018-06-22 17:01:55', NULL),
(193, 'RS', 'Serbia', 0, '2018-06-22 17:01:55', '2018-06-22 17:01:55', NULL),
(194, 'SC', 'Seychelles', 0, '2018-06-22 17:01:55', '2018-06-22 17:01:55', NULL),
(195, 'SL', 'Sierra Leone', 0, '2018-06-22 17:01:55', '2018-06-22 17:01:55', NULL),
(196, 'SG', 'Singapore', 0, '2018-06-22 17:01:55', '2018-06-22 17:01:55', NULL),
(197, 'SK', 'Slovakia', 0, '2018-06-22 17:01:55', '2018-06-22 17:01:55', NULL),
(198, 'SI', 'Slovenia', 0, '2018-06-22 17:01:55', '2018-06-22 17:01:55', NULL),
(199, 'XG', 'Smaller Territories of the UK', 0, '2018-06-22 17:01:55', '2018-06-22 17:01:55', NULL),
(200, 'SB', 'Solomon Islands', 0, '2018-06-22 17:01:55', '2018-06-22 17:01:55', NULL),
(201, 'SO', 'Somalia', 0, '2018-06-22 17:01:55', '2018-06-22 17:01:55', NULL),
(202, 'ZA', 'South Africa', 0, '2018-06-22 17:01:55', '2018-06-22 17:01:55', NULL),
(203, 'GS', 'South Georgia', 0, '2018-06-22 17:01:55', '2018-06-22 17:01:55', NULL),
(204, 'SS', 'South Sudan', 0, '2018-06-22 17:01:55', '2018-06-22 17:01:55', NULL),
(205, 'ES', 'Spain', 0, '2018-06-22 17:01:55', '2018-06-22 17:01:55', NULL),
(206, 'LK', 'Sri Lanka', 0, '2018-06-22 17:01:55', '2018-06-22 17:01:55', NULL),
(207, 'SD', 'Sudan', 0, '2018-06-22 17:01:55', '2018-06-22 17:01:55', NULL),
(208, 'SR', 'Suriname', 0, '2018-06-22 17:01:55', '2018-06-22 17:01:55', NULL),
(209, 'SJ', 'Svalbard And Jan Mayen Islands', 0, '2018-06-22 17:01:55', '2018-06-22 17:01:55', NULL),
(210, 'SZ', 'Swaziland', 0, '2018-06-22 17:01:55', '2018-06-22 17:01:55', NULL),
(211, 'SE', 'Sweden', 0, '2018-06-22 17:01:55', '2018-06-22 17:01:55', NULL),
(212, 'CH', 'Switzerland', 0, '2018-06-22 17:01:55', '2018-06-22 17:01:55', NULL),
(213, 'SY', 'Syria', 0, '2018-06-22 17:01:55', '2018-06-22 17:01:55', NULL),
(214, 'TW', 'Taiwan', 0, '2018-06-22 17:01:55', '2018-06-22 17:01:55', NULL),
(215, 'TJ', 'Tajikistan', 0, '2018-06-22 17:01:55', '2018-06-22 17:01:55', NULL),
(216, 'TZ', 'Tanzania', 0, '2018-06-22 17:01:55', '2018-06-22 17:01:55', NULL),
(217, 'TH', 'Thailand', 0, '2018-06-22 17:01:55', '2018-06-22 17:01:55', NULL),
(218, 'TG', 'Togo', 0, '2018-06-22 17:01:55', '2018-06-22 17:01:55', NULL),
(219, 'TK', 'Tokelau', 0, '2018-06-22 17:01:55', '2018-06-22 17:01:55', NULL),
(220, 'TO', 'Tonga', 0, '2018-06-22 17:01:55', '2018-06-22 17:01:55', NULL),
(221, 'TT', 'Trinidad And Tobago', 0, '2018-06-22 17:01:55', '2018-06-22 17:01:55', NULL),
(222, 'TN', 'Tunisia', 0, '2018-06-22 17:01:55', '2018-06-22 17:01:55', NULL),
(223, 'TR', 'Turkey', 0, '2018-06-22 17:01:55', '2018-06-22 17:01:55', NULL),
(224, 'TM', 'Turkmenistan', 0, '2018-06-22 17:01:55', '2018-06-22 17:01:55', NULL),
(225, 'TC', 'Turks And Caicos Islands', 0, '2018-06-22 17:01:55', '2018-06-22 17:01:55', NULL),
(226, 'TV', 'Tuvalu', 0, '2018-06-22 17:01:55', '2018-06-22 17:01:55', NULL),
(227, 'UG', 'Uganda', 0, '2018-06-22 17:01:55', '2018-06-22 17:01:55', NULL),
(228, 'UA', 'Ukraine', 0, '2018-06-22 17:01:55', '2018-06-22 17:01:55', NULL),
(229, 'AE', 'United Arab Emirates', 0, '2018-06-22 17:01:55', '2018-06-22 17:01:55', NULL),
(230, 'GB', 'United Kingdom', 0, '2018-06-22 17:01:55', '2018-06-22 17:01:55', NULL),
(231, 'US', 'United States', 1, '2018-06-22 17:01:55', '2018-06-22 17:01:55', NULL),
(232, 'UM', 'United States Minor Outlying Islands', 0, '2018-06-22 17:01:55', '2018-06-22 17:01:55', NULL),
(233, 'UY', 'Uruguay', 0, '2018-06-22 17:01:55', '2018-06-22 17:01:55', NULL),
(234, 'UZ', 'Uzbekistan', 0, '2018-06-22 17:01:55', '2018-06-22 17:01:55', NULL),
(235, 'VU', 'Vanuatu', 0, '2018-06-22 17:01:55', '2018-06-22 17:01:55', NULL),
(236, 'VA', 'Vatican City State (Holy See)', 0, '2018-06-22 17:01:55', '2018-06-22 17:01:55', NULL),
(237, 'VE', 'Venezuela', 0, '2018-06-22 17:01:55', '2018-06-22 17:01:55', NULL),
(238, 'VN', 'Vietnam', 0, '2018-06-22 17:01:55', '2018-06-22 17:01:55', NULL),
(239, 'VG', 'Virgin Islands (British)', 0, '2018-06-22 17:01:55', '2018-06-22 17:01:55', NULL),
(240, 'VI', 'Virgin Islands (US)', 0, '2018-06-22 17:01:55', '2018-06-22 17:01:55', NULL),
(241, 'WF', 'Wallis And Futuna Islands', 0, '2018-06-22 17:01:55', '2018-06-22 17:01:55', NULL),
(242, 'EH', 'Western Sahara', 0, '2018-06-22 17:01:55', '2018-06-22 17:01:55', NULL),
(243, 'YE', 'Yemen', 0, '2018-06-22 17:01:55', '2018-06-22 17:01:55', NULL),
(244, 'YU', 'Yugoslavia', 0, '2018-06-22 17:01:55', '2018-06-22 17:01:55', NULL),
(245, 'ZM', 'Zambia', 0, '2018-06-22 17:01:55', '2018-06-22 17:01:55', NULL),
(246, 'ZW', 'Zimbabwe', 0, '2018-06-22 17:01:55', '2018-06-22 17:01:55', NULL);

-- --------------------------------------------------------

--
-- Table structure for table `home_page_sliders`
--

CREATE TABLE IF NOT EXISTS `home_page_sliders` (
  `id` int(10) unsigned NOT NULL AUTO_INCREMENT,
  `code` varchar(75) COLLATE utf8_unicode_ci NOT NULL,
  `name` varchar(75) COLLATE utf8_unicode_ci NOT NULL,
  `image` varchar(250) COLLATE utf8_unicode_ci NOT NULL,
  `description` text COLLATE utf8_unicode_ci NOT NULL,
  `is_active` tinyint(4) NOT NULL DEFAULT '1',
  `created_at` timestamp NULL DEFAULT NULL,
  `updated_at` timestamp NULL DEFAULT NULL,
  `deleted_at` timestamp NULL DEFAULT NULL,
  PRIMARY KEY (`id`)
) ENGINE=InnoDB  DEFAULT CHARSET=utf8 COLLATE=utf8_unicode_ci AUTO_INCREMENT=7 ;

--
-- Dumping data for table `home_page_sliders`
--

INSERT INTO `home_page_sliders` (`id`, `code`, `name`, `image`, `description`, `is_active`, `created_at`, `updated_at`, `deleted_at`) VALUES
(1, '', 'Homepage', 'public/uploads/home_page_slider_images/homepage-slider-01-1563405154.jpg', '', 1, '2019-02-06 16:08:20', '2021-09-06 21:08:53', NULL),
(2, '', 'Real Estate Photography 2', 'public/uploads/home_page_slider_images/apartment-architecture-art-276724-1552001433.jpg', 'Lorem ipsum dolor sit amet, consectetuer adipiscing elit. Aenean commodo ligula eget dolor. Aenean massa.', 1, '2019-02-06 16:10:42', '2019-07-17 16:34:59', '2019-07-17 16:34:59'),
(3, '', 'banner 3', 'public/uploads/home_page_slider_images/interior_design_style_design_home_villa_living_room_68248_1920x1080-1552001400.jpg', '', 1, '2019-03-07 15:30:00', '2019-07-17 16:35:02', '2019-07-17 16:35:02'),
(4, '', 'TEST', 'public/uploads/home_page_slider_images/Our-Story-01-1563407522-1568441736.jpg', 'ASRSAR', 0, '2019-09-13 23:15:36', '2019-09-13 23:17:14', '2019-09-13 23:17:14'),
(5, '', 'Second Slide', 'public/uploads/home_page_slider_images/animals-02-hp-1568669066.jpg', 'This is a test THis s a link', 1, '2019-09-16 14:24:26', '2019-09-16 14:26:16', '2019-09-16 14:26:16'),
(6, '', '2', 'public/uploads/home_page_slider_images/WilshireBoulevard-1568703353.jpg', 'test', 0, '2019-09-16 23:55:53', '2019-09-16 23:57:08', '2019-09-16 23:57:08');

-- --------------------------------------------------------

--
-- Table structure for table `migrations`
--

CREATE TABLE IF NOT EXISTS `migrations` (
  `id` int(10) unsigned NOT NULL AUTO_INCREMENT,
  `migration` varchar(255) COLLATE utf8_unicode_ci NOT NULL,
  `batch` int(11) NOT NULL,
  PRIMARY KEY (`id`)
) ENGINE=InnoDB  DEFAULT CHARSET=utf8 COLLATE=utf8_unicode_ci AUTO_INCREMENT=1479 ;

--
-- Dumping data for table `migrations`
--

INSERT INTO `migrations` (`id`, `migration`, `batch`) VALUES
(1451, '2014_10_12_000000_create_users_table', 1),
(1452, '2014_10_12_100000_create_password_resets_table', 1),
(1453, '2018_02_21_122518_create_permission_tables', 1),
(1454, '2018_02_21_123927_create_appointment_attachments_table', 1),
(1455, '2018_02_21_123927_create_appointments_table', 1),
(1456, '2018_02_21_123927_create_cities_table', 1),
(1457, '2018_02_21_123927_create_contacts_table', 1),
(1458, '2018_02_21_123927_create_countries_table', 1),
(1459, '2018_02_21_123927_create_home_page_sliders_table', 1),
(1460, '2018_02_21_123927_create_page_sections_table', 1),
(1461, '2018_02_21_123927_create_page_types_table', 1),
(1462, '2018_02_21_123927_create_pages_table', 1),
(1463, '2018_02_21_123927_create_permission_groups_table', 1),
(1464, '2018_02_21_123927_create_posts_table', 1),
(1465, '2018_02_21_123927_create_product_categories_matrix_table', 1),
(1466, '2018_02_21_123927_create_product_categories_table', 1),
(1467, '2018_02_21_123927_create_product_category_images_table', 1),
(1468, '2018_02_21_123927_create_product_images_table', 1),
(1469, '2018_02_21_123927_create_products_table', 1),
(1470, '2018_02_21_123927_create_project_images_table', 1),
(1471, '2018_02_21_123927_create_project_videos_table', 1),
(1472, '2018_02_21_123927_create_projects_table', 1),
(1473, '2018_02_21_123927_create_seo_metas_table', 1),
(1474, '2018_02_21_123927_create_states_table', 1),
(1475, '2018_02_21_123927_create_subscriptions_table', 1),
(1476, '2018_02_21_123927_create_system_settings_table', 1),
(1477, '2018_02_21_123927_create_user_address_details_table', 1),
(1478, '2018_02_21_123927_create_webhook_logs_table', 1);

-- --------------------------------------------------------

--
-- Table structure for table `pages`
--

CREATE TABLE IF NOT EXISTS `pages` (
  `id` int(10) unsigned NOT NULL AUTO_INCREMENT,
  `name` varchar(75) COLLATE utf8_unicode_ci NOT NULL,
  `slug` varchar(75) COLLATE utf8_unicode_ci NOT NULL,
  `content` text COLLATE utf8_unicode_ci NOT NULL,
  `banner_description` text COLLATE utf8_unicode_ci NOT NULL,
  `banner_image` varchar(255) COLLATE utf8_unicode_ci NOT NULL,
  `is_active` tinyint(4) NOT NULL DEFAULT '1',
  `seo_meta_id` int(11) NOT NULL,
  `page_type_id` int(11) NOT NULL,
  `created_at` timestamp NULL DEFAULT NULL,
  `updated_at` timestamp NULL DEFAULT NULL,
  `deleted_at` timestamp NULL DEFAULT NULL,
  PRIMARY KEY (`id`)
) ENGINE=InnoDB  DEFAULT CHARSET=utf8 COLLATE=utf8_unicode_ci AUTO_INCREMENT=24 ;

--
-- Dumping data for table `pages`
--

INSERT INTO `pages` (`id`, `name`, `slug`, `content`, `banner_description`, `banner_image`, `is_active`, `seo_meta_id`, `page_type_id`, `created_at`, `updated_at`, `deleted_at`) VALUES
(1, 'Home', 'home', '', '', '', 1, 1, 1, '2019-01-24 20:31:45', '2019-01-24 20:31:45', NULL),
(2, 'About Us', 'about-us', '', '', 'public/uploads/banner_images/sub-banner.jpg', 1, 2, 2, '2019-01-24 20:31:45', '2019-01-24 20:31:45', '2019-01-24 20:31:45'),
(3, 'Contact Us', 'contact-us', '', '', 'public/uploads/banner_images/Contact-Us-01-1563407613.jpg', 1, 3, 3, '2019-01-24 20:31:45', '2019-07-17 16:53:33', NULL),
(4, 'Page Not Found', '404', '', '', 'public/uploads/banner_images/sub-banner.jpg', 1, 4, 2, '2019-01-24 20:31:45', '2019-01-24 20:31:45', '2019-01-24 20:31:45'),
(5, 'Services', 'services', '', '', 'public/uploads/banner_images/services-01-1563407301.jpg', 1, 5, 2, '2019-01-24 22:12:19', '2019-07-17 16:48:22', NULL),
(6, 'our-history', 'our-history', '', '', 'public/uploads/banner_images/Our-Story-01-1563407522-1568435125.jpg', 1, 6, 0, '2019-01-25 15:13:30', '2019-09-13 21:25:25', NULL),
(7, 'projects', 'projects', '', '', 'public/uploads/banner_images/projects-01-1563407495.jpg', 1, 7, 0, '2019-01-29 07:06:24', '2019-07-17 16:51:35', NULL),
(8, 'Login', 'customer/login', '', '', 'public/uploads/banner_images/login-register-01-1563472778.jpg', 1, 11, 0, '2019-02-08 18:38:34', '2019-07-18 10:59:38', NULL),
(9, 'Register', 'customer/register', '', '', 'public/uploads/banner_images/login-register-01-1563472797.jpg', 1, 12, 0, '2019-02-08 18:38:45', '2019-07-18 10:59:57', NULL),
(10, 'Forgot Password', 'customer/password/email', '', '', 'public/uploads/banner_images/sub-banner.jpg', 1, 13, 0, '2019-02-08 18:39:02', '2019-02-08 18:39:02', NULL),
(11, 'Reset Password', 'customer/password/reset', '', '', 'public/uploads/banner_images/sub-banner.jpg', 1, 14, 0, '2019-02-08 18:39:23', '2019-02-08 18:39:23', NULL),
(12, 'Dashboard', 'customer/dashboard', '', '', 'public/uploads/banner_images/sub-banner.jpg', 1, 15, 0, '2019-02-08 18:39:23', '2019-02-08 18:39:23', NULL),
(13, 'Schedule Now', 'schedule-now', '', '', 'public/uploads/banner_images/schedule-01-1563407851.jpg', 1, 16, 0, '2019-02-22 16:10:51', '2019-07-17 16:57:31', NULL),
(14, 'Privacy Policy', 'privacy-policy', '', '', 'public/uploads/banner_images/backyard-house-lights-1552325888.jpg', 1, 17, 0, '2019-02-22 16:15:47', '2019-03-11 10:39:19', NULL),
(15, 'order-details1', 'order-details1', '', '<p>test</p>\n', '', 1, 28, 0, '2019-03-11 21:50:52', '2019-03-11 21:50:52', '2019-03-11 10:39:19'),
(16, 'Search', 'search', '', '', 'public/uploads/banner_images/sub-banner-projects-1553045676.jpg', 1, 29, 0, '2019-03-19 18:34:36', '2019-03-19 18:34:37', NULL),
(17, 'Tour Preview', 'tour_preview', '', '', 'public/uploads/banner_images/sub-banner-projects-1553045676.jpg', 1, 0, 0, '2019-03-19 18:34:36', '2019-03-19 18:34:37', NULL),
(18, 'test page', 'test-page', '<p>test lorem</p>\n', '<p>test banner</p>\n', 'public/uploads/banner_images/Our-Story-01-1563407522-1568439867.jpg', 1, 32, 0, '2019-09-13 22:44:27', '2019-09-13 22:46:44', '2019-09-13 22:46:44'),
(19, 'testing', 'testing', '<p>lorem ipsum dolor kismet&nbsp;lorem ipsum dolor kismetlorem ipsum dolor kismetlorem ipsum dolor kismetlorem ipsum dolor kismet</p>\n', '<p>lorem ipsum dolor kismet&nbsp;lorem ipsum dolor kismetlorem ipsum dolor kismetlorem ipsum dolor kismetlorem ipsum dolor kismet</p>\n', 'public/uploads/banner_images/Our-Story-01-1563407522-1568440098.jpg', 1, 33, 0, '2019-09-13 22:48:18', '2019-09-13 22:50:15', '2019-09-13 22:50:15'),
(20, 'QATest', 'testing123', '<p>this is a test</p>\r\n', '<p>this is a test</p>\r\n', '', 1, 37, 0, '2021-08-24 16:57:15', '2021-09-03 16:12:50', '2021-09-03 16:12:50'),
(21, 'asd', 'asd', '', '', '', 1, 39, 0, '2021-09-03 15:23:37', '2021-09-03 16:12:48', '2021-09-03 16:12:48'),
(22, 'asddasd', 'asdasdas', '<p>asdf</p>\r\n', '<p>sdf</p>\r\n', 'public/uploads/banner_images/RELATEDP-1630710743.jpg', 1, 40, 0, '2021-09-03 15:23:55', '2021-09-03 16:12:44', '2021-09-03 16:12:44'),
(23, 'asdqq', 'qweqwea', '', '', 'public/uploads/banner_images/RELATEDP-1630710784.jpg', 1, 41, 0, '2021-09-03 16:13:04', '2021-09-03 16:13:16', '2021-09-03 16:13:16');

-- --------------------------------------------------------

--
-- Table structure for table `page_sections`
--

CREATE TABLE IF NOT EXISTS `page_sections` (
  `id` int(10) unsigned NOT NULL AUTO_INCREMENT,
  `page_id` int(11) NOT NULL,
  `section` varchar(255) COLLATE utf8_unicode_ci NOT NULL,
  `content` text COLLATE utf8_unicode_ci NOT NULL,
  `type` varchar(255) COLLATE utf8_unicode_ci NOT NULL COMMENT 'input, textarea, file, ckeditor',
  `created_at` timestamp NULL DEFAULT NULL,
  `updated_at` timestamp NULL DEFAULT NULL,
  `deleted_at` timestamp NULL DEFAULT NULL,
  PRIMARY KEY (`id`)
) ENGINE=InnoDB  DEFAULT CHARSET=utf8 COLLATE=utf8_unicode_ci AUTO_INCREMENT=18 ;

--
-- Dumping data for table `page_sections`
--

INSERT INTO `page_sections` (`id`, `page_id`, `section`, `content`, `type`, `created_at`, `updated_at`, `deleted_at`) VALUES
(1, 1, 'home_section_2_left_content', '<div class="article-main padding-right20">\r\n<div class="article-main__wrapper">\r\n<div class="article-main__label">Who we are</div>\r\n\r\n<h2>Beautiful Photos &amp; Dedicated Service</h2>\r\n<strong>Ease of scheduling, prompt arrival to appointments and product delivered.</strong></div>\r\n</div>\r\n', 'ckeditor', '2019-02-09 09:09:39', '2021-02-17 16:05:52', NULL),
(2, 1, 'home_section_2_video_link', '<iframe width="460" height="260" src="https://www.youtube.com/embed/M7lc1UVf-VE" frameborder="0" allow="accelerometer; autoplay; encrypted-media; gyroscope; picture-in-picture" allowfullscreen></iframe>', 'textarea', '2019-02-09 09:09:39', '2021-02-17 16:28:00', NULL),
(3, 1, 'home_section_2_video_image_thumbnail', 'public/uploads/video.jpg', 'file', '2019-02-09 09:09:39', '2019-02-27 21:19:05', '2019-09-18 18:20:11'),
(4, 1, 'home_section_2_video_label', 'Featured Video: What We Offer', 'input', '2019-02-09 09:09:39', '2019-08-01 13:54:22', NULL),
(5, 1, 'home_section_2_video_button_label', 'VIEW FULL LIST OF SERVICES', 'input', '2019-02-09 09:09:39', '2019-02-27 21:19:05', NULL),
(6, 1, 'home_section_2_video_button_link', 'http://44.238.169.246/imagemasters/services', 'input', '2019-02-09 09:09:39', '2021-09-09 14:12:49', NULL),
(7, 1, 'home_section_3_title', '<div class="heading-primary text-center">\r\n<h2>Featured Projects</h2>\r\n\r\n<p>We have formed strong relationships with industry leaders, &nbsp;affiliated organizations like Union Tribune and all local Realtor Associations.</p>\r\n</div>\r\n', 'ckeditor', '2019-02-09 09:09:39', '2021-02-17 16:05:52', NULL),
(8, 1, 'home_section_4', '<div class="hightlight__wrapper hightlight__middle">\r\n<div class="hightlight__item hightlight__item--left">\r\n<div class="hightlight__item--image">\r\n<div class="hightlight__item--image__holder"><img src="http://54.68.88.28/imagemasters/public/uploads/ckeditor/5d2faec18e0d11563406017.jpg" style="width: 942px; height: 655px;" /></div>\r\n</div>\r\n</div>\r\n\r\n<div class="hightlight__item hightlight__item--right">\r\n<div class="article-main padding-right30">\r\n<div class="article-main__wrapper">\r\n<div class="article-main__label">Services We Provide</div>\r\n\r\n<h2>QUALITY<br />\r\nIS IN THE<br />\r\nDETAILS</h2>\r\n<strong>With an increasing number of photographers entering the industry, competition is fierce. Image Masters has worked with thousands of real estate professionals, we know what is needed to produce high quality and at affordable prices because of our volume.</strong> <a class="btn primary-btn margin-top35" href="http://54.68.88.28/imagemasters/services"> View Services &amp; Pricing </a></div>\r\n</div>\r\n</div>\r\n</div>\r\n', 'ckeditor', '2019-02-09 09:09:39', '2021-02-17 16:05:52', NULL),
(9, 3, 'contact_form_title', '<p>Kindly provide details below and we will promptly respond</p>\r\n', 'ckeditor', '2019-02-09 09:09:39', '2019-10-01 19:29:40', NULL),
(10, 3, 'content', '<div class="article-main padding-right20">\r\n<div class="article-main__wrapper">\r\n<div class="article-main__label">GET IN TOUCH</div>\r\n\n<h2>WE would love to hear from you</h2>\r\n\n<ul class="contact-list">\r\n<li><strong>phone:</strong> 619-464-0656</li>\r\n<li><strong>EMAIL : </strong> cynthia@imagemastersusa.com</li>\r\n<li><strong>Serving The Following Areas: </strong> <span>San Diego County</span> <span>Temecula Region</span> <span>Los Angeles/Orange County for Commercial Projects</span></li>\r\n<li><a class="btn btn--primary" href="http://54.68.88.28/imagemasters/public/uploads/ckeditor/5d8002522ba941568670290.jpg">Download Blank Form</a></li>\r\n</ul>\r\n</div>\r\n</div>\r\n', 'ckeditor', '2019-02-09 09:09:39', '2019-10-01 19:29:40', NULL),
(11, 5, 'content', '<div class="row">\n<div class="col-md-6 feature-main__item feature-main__item--label">\n<div class="article-main padding-right20">\n<div class="article-main__wrapper">\n<div class="article-main__label">What we offer</div>\n\n<h2>High quality, low cost</h2>\n<strong>We provide real estate photography and video products starting at just $129 including daytime, twilight/sunset, premium luxury, aerial/drone, 360 tours and agent headshots.</strong></div>\n</div>\n</div>\n\n<div class="col-md-6 feature-main__item feature-main__item--label">\n<div class="{{--article-main padding-right20--}}">\n<div class="article-main__wrapper">\n<p>Because of our high volume, we can often accommodate same-day photo appointment requests and rush turnaround when you need those images quickly (extra cost for same- day rush).</p>\n\n<p>We also offer commercial photography for businesses, rental communities, retail and hospitality</p>\n\n<p>All levels of product for your marketing needs</p>\n</div>\n</div>\n</div>\n</div>\n', 'ckeditor', '2019-02-09 09:09:39', '2019-07-12 11:05:14', NULL),
(12, 6, 'video_vimeo_link', 'https://vimeo.com/229490822', 'textarea', '2019-02-09 09:09:39', '2019-03-07 15:44:04', '2019-09-13 17:31:36'),
(13, 6, 'left_image', 'public/uploads/page_section_images/Our-Story-body0image-01-156347-1568435125.jpg', 'file', '2019-02-09 09:09:39', '2019-09-13 21:25:25', NULL),
(14, 6, 'right_content', '<div class="article-main padding-right25">\n<div class="article-main__wrapper font-third">\n<div class="article-main__label">philosophy</div>\n\n<h2>ESTABLISHED<br />\nIN 1991</h2>\n<strong>IMAGE MASTERS IS ONE OF THE LARGEST REAL ESTATE PHOTOGRAPHY COMPANIES IN SAN DIEGO.</strong>\n\n<p>Established in 1991, Image Masters is a talented crew of artists and San Diego County''s original real estate photography company...... providing images for over 100,000 homes.</p>\n\n<p>Beautiful photos inevitably come from fine craftsmanship. We’ve poured years of cultivation into our art so that you can experience quality images and video. Most of our staff has been with us for years and our teamwork is evident in all stages of the process.</p>\n\n<p>Our approach has always been reliable and honest service. We are fortunate to have formed strong relationships with industry leaders, affiliated organizations like Union Tribune and most local real estate brokerages, which has only sustained our commitment. We stand by our work.</p>\n\n<p>Although the company has grown in size it remains a very hands- on labor of love for owner, Cynthia Hays. She is directly involved in much of the daily business operations. “We never want to get to a point where we aren’t in touch with the things that made us want to do this in the first place”. Her fascination with how people interact with architecture and that an artfully captured photo can leave them wanting more inspires the subtle details in how Image Masters produces their work.</p>\n\n<p>We love what we do.</p>\n<a class="btn primary-btn margin-top35" href="http://54.68.88.28/imagemasters/services"> View Services &amp; Pricing </a></div>\n</div>\n', 'ckeditor', '2019-02-09 09:09:39', '2019-09-16 14:40:18', NULL),
(15, 13, 'acuity_scheduling_link', '<iframe frameborder="0" height="800" src="https://app.acuityscheduling.com/schedule.php?owner=15118665" width="100%"></iframe><script src="https://d3gxy7nm8y4yjr.cloudfront.net/js/embed.js" type="text/javascript"></script>', 'textarea', '2019-02-09 09:09:39', '2019-03-07 15:44:04', NULL),
(16, 14, 'content', '<p>&nbsp;</p><p>Lorem ipsum dolor sit amet, vitae conceptam honestatis vis eu, ex qui atqui molestie consequuntur, ubique dolorum ancillae te eum. Id veri assum similique per, et qui iusto volumus alienum, his ex sumo tibique mandamus. An laoreet impedit facilis quo, quis esse praesent quo ut. Regione legendos in usu, minimum verterem ut pro, in sed prima essent.</p><p>Verterem vituperata complectitur an vix, ad summo habemus pertinacia has, adhuc graeci vim in. Te lorem appareat laboramus ius, mei animal feugait ea, ea tincidunt instructior mel. Ne lobortis nominati delicatissimi his. Ei deserunt dissentiet eos. Ex abhorreant incorrupte eos, malis zril legere his ea, no accusam insolens eam.</p><p>Pro tale minimum lobortis in, usu ut vero expetendis instructior. Verear facilisi sed ad. Veritus efficiendi disputando vis an. Cu atqui eloquentiam has, nam an idque forensibus.</p><p>Cum dicam corpora consetetur ei. Eleifend suavitate iudicabit id eum. Pri stet mutat interesset et, oporteat maluisset definiebas sed in. Et habeo deserunt philosophia pro, eam ne option commune.</p><p>Et denique salutatus ius, sed ut commodo verterem ullamcorper. Sensibus perpetua ius eu. Ornatus antiopam no nec. Pri ex legendos pertinax accusamus, nulla viris scaevola vel an, eu per posse essent similique. Vel cu nominavi adipiscing, dicam fabellas est an, cu perfecto tacimates democritum eos. Soluta dissentias est eu, mel lorem quaerendum an.</p><p>No utinam efficiantur his. Tota tractatos moderatius ut mel. Nibh veri ancillae duo cu. Eu cum aeterno postulant vulputate, nec doming sapientem id, legere iriure detraxit ex vim. Vis id labitur euripidis, vix postulant corrumpit et, copiosae senserit cum eu.</p><p>Scaevola honestatis nec et. Cu causae vivendum deterruisset eam, et nam vero feugait, his aliquip eleifend eu. Esse apeirian te vel, ut option philosophia nam. An vis voluptua definiebas, quod labore ex sea, no usu menandri persequeris. Has ei legimus ocurreret, sit et sensibus consequat efficiantur, eu pri exerci labitur. Eum in vide sale signiferumque.</p><p>Menandri urbanitas ei usu. Atomorum imperdiet forensibus vix et. Habeo nulla nec ea. Dissentias deterruisset at mel, sit in error torquatos. Nec ad cibo malis recusabo. Nominati antiopam ne mel, duis putant labitur usu an, labitur omittam commune has cu.</p><p>Pro iusto legere omnium at, detracto ocurreret sit ex, id eum omittam tractatos. Ius an pertinax erroribus corrumpit, debet inermis scribentur eu mel. Eu nostrud elaboraret est. Ut facer conceptam disputationi per, modo molestie efficiendi et sed. Vix et nonumes volutpat facilisis, ne cum idque copiosae. Sea at causae vidisse, eam at dolore latine alterum.</p><p>Cum an vocent eruditi sensibus, nam an putent habemus. Quis omnesque expetendis in pro, eum omnesque verterem salutandi eu. Delectus urbanitas cum an, cu eum quis cetero similique. Quas partem vim in.</p><p>Vel ut option sadipscing. Modus facete est cu, vel oporteat sententiae ut, eu utinam appellantur eum. Est aperiam sanctus ut, te posse tantas vim, ad omittam intellegebat ius. Hinc iuvaret forensibus mel id. Ne nostrum accusamus democritum vim, vis ex elitr nullam perfecto. Tamquam moderatius ad pro, harum appareat usu cu. Esse omnium vituperata no has.</p>', 'ckeditor', '2019-02-09 09:09:39', '2019-03-07 15:44:04', NULL),
(17, 12, 'dashboard_support_content', '<div class="article-main"><ul class="contact-list"><li><strong>phone:</strong> 619-464-0656</li><li><strong>EMAIL : </strong> cynthia@imagemastersusa.com</li><li><strong>Serving The Following Areas: </strong> <span>San Diego</span> <span>Los Angelas</span> <span>Ramona</span> <span>Escondido</span></li></ul></div>', 'ckeditor', '2019-02-09 09:09:39', '2019-03-07 15:44:04', NULL);

-- --------------------------------------------------------

--
-- Table structure for table `page_types`
--

CREATE TABLE IF NOT EXISTS `page_types` (
  `id` int(10) unsigned NOT NULL AUTO_INCREMENT,
  `name` varchar(75) COLLATE utf8_unicode_ci NOT NULL,
  `created_at` timestamp NULL DEFAULT NULL,
  `updated_at` timestamp NULL DEFAULT NULL,
  `deleted_at` timestamp NULL DEFAULT NULL,
  PRIMARY KEY (`id`)
) ENGINE=InnoDB  DEFAULT CHARSET=utf8 COLLATE=utf8_unicode_ci AUTO_INCREMENT=4 ;

--
-- Dumping data for table `page_types`
--

INSERT INTO `page_types` (`id`, `name`, `created_at`, `updated_at`, `deleted_at`) VALUES
(1, 'Home', NULL, NULL, NULL),
(2, 'Page', NULL, NULL, NULL),
(3, 'Contact', NULL, NULL, NULL);

-- --------------------------------------------------------

--
-- Table structure for table `password_resets`
--

CREATE TABLE IF NOT EXISTS `password_resets` (
  `email` varchar(255) COLLATE utf8_unicode_ci NOT NULL,
  `token` varchar(255) COLLATE utf8_unicode_ci NOT NULL,
  `created_at` timestamp NULL DEFAULT NULL,
  KEY `password_resets_email_index` (`email`),
  KEY `password_resets_token_index` (`token`)
) ENGINE=InnoDB DEFAULT CHARSET=utf8 COLLATE=utf8_unicode_ci;

--
-- Dumping data for table `password_resets`
--

INSERT INTO `password_resets` (`email`, `token`, `created_at`) VALUES
('officeassist+200@dogandrooster.com', '$2y$10$gErLF5Neg4X3dbfrRtg/luosTxL45JR9ivnsuu9kcvCd3QXLukQTa', '2019-10-01 18:55:35');

-- --------------------------------------------------------

--
-- Table structure for table `permissions`
--

CREATE TABLE IF NOT EXISTS `permissions` (
  `id` int(10) unsigned NOT NULL AUTO_INCREMENT,
  `name` varchar(255) COLLATE utf8_unicode_ci NOT NULL,
  `permission_group_id` int(11) NOT NULL,
  `created_at` timestamp NULL DEFAULT NULL,
  `updated_at` timestamp NULL DEFAULT NULL,
  PRIMARY KEY (`id`),
  UNIQUE KEY `permissions_name_unique` (`name`)
) ENGINE=InnoDB  DEFAULT CHARSET=utf8 COLLATE=utf8_unicode_ci AUTO_INCREMENT=47 ;

--
-- Dumping data for table `permissions`
--

INSERT INTO `permissions` (`id`, `name`, `permission_group_id`, `created_at`, `updated_at`) VALUES
(1, 'Create Role', 1, '2019-02-18 22:11:00', '2019-02-18 22:11:00'),
(2, 'Read Role', 1, '2019-02-18 22:11:00', '2019-02-18 22:11:00'),
(3, 'Update Role', 1, '2019-02-18 22:11:00', '2019-02-18 22:11:00'),
(4, 'Delete Role', 1, '2019-02-18 22:11:00', '2019-02-18 22:11:00'),
(5, 'Create Permission', 2, '2019-02-18 22:11:00', '2019-02-18 22:11:00'),
(6, 'Read Permission', 2, '2019-02-18 22:11:00', '2019-02-18 22:11:00'),
(7, 'Update Permission', 2, '2019-02-18 22:11:00', '2019-02-18 22:11:00'),
(8, 'Delete Permission', 2, '2019-02-18 22:11:00', '2019-02-18 22:11:00'),
(9, 'Create Permission Group', 3, '2019-02-18 22:11:00', '2019-02-18 22:11:00'),
(10, 'Read Permission Group', 3, '2019-02-18 22:11:00', '2019-02-18 22:11:00'),
(11, 'Update Permission Group', 3, '2019-02-18 22:11:00', '2019-02-18 22:11:00'),
(12, 'Delete Permission Group', 3, '2019-02-18 22:11:00', '2019-02-18 22:11:00'),
(13, 'Create User', 4, '2019-02-18 22:11:00', '2019-02-18 22:11:00'),
(14, 'Read User', 4, '2019-02-18 22:11:00', '2019-02-18 22:11:00'),
(15, 'Update User', 4, '2019-02-18 22:11:00', '2019-02-18 22:11:00'),
(16, 'Delete User', 4, '2019-02-18 22:11:00', '2019-02-18 22:11:00'),
(17, 'Create System Setting', 5, '2019-02-18 22:11:00', '2019-02-18 22:11:00'),
(18, 'Read System Setting', 5, '2019-02-18 22:11:00', '2019-02-18 22:11:00'),
(19, 'Update System Setting', 5, '2019-02-18 22:11:00', '2019-02-18 22:11:00'),
(20, 'Delete System Setting', 5, '2019-02-18 22:11:00', '2019-02-18 22:11:00'),
(21, 'Create Page', 6, '2019-02-18 22:11:00', '2019-02-18 22:11:00'),
(22, 'Read Page', 6, '2019-02-18 22:11:00', '2019-02-18 22:11:00'),
(23, 'Update Page', 6, '2019-02-18 22:11:00', '2019-02-18 22:11:00'),
(24, 'Delete Page', 6, '2019-02-18 22:11:00', '2019-02-18 22:11:00'),
(25, 'Create Post', 7, '2019-02-18 22:11:00', '2019-02-18 22:11:00'),
(26, 'Read Post', 7, '2019-02-18 22:11:00', '2019-02-18 22:11:00'),
(27, 'Update Post', 7, '2019-02-18 22:11:00', '2019-02-18 22:11:00'),
(28, 'Delete Post', 7, '2019-02-18 22:11:00', '2019-02-18 22:11:00'),
(29, 'Create Product Category', 8, '2019-02-18 22:11:00', '2019-02-18 22:11:00'),
(30, 'Read Product Category', 8, '2019-02-18 22:11:00', '2019-02-18 22:11:00'),
(31, 'Update Product Category', 8, '2019-02-18 22:11:00', '2019-02-18 22:11:00'),
(32, 'Delete Product Category', 8, '2019-02-18 22:11:00', '2019-02-18 22:11:00'),
(33, 'Create Product', 9, '2019-02-18 22:11:00', '2019-02-18 22:11:00'),
(34, 'Read Product', 9, '2019-02-18 22:11:00', '2019-02-18 22:11:00'),
(35, 'Update Product', 9, '2019-02-18 22:11:00', '2019-02-18 22:11:00'),
(36, 'Delete Product', 9, '2019-02-18 22:11:00', '2019-02-18 22:11:00'),
(37, 'Create Project', 10, '2019-02-18 22:11:00', '2019-02-18 22:11:00'),
(38, 'Read Project', 10, '2019-02-18 22:11:00', '2019-02-18 22:11:00'),
(39, 'Update Project', 10, '2019-02-18 22:11:00', '2019-02-18 22:11:00'),
(40, 'Delete Project', 10, '2019-02-18 22:11:00', '2019-02-18 22:11:00'),
(41, 'Read Contact', 11, '2019-02-18 22:11:00', '2019-02-18 22:11:00'),
(42, 'Read Subscription', 12, '2019-02-18 22:11:00', '2019-02-18 22:11:00'),
(43, 'Create Home Page Slider', 13, '2019-02-18 22:11:00', '2019-02-18 22:11:00'),
(44, 'Read Home Page Slider', 13, '2019-02-18 22:11:00', '2019-02-18 22:11:00'),
(45, 'Update Home Page Slider', 13, '2019-02-18 22:11:00', '2019-02-18 22:11:00'),
(46, 'Delete Home Page Slider', 13, '2019-02-18 22:11:00', '2019-02-18 22:11:00');

-- --------------------------------------------------------

--
-- Table structure for table `permission_groups`
--

CREATE TABLE IF NOT EXISTS `permission_groups` (
  `id` int(10) unsigned NOT NULL AUTO_INCREMENT,
  `name` varchar(255) COLLATE utf8_unicode_ci NOT NULL,
  `created_at` timestamp NULL DEFAULT NULL,
  `updated_at` timestamp NULL DEFAULT NULL,
  `deleted_at` timestamp NULL DEFAULT NULL,
  PRIMARY KEY (`id`)
) ENGINE=InnoDB  DEFAULT CHARSET=utf8 COLLATE=utf8_unicode_ci AUTO_INCREMENT=14 ;

--
-- Dumping data for table `permission_groups`
--

INSERT INTO `permission_groups` (`id`, `name`, `created_at`, `updated_at`, `deleted_at`) VALUES
(1, 'Roles', '2019-02-18 22:11:00', '2019-02-18 22:11:00', NULL),
(2, 'Permissions', '2019-02-18 22:11:00', '2019-02-18 22:11:00', NULL),
(3, 'Permission Groups', '2019-02-18 22:11:00', '2019-02-18 22:11:00', NULL),
(4, 'Users', '2019-02-18 22:11:00', '2019-02-18 22:11:00', NULL),
(5, 'System Settings', '2019-02-18 22:11:00', '2019-02-18 22:11:00', NULL),
(6, 'Pages', '2019-02-18 22:11:00', '2019-02-18 22:11:00', NULL),
(7, 'Posts', '2019-02-18 22:11:00', '2019-02-18 22:11:00', NULL),
(8, 'Product Categories', '2019-02-18 22:11:00', '2019-02-18 22:11:00', NULL),
(9, 'Products', '2019-02-18 22:11:00', '2019-02-18 22:11:00', NULL),
(10, 'Projects', '2019-02-18 22:11:00', '2019-02-18 22:11:00', NULL),
(11, 'Contacts', '2019-02-18 22:11:00', '2019-02-18 22:11:00', NULL),
(12, 'Subscriptions', '2019-02-18 22:11:00', '2019-02-18 22:11:00', NULL),
(13, 'Home Page Sliders', '2019-02-18 22:11:00', '2019-02-18 22:11:00', NULL);

-- --------------------------------------------------------

--
-- Table structure for table `posts`
--

CREATE TABLE IF NOT EXISTS `posts` (
  `id` int(10) unsigned NOT NULL AUTO_INCREMENT,
  `title` varchar(255) COLLATE utf8_unicode_ci NOT NULL,
  `body` text COLLATE utf8_unicode_ci NOT NULL,
  `created_at` timestamp NULL DEFAULT NULL,
  `updated_at` timestamp NULL DEFAULT NULL,
  `deleted_at` timestamp NULL DEFAULT NULL,
  PRIMARY KEY (`id`)
) ENGINE=InnoDB DEFAULT CHARSET=utf8 COLLATE=utf8_unicode_ci AUTO_INCREMENT=1 ;

-- --------------------------------------------------------

--
-- Table structure for table `products`
--

CREATE TABLE IF NOT EXISTS `products` (
  `id` int(10) unsigned NOT NULL AUTO_INCREMENT,
  `code` varchar(75) COLLATE utf8_unicode_ci NOT NULL,
  `name` varchar(75) COLLATE utf8_unicode_ci NOT NULL,
  `slug` varchar(75) COLLATE utf8_unicode_ci NOT NULL,
  `description` text COLLATE utf8_unicode_ci NOT NULL,
  `banner_image` varchar(255) COLLATE utf8_unicode_ci NOT NULL,
  `overview_image` varchar(255) COLLATE utf8_unicode_ci NOT NULL,
  `pricing_content` text COLLATE utf8_unicode_ci NOT NULL,
  `acuity_scheduling_link` text COLLATE utf8_unicode_ci NOT NULL,
  `seo_meta_id` int(11) NOT NULL,
  `project_id` int(11) NOT NULL,
  `is_active` tinyint(4) NOT NULL DEFAULT '1',
  `created_at` timestamp NULL DEFAULT NULL,
  `updated_at` timestamp NULL DEFAULT NULL,
  `deleted_at` timestamp NULL DEFAULT NULL,
  PRIMARY KEY (`id`)
) ENGINE=InnoDB  DEFAULT CHARSET=utf8 COLLATE=utf8_unicode_ci AUTO_INCREMENT=13 ;

--
-- Dumping data for table `products`
--

INSERT INTO `products` (`id`, `code`, `name`, `slug`, `description`, `banner_image`, `overview_image`, `pricing_content`, `acuity_scheduling_link`, `seo_meta_id`, `project_id`, `is_active`, `created_at`, `updated_at`, `deleted_at`) VALUES
(1, 'dtph', 'Daytime Photography', 'daytime-photography', '<div class="single-heading">\n<h4>DAYTIME PHOTOGRAPHY</h4>\n</div>\n\n<p>Photographer arrives during regular daylight hours and captures multiple photos of interiors and exteriors, we bring lighting to make sure the best features are well represented. If property is a condo/part of community with onsite amenities we usually include many photos of those features at no extra charge. Need special neighborhood scenes captured? No problem, we can take off-site photos at an additional cost...just ask prior to the appointment so we can set aside enough time on schedule.</p>\n', 'public/uploads/product_images/daytime-photography-01-1563408886.jpg', 'public/uploads/product_images/daytime-photography-overview-01-1563409302.jpg', '', '<iframe src="https://app.acuityscheduling.com/schedule.php?owner=15118665&appointmentType=category:Daytime+Photography" width="100%" height="800" frameBorder="0"></iframe>																																  <script src="https://d3gxy7nm8y4yjr.cloudfront.net/js/embed.js" type="text/javascript"></script>', 9, 5, 1, '2019-01-31 16:18:55', '2019-08-30 11:31:49', NULL),
(2, 'zill3d', 'Zillow 3D Home Tour', 'zillow-3d-home-tour', '<div class="single-heading">\n<h4>ZILLOW 3D HOME</h4>\n</div>\n\n<p>Zillow recently developed their 3D Home Virtual Tours (helps place your listing prominently on Zillow!)...we are able to produce these at a very affordable price so if you are thinking about Matterport but want a more cost effective product than Zillow 3D may be what you need. Listings with 3D HOME VIRTUAL TOURS are given increased visibility on Zillow and only Premier Agents or Zillow Certified Photographers can post 3D HOME TOURS! This includes a boost in Zillow''s search order, as well as email notifications sent to potential buyers. These benefits can help you find more qualified buyers, as you’ll be talking with buyers who can view a video/tour of the home before contacting you.</p>\n', 'public/uploads/product_images/zillow-3d-photography-03-1564693781.jpg', 'public/uploads/product_images/zillow-3d-photography-overview-01-1564693647.jpg', '', '<iframe src="https://app.acuityscheduling.com/schedule.php?owner=15118665&appointmentType=category:Zillow+3D+Home+Tour" width="100%" height="800" frameBorder="0"></iframe>																																  <script src="https://d3gxy7nm8y4yjr.cloudfront.net/js/embed.js" type="text/javascript"></script>\n', 10, 5, 1, '2019-01-31 16:35:53', '2019-08-30 11:32:39', NULL),
(3, 'twlgph', 'Twilight/Sunset Photography', 'twilightsunset-photography', '<div class="single-heading">\n<h4>TWILIGHT/SUNSET</h4>\n</div>\n\n<p>We bring powerful strobe lighting and take several exposures per scene moving our lights so that everything is properly captured. Not to brag (ok, we are) but our twilight scenes are spectacular, these are not your set and shoot HDR without lighting. We hand craft these photos and the quality is evident, our experience and equipment result in sharp detail and realistic color.....no weird nuclear explosion look (we’ve all seen that). Yes, there are other photographers who offer twilight for cheaper......there is a reason something costs less. Sorry, we won’t do our twilight for lower price, have to say it as we are asked all the time....to get something to look this good takes time and talent.</p>\n\n<p>Photographer arrives approximately 30 minutes prior to sunset and shoots until 30 minutes after sunset capturing approximately 6-10 scenes (less scenes on estate sized homes).</p>\n', 'public/uploads/product_images/twilight-photography-01-1563409026.jpg', 'public/uploads/product_images/twilight-photography-overivew-01-1563409216.jpg', '', '<iframe src="https://app.acuityscheduling.com/schedule.php?owner=15118665&appointmentType=category:Twilight+Photography" width="100%" height="800" frameBorder="0"></iframe>																																  <script src="https://d3gxy7nm8y4yjr.cloudfront.net/js/embed.js" type="text/javascript"></script>\n', 19, 5, 1, '2019-02-28 10:44:05', '2019-08-30 11:39:39', NULL),
(4, 'arlph', 'Aerial Photography', 'aerial-photography', '<div class="single-heading">\n<h4>AERIAL DRONE</h4>\n</div>\n\n<p>Our drone photographers are FAA licensed and insured.....beware, not everyone who offers these services are licensed! Aerial photography is not just for large properties, they can also provide a unique and dramatic prospective of a home when taken at 20-30 feet elevation.</p>\n', 'public/uploads/product_images/aerial-banner-01-1563409530.jpg', 'public/uploads/product_images/aerial-overview-01-1563409531.jpg', '', '<iframe src="https://app.acuityscheduling.com/schedule.php?owner=15118665&appointmentType=category:Aerial+Photography" width="100%" height="800" frameBorder="0"></iframe>																																  <script src="https://d3gxy7nm8y4yjr.cloudfront.net/js/embed.js" type="text/javascript"></script>\n', 20, 5, 1, '2019-02-28 10:53:25', '2019-08-30 11:37:16', NULL),
(5, 'prluxph', 'Premium Luxury Photography', 'premium-luxury-photography', '<div class="single-heading">\n<h4>PREMIUM LUXURY PHOTOGRAPHY</h4>\n</div>\n\n<p>When you need magazine quality images for your very best listings. Our photographer brings studio lighting, highest quality camera equipment and spends additional time creating perfect scenes onsite and during editing process. This product is custom bid and we provide you with an estimate prior to scheduled appointment; onsite visit for estimate is recommended for estate properties, we are happy to do this at no additional cost to properly assess the job. This is also a perfect product for architects, builders, designers, commercial brokers or your website and marketing.</p>\n', 'public/uploads/product_images/premium-banner-01-1563409765.jpg', 'public/uploads/product_images/premium-overview-01-1563409765.jpg', '', '<iframe src="https://app.acuityscheduling.com/schedule.php?owner=15118665&appointmentType=category:Premium+Luxury+Photography" width="100%" height="800" frameBorder="0"></iframe>																																  <script src="https://d3gxy7nm8y4yjr.cloudfront.net/js/embed.js" type="text/javascript"></script>\n', 21, 6, 1, '2019-02-28 10:59:01', '2019-08-30 11:37:30', NULL),
(6, '', 'Aerial Video', 'aerial-video', '<div class="single-heading">\n<h4>AERIAL VIDEO</h4>\n</div>\n\n<p>Our drone photographers are FAA licensed and insured. Aerial flyover video captured on DJI Inspire 2 Drone for large parcels, estates, commercial properties or community features. Ideal if you have a land listing, commercial property (like apartment complex) or estate to show features from above like nothing else can ! ***You will be notified at time of appointment if property lies within FAA no-fly zone—near airports, government buildings, military bases, etc...with advanced notice many of these areas we can submit request for 1day permit and be allowed to fly (additional $75 fee incurred by customer).</p>\n\n<div class="single-heading">\n<h4>AERIAL PHOTO</h4>\n</div>\n\n<p>Our drone photographers are FAA licensed and insured. Aerial photography is not just for large properties, they can also provide a unique and dramatic prospective of a home when taken just 20-30 feet off the ground. Also ideal to showcase nearby community features like parks, beach, shopping or HOA amenities. ***You will be notified at time of appointment if property lies within FAA no-fly zone—near airports, government buildings, military bases, etc...with advanced notice many of these areas we can submit request for 1day permit and be allowed to fly (additional $75 fee incurred by customer).</p>\n', 'public/uploads/product_images/aerial-video-banner-01-1563470367.jpg', 'public/uploads/product_images/aerial-video-overview-01-1563470367.jpg', '', '<iframe src="https://app.acuityscheduling.com/schedule.php?owner=15118665&appointmentType=9527363" width="100%" height="800" frameBorder="0"></iframe>																																  <script src="https://d3gxy7nm8y4yjr.cloudfront.net/js/embed.js" type="text/javascript"></script>\n', 22, 7, 1, '2019-03-01 16:57:59', '2019-08-30 11:37:41', NULL),
(7, '', '3D Matterport Showcase', '3d-matterport-showcase', '<div class="single-heading">\r\n<h4>3D MATTERPORT</h4>\r\n</div>\r\n\n<p>Matterport 360 Tours are easy to navigate and buyers seem to LOVE them. If you have a listing that shows beautifully this is a great way to show it off. Matterport''s Showcase 3.0 player offers many perspectives. Use “Dollhouse View” to see the whole property all at once, switch to “Inside View” for an interactive walkthrough experience - like you''re actually there, “Floorplan” gives a birds-eye perspective of the property (“Floorplan” feature is additional cost).</p>\r\n', 'public/uploads/product_images/3d-banner-1567213631.jpg', 'public/uploads/product_images/3d-matterport-overview-03-1567011084.jpg', '', '<iframe src="https://app.acuityscheduling.com/schedule.php?owner=15118665&appointmentType=category:3D+MATTERPORT+SHOWCASE" width="100%" height="800" frameBorder="0"></iframe>																																  <script src="https://d3gxy7nm8y4yjr.cloudfront.net/js/embed.js" type="text/javascript"></script>\r\n', 23, 6, 1, '2019-03-01 17:00:39', '2019-08-30 18:07:12', NULL),
(8, '', 'GOOGLE 360', 'google-360', '<div class="single-heading">\n<h4>Google 360</h4>\n</div>\n\n<p>Google 360 tours are primarily designed for businesses as they link to Google maps—it is a fantastic marketing tool for any business open to the public as it displays information on Google maps, lets the viewer choose 360 tour as option to view at an address then click and go inside to take a look around. We can create as many 360 scenes as needed for your location. This can be apartment complexes, restaurants, retail establishments, businesses, anyone who wants stronger presence on Google so users can immerse themselves into your location.</p>\n', 'public/uploads/product_images/out-story-banner-1552019486.jpg', 'public/uploads/product_images/2019-02-282-1551488531.jpg', '', '<iframe src="https://app.acuityscheduling.com/schedule.php?owner=15118665&appointmentType=category:Custom+Brochure+Flyers" width="100%" height="800" frameBorder="0"></iframe>																																  <script src="https://d3gxy7nm8y4yjr.cloudfront.net/js/embed.js" type="text/javascript"></script>\n', 24, 6, 1, '2019-03-01 17:02:23', '2019-08-30 11:38:04', NULL),
(9, '', 'Walk-Thru Video', 'walk-thru-video', '<div class="single-heading">\n<h4>WALK-THRU</h4>\n</div>\n\n<p>Walk-thru video tour of home and it’s exteriors (if in condo complex basic amenities are also featured). Music and text overlay included. This video is a GREAT product and very affordable, we have been able to bring the price down on these— quality will amaze you AND your client. Agent branded version is additional cost. We post video onto Zillow and MLS plus give you a link to add to websites, email marketing blasts and social media. Listings with video walkthroughs are given increased visibility on Zillow and only Premier Agents or Zillow Certified Photographers can post video!</p>\n', 'public/uploads/product_images/walk-thru-video-banner-01-1563471271.jpg', 'public/uploads/product_images/walk-thru-video-overview-01-1563471272.jpg', '', '<iframe src="https://app.acuityscheduling.com/schedule.php?owner=15118665&appointmentType=category:Walk-Thru+Video" width="100%" height="800" frameBorder="0"></iframe>																																  <script src="https://d3gxy7nm8y4yjr.cloudfront.net/js/embed.js" type="text/javascript"></script>\n', 25, 5, 1, '2019-03-01 17:04:00', '2019-08-30 11:38:15', NULL),
(10, '', 'Premium Lifestyle Video', 'premium-lifestyle-video', '<div class="single-heading">\n<h4>PREMIUM LIFESTYLE VIDEO</h4>\n</div>\n\n<p>When your listing needs the very best representation these videos are spectacular, evoking the true experience of touring the property by making it come to life. Product includes aerial flyover video of home and surrounding area shot on DJI Inspire 2 Drone, walk-thru of home and it’s surroundings captured on cinema camera and slider, detailed focus shots to bring the best features center stage, twilight video, custom motion graphics and overlay PLUS community scenes like nearby restaurants, shops and parks to convey the lifestyle your listing represents. We use the very best equipment and the quality is evident, this is like a movie of your listing !!! You can also include voiceover, agent interview, time-lapse scenes and many other eye catching features.</p>\n\n<p>Clients and buyers are expecting more these days on luxury listings, wanting to fully view a home and it’s lifestyle before seeing in person, critical for out-of-town buyers. Not doing video could mean prospective buyer never sees the home.</p>\n\n<p>THESE ARE AMAZING VIDEOS AND ALSO A GREAT PRESENTATION TOOL ON YOUR FUTURE LISTING APPTS AND “COMING SOON” MARKETING!</p>\n', 'public/uploads/product_images/premium-video-banner-01-1563471629.jpg', 'public/uploads/product_images/premium-video-overview-01-1563471630.jpg', '', '<iframe src="https://app.acuityscheduling.com/schedule.php?owner=15118665&appointmentType=category:Premium+Lifestyle+Video" width="100%" height="800" frameBorder="0"></iframe>																																  <script src="https://d3gxy7nm8y4yjr.cloudfront.net/js/embed.js" type="text/javascript"></script>\n', 26, 6, 1, '2019-03-08 11:20:54', '2019-08-30 11:38:27', NULL),
(11, '', 'Zillow Walk-Thru Video', 'zillow-walk-thru-video', '<div class="single-heading">\n<h4>ZILLOW WALK-THRU</h4>\n</div>\n\n<p>This new walk-thru product from Zillow is created through their Real Estate App and immediately uploaded to the system, we send you a link so it can also go on MLS and be used for other marketing. We capture on iPhone w/stabilizer and wide lens taking a complete walk through of your listing. Is not customized like regular walk-thru video product but is an affordable option and we are Zillow Certified Photographers. Listings with video walkthroughs are given increased visibility on Zillow and only Premier Agents or Zillow Certified Photographers can post video!</p>\n', 'public/uploads/product_images/backyard-house-lights-1552072915.jpg', 'public/uploads/product_images/architecture-brick-building-209315-1552072915.jpg', '', '<iframe src="https://app.acuityscheduling.com/schedule.php?owner=15118665&appointmentType=category:Zillow+Walk-Thru+Video" width="100%" height="800" frameBorder="0"></iframe>																																  <script src="https://d3gxy7nm8y4yjr.cloudfront.net/js/embed.js" type="text/javascript"></script>\n', 27, 7, 1, '2019-03-08 11:21:55', '2019-08-30 11:38:42', NULL),
(12, '', 'test service', 'test-service', '<p>test</p>\r\n', 'public/uploads/product_images/Our-Story-01-1563407522-1568440683.jpg', 'public/uploads/product_images/Our-Story-body0image-01-1563472028-1568440683.jpg', '', '', 35, 6, 0, '2019-09-13 22:58:03', '2019-09-13 23:02:43', '2019-09-13 23:02:43');

-- --------------------------------------------------------

--
-- Table structure for table `product_categories`
--

CREATE TABLE IF NOT EXISTS `product_categories` (
  `id` int(10) unsigned NOT NULL AUTO_INCREMENT,
  `code` varchar(75) COLLATE utf8_unicode_ci NOT NULL,
  `name` varchar(75) COLLATE utf8_unicode_ci NOT NULL,
  `slug` varchar(75) COLLATE utf8_unicode_ci NOT NULL,
  `description` text COLLATE utf8_unicode_ci NOT NULL,
  `banner_image` varchar(255) COLLATE utf8_unicode_ci NOT NULL,
  `banner_video` varchar(255) COLLATE utf8_unicode_ci NOT NULL,
  `overview_image` varchar(255) COLLATE utf8_unicode_ci NOT NULL,
  `seo_meta_id` int(11) NOT NULL,
  `is_active` tinyint(4) NOT NULL DEFAULT '1',
  `created_at` timestamp NULL DEFAULT NULL,
  `updated_at` timestamp NULL DEFAULT NULL,
  `deleted_at` timestamp NULL DEFAULT NULL,
  PRIMARY KEY (`id`)
) ENGINE=InnoDB  DEFAULT CHARSET=utf8 COLLATE=utf8_unicode_ci AUTO_INCREMENT=8 ;

--
-- Dumping data for table `product_categories`
--

INSERT INTO `product_categories` (`id`, `code`, `name`, `slug`, `description`, `banner_image`, `banner_video`, `overview_image`, `seo_meta_id`, `is_active`, `created_at`, `updated_at`, `deleted_at`) VALUES
(1, 'Photography', 'Photography', 'photography', '<p>asdasd</p>\n', 'public/uploads/product_category_images/photography-01-1563408712.jpg', '', 'public/uploads/product_category_images/photography-overview-01-1563409905.jpg', 8, 1, '2019-01-31 16:16:58', '2019-07-17 17:31:45', NULL),
(2, 'Videography', 'Videography', 'videography', '<p>Videography</p>\n', 'public/uploads/product_category_images/videography-banner-01-1563472582.jpg', 'public/uploads/product_category_images/videography-1567209443.mp4', 'public/uploads/product_category_images/videography-overview-01-1563472582.jpg', 18, 1, '2019-02-28 10:10:22', '2019-08-30 16:57:35', NULL),
(3, 'aerialanddronephotovideo', 'Aerial/Drone Photo & Video', 'aerialdrone-photo-video', '<p>Aerial/Drone Photo &amp; Video</p>\n', 'public/uploads/product_category_images/aerial-banner-02-1563470175.jpg', '', 'public/uploads/product_category_images/aerial-overview-02-1563470176.jpg', 30, 1, '2019-03-21 12:11:28', '2019-07-18 10:16:16', NULL),
(4, '3dproducts', '3D Products', '3d-products', '<p>3D Products</p>\n', 'public/uploads/product_category_images/aerial-banner-02-1563470175-1564697215.jpg', '', 'public/uploads/product_category_images/aerial-overview-02-1563470176-1564697216.jpg', 31, 1, '2019-08-01 15:06:55', '2019-08-01 15:06:56', NULL),
(5, '123', 'Service test', 'service-test', '<p>testing</p>\r\n', 'public/uploads/product_category_images/Our-Story-01-1563407522-1568440288.jpg', '', 'public/uploads/product_category_images/Our-Story-body0image-01-1563472028-1568440288.jpg', 34, 1, '2019-09-13 22:51:28', '2019-09-13 23:25:25', '2019-09-13 23:25:25'),
(6, 'testing', 'testing', 'testing', '<p>fsads</p>\r\n', 'public/uploads/product_category_images/Our-Story-01-1563407522-1568442501.jpg', '', 'public/uploads/product_category_images/Our-Story-body0image-01-1563472028-1568442501.jpg', 36, 1, '2019-09-13 23:28:21', '2019-09-13 23:29:49', '2019-09-13 23:29:49'),
(7, 'rooster', 'QATest', 'qatest', '<p>this is a test</p>\r\n', '/tmp/phpzdFrOG', '/tmp/phpMdXjKv', '/tmp/phpyaYcro', 38, 1, '2021-08-25 20:41:22', '2021-09-06 20:22:58', '2021-09-06 20:22:58');

-- --------------------------------------------------------

--
-- Table structure for table `product_categories_matrix`
--

CREATE TABLE IF NOT EXISTS `product_categories_matrix` (
  `product_category_id` int(11) NOT NULL,
  `product_id` int(11) NOT NULL
) ENGINE=InnoDB DEFAULT CHARSET=utf8 COLLATE=utf8_unicode_ci;

--
-- Dumping data for table `product_categories_matrix`
--

INSERT INTO `product_categories_matrix` (`product_category_id`, `product_id`) VALUES
(1, 1),
(1, 3),
(1, 4),
(1, 5),
(2, 9),
(2, 10),
(2, 11),
(3, 6),
(3, 4),
(4, 2),
(4, 7),
(4, 8),
(5, 12),
(1, 12),
(2, 12),
(3, 12),
(4, 12);

-- --------------------------------------------------------

--
-- Table structure for table `product_category_images`
--

CREATE TABLE IF NOT EXISTS `product_category_images` (
  `id` int(10) unsigned NOT NULL AUTO_INCREMENT,
  `product_category_id` int(11) NOT NULL,
  `name` varchar(75) COLLATE utf8_unicode_ci NOT NULL,
  `file` varchar(255) COLLATE utf8_unicode_ci NOT NULL,
  `size` varchar(75) COLLATE utf8_unicode_ci NOT NULL,
  `is_default` int(11) NOT NULL,
  `type` int(11) NOT NULL,
  `created_at` timestamp NULL DEFAULT NULL,
  `updated_at` timestamp NULL DEFAULT NULL,
  `deleted_at` timestamp NULL DEFAULT NULL,
  PRIMARY KEY (`id`)
) ENGINE=InnoDB  DEFAULT CHARSET=utf8 COLLATE=utf8_unicode_ci AUTO_INCREMENT=6 ;

--
-- Dumping data for table `product_category_images`
--

INSERT INTO `product_category_images` (`id`, `product_category_id`, `name`, `file`, `size`, `is_default`, `type`, `created_at`, `updated_at`, `deleted_at`) VALUES
(4, 1, '2019-02-28-1551488329.jpg', 'public/uploads/product_category_images/2019-02-28-1551488329.jpg', '144433', 0, 0, '2019-03-01 16:58:52', '2019-03-01 16:58:52', NULL),
(5, 2, 'Videography-1551377420.jpg', 'public/uploads/product_category_images/Videography-1551377420.jpg', '223884', 0, 0, '2019-03-01 17:06:34', '2019-03-01 17:06:34', NULL);

-- --------------------------------------------------------

--
-- Table structure for table `product_images`
--

CREATE TABLE IF NOT EXISTS `product_images` (
  `id` int(10) unsigned NOT NULL AUTO_INCREMENT,
  `product_id` int(11) NOT NULL,
  `name` varchar(75) COLLATE utf8_unicode_ci NOT NULL,
  `file` varchar(255) COLLATE utf8_unicode_ci NOT NULL,
  `size` varchar(75) COLLATE utf8_unicode_ci NOT NULL,
  `is_default` int(11) NOT NULL,
  `type` int(11) NOT NULL,
  `created_at` timestamp NULL DEFAULT NULL,
  `updated_at` timestamp NULL DEFAULT NULL,
  `deleted_at` timestamp NULL DEFAULT NULL,
  PRIMARY KEY (`id`)
) ENGINE=InnoDB  DEFAULT CHARSET=utf8 COLLATE=utf8_unicode_ci AUTO_INCREMENT=18 ;

--
-- Dumping data for table `product_images`
--

INSERT INTO `product_images` (`id`, `product_id`, `name`, `file`, `size`, `is_default`, `type`, `created_at`, `updated_at`, `deleted_at`) VALUES
(6, 4, 'product_category-image1-1551379982.jpg', 'public/uploads/product_images/product_category-image1-1551379982.jpg', '130725', 0, 0, '2019-02-28 10:53:25', '2019-02-28 10:53:25', NULL),
(10, 2, 'Zillow3D_hometour-1551385781.jpg', 'public/uploads/product_images/Zillow3D_hometour-1551385781.jpg', '151729', 0, 0, '2019-02-28 12:29:44', '2019-02-28 12:29:44', NULL),
(11, 6, 'product_category-image1-1551488278.jpg', 'public/uploads/product_images/product_category-image1-1551488278.jpg', '130725', 0, 0, '2019-03-01 16:57:59', '2019-03-01 16:57:59', NULL),
(12, 7, '2019-02-281-1551488438.jpg', 'public/uploads/product_images/2019-02-281-1551488438.jpg', '71199', 0, 0, '2019-03-01 17:00:39', '2019-03-01 17:00:39', NULL),
(13, 8, '2019-02-282-1551488531.jpg', 'public/uploads/product_images/2019-02-282-1551488531.jpg', '172571', 0, 0, '2019-03-01 17:02:23', '2019-03-01 17:02:23', NULL),
(14, 9, 'Videography-1551488635.jpg', 'public/uploads/product_images/Videography-1551488635.jpg', '223884', 0, 0, '2019-03-01 17:04:00', '2019-03-01 17:04:00', NULL),
(15, 1, '2019-02-28-1551987140.jpg', 'public/uploads/product_images/2019-02-28-1551987140.jpg', '144433', 0, 0, '2019-03-07 11:32:21', '2019-03-07 11:32:21', NULL),
(16, 3, 'Videography-1551987165.jpg', 'public/uploads/product_images/Videography-1551987165.jpg', '223884', 0, 0, '2019-03-07 11:32:47', '2019-03-07 11:32:47', NULL),
(17, 5, 'PuakeaBay-015-1551987257.jpg', 'public/uploads/product_images/PuakeaBay-015-1551987257.jpg', '193496', 0, 0, '2019-03-07 11:34:19', '2019-03-07 11:34:19', NULL);

-- --------------------------------------------------------

--
-- Table structure for table `projects`
--

CREATE TABLE IF NOT EXISTS `projects` (
  `id` int(10) unsigned NOT NULL AUTO_INCREMENT,
  `code` varchar(75) COLLATE utf8_unicode_ci NOT NULL,
  `name` varchar(75) COLLATE utf8_unicode_ci NOT NULL,
  `slug` varchar(75) COLLATE utf8_unicode_ci NOT NULL,
  `image` varchar(250) COLLATE utf8_unicode_ci NOT NULL,
  `description` text COLLATE utf8_unicode_ci NOT NULL,
  `vimeo_link` text COLLATE utf8_unicode_ci NOT NULL,
  `seo_meta_id` int(11) NOT NULL,
  `is_featured` tinyint(4) NOT NULL,
  `is_active` tinyint(4) NOT NULL DEFAULT '1',
  `created_at` timestamp NULL DEFAULT NULL,
  `updated_at` timestamp NULL DEFAULT NULL,
  `deleted_at` timestamp NULL DEFAULT NULL,
  PRIMARY KEY (`id`)
) ENGINE=InnoDB  DEFAULT CHARSET=utf8 COLLATE=utf8_unicode_ci AUTO_INCREMENT=9 ;

--
-- Dumping data for table `projects`
--

INSERT INTO `projects` (`id`, `code`, `name`, `slug`, `image`, `description`, `vimeo_link`, `seo_meta_id`, `is_featured`, `is_active`, `created_at`, `updated_at`, `deleted_at`) VALUES
(1, '', 'Del Mar Hotel', 'del-mar-hotel', 'public/uploads/project_images/services1.jpg', 'Aerial / 360', 'https://vimeo.com/229490822', 0, 1, 1, '2019-01-31 20:41:40', '2019-08-30 11:28:37', '2019-08-30 11:28:37'),
(2, '', 'Pinnacle Living at the Marina District', 'pinnacle-living-at-the-marina-district', 'public/uploads/project_images/services2.jpg', '360', 'https://vimeo.com/6370469', 0, 1, 1, '2019-01-31 20:58:56', '2019-08-30 11:28:41', '2019-08-30 11:28:41'),
(3, '', '2149 Avenir Drive', '2149-avenir-drive', 'public/uploads/project_images/services3-1552103860.jpg', '360 / Daylight', 'https://vimeo.com/253989945', 0, 1, 1, '2019-03-08 19:57:40', '2019-08-30 11:28:43', '2019-08-30 11:28:43'),
(4, '', 'Testing', 'testing', 'public/uploads/project_images/bookingicon-1552596881.JPG', 'Project Testing', 'https://vimeo.com/6370469', 0, 1, 1, '2019-03-14 13:54:41', '2019-03-14 13:56:27', '2019-03-14 13:56:27'),
(5, '', 'WALK-THRU VIDEO', 'walk-thru-video', 'public/uploads/project_images/project1-1567189579.JPG', 'WALK-THRU VIDEO', 'https://vimeo.com/334925479', 0, 1, 1, '2019-08-30 11:26:19', '2021-09-03 16:16:43', NULL),
(6, '', 'PREMIUM LIFESTYLE VIDEO', 'premium-lifestyle-video', 'public/uploads/project_images/project2-1567189611.JPG', 'PREMIUM LIFESTYLE VIDEO', 'https://vimeo.com/329693166', 0, 1, 1, '2019-08-30 11:26:51', '2019-08-30 11:26:51', NULL),
(7, '', 'AERIAL VIDEO', 'aerial-video', 'public/uploads/project_images/project3-1567189691.JPG', 'AERIAL VIDEO', 'https://vimeo.com/179835651', 0, 1, 1, '2019-08-30 11:28:11', '2019-08-30 11:28:12', NULL),
(8, '', 'TEST PROJECT', 'test-project', 'public/uploads/project_images/Our-Story-body0image-01-1563472028-1568441237.jpg', 'TEST DESCRIPTIONXV', 'https://vimeo.com/329693166', 0, 1, 1, '2019-09-13 23:07:17', '2019-09-13 23:11:15', '2019-09-13 23:11:15');

-- --------------------------------------------------------

--
-- Table structure for table `project_images`
--

CREATE TABLE IF NOT EXISTS `project_images` (
  `id` int(10) unsigned NOT NULL AUTO_INCREMENT,
  `project_id` int(11) NOT NULL,
  `name` varchar(75) COLLATE utf8_unicode_ci NOT NULL,
  `file` varchar(255) COLLATE utf8_unicode_ci NOT NULL,
  `size` varchar(75) COLLATE utf8_unicode_ci NOT NULL,
  `is_default` int(11) NOT NULL,
  `type` int(11) NOT NULL,
  `created_at` timestamp NULL DEFAULT NULL,
  `updated_at` timestamp NULL DEFAULT NULL,
  `deleted_at` timestamp NULL DEFAULT NULL,
  PRIMARY KEY (`id`)
) ENGINE=InnoDB DEFAULT CHARSET=utf8 COLLATE=utf8_unicode_ci AUTO_INCREMENT=1 ;

-- --------------------------------------------------------

--
-- Table structure for table `project_videos`
--

CREATE TABLE IF NOT EXISTS `project_videos` (
  `id` int(10) unsigned NOT NULL AUTO_INCREMENT,
  `project_id` int(11) NOT NULL,
  `name` varchar(75) COLLATE utf8_unicode_ci NOT NULL,
  `file` varchar(255) COLLATE utf8_unicode_ci NOT NULL,
  `size` varchar(75) COLLATE utf8_unicode_ci NOT NULL,
  `is_default` int(11) NOT NULL,
  `type` int(11) NOT NULL,
  `created_at` timestamp NULL DEFAULT NULL,
  `updated_at` timestamp NULL DEFAULT NULL,
  `deleted_at` timestamp NULL DEFAULT NULL,
  PRIMARY KEY (`id`)
) ENGINE=InnoDB DEFAULT CHARSET=utf8 COLLATE=utf8_unicode_ci AUTO_INCREMENT=1 ;

-- --------------------------------------------------------

--
-- Table structure for table `roles`
--

CREATE TABLE IF NOT EXISTS `roles` (
  `id` int(10) unsigned NOT NULL AUTO_INCREMENT,
  `name` varchar(255) COLLATE utf8_unicode_ci NOT NULL,
  `created_at` timestamp NULL DEFAULT NULL,
  `updated_at` timestamp NULL DEFAULT NULL,
  PRIMARY KEY (`id`),
  UNIQUE KEY `roles_name_unique` (`name`)
) ENGINE=InnoDB  DEFAULT CHARSET=utf8 COLLATE=utf8_unicode_ci AUTO_INCREMENT=5 ;

--
-- Dumping data for table `roles`
--

INSERT INTO `roles` (`id`, `name`, `created_at`, `updated_at`) VALUES
(1, 'Super Admin', '2018-03-01 13:14:05', '2018-03-01 13:14:05'),
(2, 'Admin', '2018-03-01 13:14:05', '2018-03-01 13:14:05'),
(3, 'Photographer', '2018-03-01 13:14:05', '2018-03-01 13:14:05'),
(4, 'Customer', '2018-03-01 13:14:05', '2018-03-01 13:14:05');

-- --------------------------------------------------------

--
-- Table structure for table `role_has_permissions`
--

CREATE TABLE IF NOT EXISTS `role_has_permissions` (
  `permission_id` int(10) unsigned NOT NULL,
  `role_id` int(10) unsigned NOT NULL,
  PRIMARY KEY (`permission_id`,`role_id`),
  KEY `role_has_permissions_role_id_foreign` (`role_id`)
) ENGINE=InnoDB DEFAULT CHARSET=utf8 COLLATE=utf8_unicode_ci;

--
-- Dumping data for table `role_has_permissions`
--

INSERT INTO `role_has_permissions` (`permission_id`, `role_id`) VALUES
(1, 1),
(2, 1),
(3, 1),
(4, 1),
(5, 1),
(6, 1),
(7, 1),
(8, 1),
(9, 1),
(10, 1),
(11, 1),
(12, 1),
(13, 1),
(14, 1),
(15, 1),
(16, 1),
(17, 1),
(18, 1),
(19, 1),
(20, 1),
(21, 1),
(22, 1),
(23, 1),
(24, 1),
(25, 1),
(26, 1),
(27, 1),
(28, 1),
(29, 1),
(30, 1),
(31, 1),
(32, 1),
(33, 1),
(34, 1),
(35, 1),
(36, 1),
(37, 1),
(38, 1),
(39, 1),
(40, 1),
(41, 1),
(42, 1),
(43, 1),
(44, 1),
(45, 1),
(46, 1),
(13, 2),
(14, 2),
(15, 2),
(16, 2),
(17, 2),
(18, 2),
(19, 2),
(20, 2),
(21, 2),
(22, 2),
(23, 2),
(24, 2),
(25, 2),
(26, 2),
(27, 2),
(28, 2),
(29, 2),
(30, 2),
(31, 2),
(32, 2),
(33, 2),
(34, 2),
(35, 2),
(36, 2),
(37, 2),
(38, 2),
(39, 2),
(40, 2),
(41, 2),
(42, 2),
(43, 2),
(44, 2),
(45, 2),
(46, 2);

-- --------------------------------------------------------

--
-- Table structure for table `seo_metas`
--

CREATE TABLE IF NOT EXISTS `seo_metas` (
  `id` int(10) unsigned NOT NULL AUTO_INCREMENT,
  `meta_title` text COLLATE utf8_unicode_ci NOT NULL,
  `meta_keywords` text COLLATE utf8_unicode_ci NOT NULL,
  `meta_description` text COLLATE utf8_unicode_ci NOT NULL,
  `created_at` timestamp NULL DEFAULT NULL,
  `updated_at` timestamp NULL DEFAULT NULL,
  `deleted_at` timestamp NULL DEFAULT NULL,
  PRIMARY KEY (`id`)
) ENGINE=InnoDB  DEFAULT CHARSET=utf8 COLLATE=utf8_unicode_ci AUTO_INCREMENT=42 ;

--
-- Dumping data for table `seo_metas`
--

INSERT INTO `seo_metas` (`id`, `meta_title`, `meta_keywords`, `meta_description`, `created_at`, `updated_at`, `deleted_at`) VALUES
(1, 'Home', 'Home', 'Home', '2019-01-24 20:31:45', '2019-01-24 20:31:45', NULL),
(2, 'About Us', 'About Us', 'About Us', '2019-01-24 20:31:45', '2019-01-24 20:31:45', NULL),
(3, 'Contact Us', 'Contact Us', 'Contact Us', '2019-01-24 20:31:45', '2019-01-24 20:31:45', NULL),
(4, 'Page Not Found', 'Page Not Found', 'Page Not Found', '2019-01-24 20:31:45', '2019-01-24 20:31:45', NULL),
(5, 'Services', '', '', '2019-01-24 22:12:19', '2019-07-12 11:03:26', NULL),
(6, 'Our Story', '', '', '2019-01-25 15:13:30', '2019-07-12 11:01:18', NULL),
(7, '', '', '', '2019-01-29 07:06:24', '2019-01-29 07:06:24', NULL),
(8, '', '', '', '2019-01-31 16:16:57', '2019-01-31 16:16:57', NULL),
(9, '', '', '', '2019-01-31 16:18:55', '2019-01-31 16:18:55', NULL),
(10, '', '', '', '2019-01-31 16:35:53', '2019-01-31 16:35:53', NULL),
(11, '', '', '', '2019-02-08 18:38:34', '2019-02-08 18:38:34', NULL),
(12, '', '', '', '2019-02-08 18:38:45', '2019-02-08 18:38:45', NULL),
(13, '', '', '', '2019-02-08 18:39:02', '2019-02-08 18:39:02', NULL),
(14, '', '', '', '2019-02-08 18:39:23', '2019-02-08 18:39:23', NULL),
(15, '', '', '', '2019-02-08 18:39:23', '2019-02-08 18:39:23', NULL),
(16, '', '', '', '2019-02-22 16:10:51', '2019-02-22 16:10:51', NULL),
(17, '', '', '', '2019-02-22 16:15:47', '2019-02-22 16:15:47', NULL),
(18, '', '', '', '2019-02-28 10:10:22', '2019-02-28 10:10:22', NULL),
(19, 'Twilight/Sunset Photography', '', '', '2019-02-28 10:44:05', '2019-07-12 12:14:38', NULL),
(20, '', '', '', '2019-02-28 10:53:25', '2019-02-28 10:53:25', NULL),
(21, 'Premium Luxury Photography', '', '', '2019-02-28 10:59:01', '2019-07-12 12:18:04', NULL),
(22, '', '', '', '2019-03-01 16:57:59', '2019-03-01 16:57:59', NULL),
(23, '', '', '', '2019-03-01 17:00:39', '2019-03-01 17:00:39', NULL),
(24, '', '', '', '2019-03-01 17:02:23', '2019-03-01 17:02:23', NULL),
(25, '', '', '', '2019-03-01 17:04:00', '2019-03-01 17:04:00', NULL),
(26, 'Premium Lifestyle Video', '', '', '2019-03-08 11:20:54', '2019-07-12 12:22:25', NULL),
(27, 'Zillow Walk-Thru Video', '', '', '2019-03-08 11:21:55', '2019-07-12 12:20:44', NULL),
(28, '', '', '', '2019-03-11 21:50:52', '2019-03-11 21:50:52', NULL),
(29, '', '', '', '2019-03-19 18:34:36', '2019-03-19 18:34:36', NULL),
(30, '', '', '', '2019-03-21 12:11:28', '2019-03-21 12:11:28', NULL),
(31, '', '', '', '2019-08-01 15:06:55', '2019-08-01 15:06:55', NULL),
(32, '', '', '', '2019-09-13 22:44:27', '2019-09-13 22:44:27', NULL),
(33, '', '', '', '2019-09-13 22:48:18', '2019-09-13 22:48:18', NULL),
(34, '', '', '', '2019-09-13 22:51:28', '2019-09-13 22:51:28', NULL),
(35, '', '', '', '2019-09-13 22:58:03', '2019-09-13 22:58:03', NULL),
(36, '', '', '', '2019-09-13 23:28:21', '2019-09-13 23:28:21', NULL),
(37, '', '', '', '2021-08-24 16:57:15', '2021-08-24 16:57:15', NULL),
(38, '', '', '', '2021-08-25 20:41:22', '2021-08-25 20:41:22', NULL),
(39, '', '', '', '2021-09-03 15:23:37', '2021-09-03 15:23:37', NULL),
(40, '', '', '', '2021-09-03 15:23:55', '2021-09-03 15:23:55', NULL),
(41, '', '', '', '2021-09-03 16:13:04', '2021-09-03 16:13:04', NULL);

-- --------------------------------------------------------

--
-- Table structure for table `states`
--

CREATE TABLE IF NOT EXISTS `states` (
  `id` int(10) unsigned NOT NULL AUTO_INCREMENT,
  `code` varchar(25) COLLATE utf8_unicode_ci NOT NULL,
  `name` varchar(45) COLLATE utf8_unicode_ci NOT NULL,
  `country_id` int(11) NOT NULL,
  `tax` decimal(10,4) NOT NULL,
  `is_default` int(11) NOT NULL,
  `created_at` timestamp NULL DEFAULT NULL,
  `updated_at` timestamp NULL DEFAULT NULL,
  `deleted_at` timestamp NULL DEFAULT NULL,
  PRIMARY KEY (`id`)
) ENGINE=InnoDB  DEFAULT CHARSET=utf8 COLLATE=utf8_unicode_ci AUTO_INCREMENT=4121 ;

--
-- Dumping data for table `states`
--

INSERT INTO `states` (`id`, `code`, `name`, `country_id`, `tax`, `is_default`, `created_at`, `updated_at`, `deleted_at`) VALUES
(1, 'andaman and nicobar islan', 'Andaman and Nicobar Islands', 101, '0.0000', 0, '2018-06-22 17:01:57', '2018-06-22 17:01:57', NULL),
(2, 'andhra pradesh', 'Andhra Pradesh', 101, '0.0000', 0, '2018-06-22 17:01:57', '2018-06-22 17:01:57', NULL),
(3, 'arunachal pradesh', 'Arunachal Pradesh', 101, '0.0000', 0, '2018-06-22 17:01:57', '2018-06-22 17:01:57', NULL),
(4, 'assam', 'Assam', 101, '0.0000', 0, '2018-06-22 17:01:57', '2018-06-22 17:01:57', NULL),
(5, 'bihar', 'Bihar', 101, '0.0000', 0, '2018-06-22 17:01:57', '2018-06-22 17:01:57', NULL),
(6, 'chandigarh', 'Chandigarh', 101, '0.0000', 0, '2018-06-22 17:01:57', '2018-06-22 17:01:57', NULL),
(7, 'chhattisgarh', 'Chhattisgarh', 101, '0.0000', 0, '2018-06-22 17:01:57', '2018-06-22 17:01:57', NULL),
(8, 'dadra and nagar haveli', 'Dadra and Nagar Haveli', 101, '0.0000', 0, '2018-06-22 17:01:57', '2018-06-22 17:01:57', NULL),
(9, 'daman and diu', 'Daman and Diu', 101, '0.0000', 0, '2018-06-22 17:01:57', '2018-06-22 17:01:57', NULL),
(10, 'delhi', 'Delhi', 101, '0.0000', 0, '2018-06-22 17:01:57', '2018-06-22 17:01:57', NULL),
(11, 'goa', 'Goa', 101, '0.0000', 0, '2018-06-22 17:01:57', '2018-06-22 17:01:57', NULL),
(12, 'gujarat', 'Gujarat', 101, '0.0000', 0, '2018-06-22 17:01:57', '2018-06-22 17:01:57', NULL),
(13, 'haryana', 'Haryana', 101, '0.0000', 0, '2018-06-22 17:01:57', '2018-06-22 17:01:57', NULL),
(14, 'himachal pradesh', 'Himachal Pradesh', 101, '0.0000', 0, '2018-06-22 17:01:57', '2018-06-22 17:01:57', NULL),
(15, 'jammu and kashmir', 'Jammu and Kashmir', 101, '0.0000', 0, '2018-06-22 17:01:57', '2018-06-22 17:01:57', NULL),
(16, 'jharkhand', 'Jharkhand', 101, '0.0000', 0, '2018-06-22 17:01:57', '2018-06-22 17:01:57', NULL),
(17, 'karnataka', 'Karnataka', 101, '0.0000', 0, '2018-06-22 17:01:57', '2018-06-22 17:01:57', NULL),
(18, 'kenmore', 'Kenmore', 101, '0.0000', 0, '2018-06-22 17:01:57', '2018-06-22 17:01:57', NULL),
(19, 'kerala', 'Kerala', 101, '0.0000', 0, '2018-06-22 17:01:57', '2018-06-22 17:01:57', NULL),
(20, 'lakshadweep', 'Lakshadweep', 101, '0.0000', 0, '2018-06-22 17:01:57', '2018-06-22 17:01:57', NULL),
(21, 'madhya pradesh', 'Madhya Pradesh', 101, '0.0000', 0, '2018-06-22 17:01:57', '2018-06-22 17:01:57', NULL),
(22, 'maharashtra', 'Maharashtra', 101, '0.0000', 0, '2018-06-22 17:01:57', '2018-06-22 17:01:57', NULL),
(23, 'manipur', 'Manipur', 101, '0.0000', 0, '2018-06-22 17:01:57', '2018-06-22 17:01:57', NULL),
(24, 'meghalaya', 'Meghalaya', 101, '0.0000', 0, '2018-06-22 17:01:57', '2018-06-22 17:01:57', NULL),
(25, 'mizoram', 'Mizoram', 101, '0.0000', 0, '2018-06-22 17:01:57', '2018-06-22 17:01:57', NULL),
(26, 'nagaland', 'Nagaland', 101, '0.0000', 0, '2018-06-22 17:01:57', '2018-06-22 17:01:57', NULL),
(27, 'narora', 'Narora', 101, '0.0000', 0, '2018-06-22 17:01:57', '2018-06-22 17:01:57', NULL),
(28, 'natwar', 'Natwar', 101, '0.0000', 0, '2018-06-22 17:01:57', '2018-06-22 17:01:57', NULL),
(29, 'odisha', 'Odisha', 101, '0.0000', 0, '2018-06-22 17:01:57', '2018-06-22 17:01:57', NULL),
(30, 'paschim medinipur', 'Paschim Medinipur', 101, '0.0000', 0, '2018-06-22 17:01:57', '2018-06-22 17:01:57', NULL),
(31, 'pondicherry', 'Pondicherry', 101, '0.0000', 0, '2018-06-22 17:01:57', '2018-06-22 17:01:57', NULL),
(32, 'punjab', 'Punjab', 101, '0.0000', 0, '2018-06-22 17:01:57', '2018-06-22 17:01:57', NULL),
(33, 'rajasthan', 'Rajasthan', 101, '0.0000', 0, '2018-06-22 17:01:57', '2018-06-22 17:01:57', NULL),
(34, 'sikkim', 'Sikkim', 101, '0.0000', 0, '2018-06-22 17:01:57', '2018-06-22 17:01:57', NULL),
(35, 'tamil nadu', 'Tamil Nadu', 101, '0.0000', 0, '2018-06-22 17:01:57', '2018-06-22 17:01:57', NULL),
(36, 'telangana', 'Telangana', 101, '0.0000', 0, '2018-06-22 17:01:57', '2018-06-22 17:01:57', NULL),
(37, 'tripura', 'Tripura', 101, '0.0000', 0, '2018-06-22 17:01:57', '2018-06-22 17:01:57', NULL),
(38, 'uttar pradesh', 'Uttar Pradesh', 101, '0.0000', 0, '2018-06-22 17:01:57', '2018-06-22 17:01:57', NULL),
(39, 'uttarakhand', 'Uttarakhand', 101, '0.0000', 0, '2018-06-22 17:01:57', '2018-06-22 17:01:57', NULL),
(40, 'vaishali', 'Vaishali', 101, '0.0000', 0, '2018-06-22 17:01:57', '2018-06-22 17:01:57', NULL),
(41, 'west bengal', 'West Bengal', 101, '0.0000', 0, '2018-06-22 17:01:57', '2018-06-22 17:01:57', NULL),
(42, 'badakhshan', 'Badakhshan', 1, '0.0000', 0, '2018-06-22 17:01:57', '2018-06-22 17:01:57', NULL),
(43, 'badgis', 'Badgis', 1, '0.0000', 0, '2018-06-22 17:01:57', '2018-06-22 17:01:57', NULL),
(44, 'baglan', 'Baglan', 1, '0.0000', 0, '2018-06-22 17:01:57', '2018-06-22 17:01:57', NULL),
(45, 'balkh', 'Balkh', 1, '0.0000', 0, '2018-06-22 17:01:57', '2018-06-22 17:01:57', NULL),
(46, 'bamiyan', 'Bamiyan', 1, '0.0000', 0, '2018-06-22 17:01:57', '2018-06-22 17:01:57', NULL),
(47, 'farah', 'Farah', 1, '0.0000', 0, '2018-06-22 17:01:57', '2018-06-22 17:01:57', NULL),
(48, 'faryab', 'Faryab', 1, '0.0000', 0, '2018-06-22 17:01:57', '2018-06-22 17:01:57', NULL),
(49, 'gawr', 'Gawr', 1, '0.0000', 0, '2018-06-22 17:01:57', '2018-06-22 17:01:57', NULL),
(50, 'gazni', 'Gazni', 1, '0.0000', 0, '2018-06-22 17:01:57', '2018-06-22 17:01:57', NULL),
(51, 'herat', 'Herat', 1, '0.0000', 0, '2018-06-22 17:01:57', '2018-06-22 17:01:57', NULL),
(52, 'hilmand', 'Hilmand', 1, '0.0000', 0, '2018-06-22 17:01:57', '2018-06-22 17:01:57', NULL),
(53, 'jawzjan', 'Jawzjan', 1, '0.0000', 0, '2018-06-22 17:01:57', '2018-06-22 17:01:57', NULL),
(54, 'kabul', 'Kabul', 1, '0.0000', 0, '2018-06-22 17:01:57', '2018-06-22 17:01:57', NULL),
(55, 'kapisa', 'Kapisa', 1, '0.0000', 0, '2018-06-22 17:01:57', '2018-06-22 17:01:57', NULL),
(56, 'khawst', 'Khawst', 1, '0.0000', 0, '2018-06-22 17:01:57', '2018-06-22 17:01:57', NULL),
(57, 'kunar', 'Kunar', 1, '0.0000', 0, '2018-06-22 17:01:57', '2018-06-22 17:01:57', NULL),
(58, 'lagman', 'Lagman', 1, '0.0000', 0, '2018-06-22 17:01:57', '2018-06-22 17:01:57', NULL),
(59, 'lawghar', 'Lawghar', 1, '0.0000', 0, '2018-06-22 17:01:57', '2018-06-22 17:01:57', NULL),
(60, 'nangarhar', 'Nangarhar', 1, '0.0000', 0, '2018-06-22 17:01:57', '2018-06-22 17:01:57', NULL),
(61, 'nimruz', 'Nimruz', 1, '0.0000', 0, '2018-06-22 17:01:57', '2018-06-22 17:01:57', NULL),
(62, 'nuristan', 'Nuristan', 1, '0.0000', 0, '2018-06-22 17:01:57', '2018-06-22 17:01:57', NULL),
(63, 'paktika', 'Paktika', 1, '0.0000', 0, '2018-06-22 17:01:57', '2018-06-22 17:01:57', NULL),
(64, 'paktiya', 'Paktiya', 1, '0.0000', 0, '2018-06-22 17:01:57', '2018-06-22 17:01:57', NULL),
(65, 'parwan', 'Parwan', 1, '0.0000', 0, '2018-06-22 17:01:57', '2018-06-22 17:01:57', NULL),
(66, 'qandahar', 'Qandahar', 1, '0.0000', 0, '2018-06-22 17:01:57', '2018-06-22 17:01:57', NULL),
(67, 'qunduz', 'Qunduz', 1, '0.0000', 0, '2018-06-22 17:01:57', '2018-06-22 17:01:57', NULL),
(68, 'samangan', 'Samangan', 1, '0.0000', 0, '2018-06-22 17:01:57', '2018-06-22 17:01:57', NULL),
(69, 'sar-e pul', 'Sar-e Pul', 1, '0.0000', 0, '2018-06-22 17:01:57', '2018-06-22 17:01:57', NULL),
(70, 'takhar', 'Takhar', 1, '0.0000', 0, '2018-06-22 17:01:57', '2018-06-22 17:01:57', NULL),
(71, 'uruzgan', 'Uruzgan', 1, '0.0000', 0, '2018-06-22 17:01:57', '2018-06-22 17:01:57', NULL),
(72, 'wardag', 'Wardag', 1, '0.0000', 0, '2018-06-22 17:01:57', '2018-06-22 17:01:57', NULL),
(73, 'zabul', 'Zabul', 1, '0.0000', 0, '2018-06-22 17:01:57', '2018-06-22 17:01:57', NULL),
(74, 'berat', 'Berat', 2, '0.0000', 0, '2018-06-22 17:01:57', '2018-06-22 17:01:57', NULL),
(75, 'bulqize', 'Bulqize', 2, '0.0000', 0, '2018-06-22 17:01:57', '2018-06-22 17:01:57', NULL),
(76, 'delvine', 'Delvine', 2, '0.0000', 0, '2018-06-22 17:01:57', '2018-06-22 17:01:57', NULL),
(77, 'devoll', 'Devoll', 2, '0.0000', 0, '2018-06-22 17:01:57', '2018-06-22 17:01:57', NULL),
(78, 'dibre', 'Dibre', 2, '0.0000', 0, '2018-06-22 17:01:57', '2018-06-22 17:01:57', NULL),
(79, 'durres', 'Durres', 2, '0.0000', 0, '2018-06-22 17:01:57', '2018-06-22 17:01:57', NULL),
(80, 'elbasan', 'Elbasan', 2, '0.0000', 0, '2018-06-22 17:01:57', '2018-06-22 17:01:57', NULL),
(81, 'fier', 'Fier', 2, '0.0000', 0, '2018-06-22 17:01:57', '2018-06-22 17:01:57', NULL),
(82, 'gjirokaster', 'Gjirokaster', 2, '0.0000', 0, '2018-06-22 17:01:57', '2018-06-22 17:01:57', NULL),
(83, 'gramsh', 'Gramsh', 2, '0.0000', 0, '2018-06-22 17:01:57', '2018-06-22 17:01:57', NULL),
(84, 'has', 'Has', 2, '0.0000', 0, '2018-06-22 17:01:57', '2018-06-22 17:01:57', NULL),
(85, 'kavaje', 'Kavaje', 2, '0.0000', 0, '2018-06-22 17:01:57', '2018-06-22 17:01:57', NULL),
(86, 'kolonje', 'Kolonje', 2, '0.0000', 0, '2018-06-22 17:01:57', '2018-06-22 17:01:57', NULL),
(87, 'korce', 'Korce', 2, '0.0000', 0, '2018-06-22 17:01:57', '2018-06-22 17:01:57', NULL),
(88, 'kruje', 'Kruje', 2, '0.0000', 0, '2018-06-22 17:01:57', '2018-06-22 17:01:57', NULL),
(89, 'kucove', 'Kucove', 2, '0.0000', 0, '2018-06-22 17:01:57', '2018-06-22 17:01:57', NULL),
(90, 'kukes', 'Kukes', 2, '0.0000', 0, '2018-06-22 17:01:57', '2018-06-22 17:01:57', NULL),
(91, 'kurbin', 'Kurbin', 2, '0.0000', 0, '2018-06-22 17:01:57', '2018-06-22 17:01:57', NULL),
(92, 'lezhe', 'Lezhe', 2, '0.0000', 0, '2018-06-22 17:01:57', '2018-06-22 17:01:57', NULL),
(93, 'librazhd', 'Librazhd', 2, '0.0000', 0, '2018-06-22 17:01:57', '2018-06-22 17:01:57', NULL),
(94, 'lushnje', 'Lushnje', 2, '0.0000', 0, '2018-06-22 17:01:57', '2018-06-22 17:01:57', NULL),
(95, 'mallakaster', 'Mallakaster', 2, '0.0000', 0, '2018-06-22 17:01:57', '2018-06-22 17:01:57', NULL),
(96, 'malsi e madhe', 'Malsi e Madhe', 2, '0.0000', 0, '2018-06-22 17:01:57', '2018-06-22 17:01:57', NULL),
(97, 'mat', 'Mat', 2, '0.0000', 0, '2018-06-22 17:01:57', '2018-06-22 17:01:57', NULL),
(98, 'mirdite', 'Mirdite', 2, '0.0000', 0, '2018-06-22 17:01:57', '2018-06-22 17:01:57', NULL),
(99, 'peqin', 'Peqin', 2, '0.0000', 0, '2018-06-22 17:01:57', '2018-06-22 17:01:57', NULL),
(100, 'permet', 'Permet', 2, '0.0000', 0, '2018-06-22 17:01:57', '2018-06-22 17:01:57', NULL),
(101, 'pogradec', 'Pogradec', 2, '0.0000', 0, '2018-06-22 17:01:57', '2018-06-22 17:01:57', NULL),
(102, 'puke', 'Puke', 2, '0.0000', 0, '2018-06-22 17:01:57', '2018-06-22 17:01:57', NULL),
(103, 'sarande', 'Sarande', 2, '0.0000', 0, '2018-06-22 17:01:57', '2018-06-22 17:01:57', NULL),
(104, 'shkoder', 'Shkoder', 2, '0.0000', 0, '2018-06-22 17:01:57', '2018-06-22 17:01:57', NULL),
(105, 'skrapar', 'Skrapar', 2, '0.0000', 0, '2018-06-22 17:01:57', '2018-06-22 17:01:57', NULL),
(106, 'tepelene', 'Tepelene', 2, '0.0000', 0, '2018-06-22 17:01:57', '2018-06-22 17:01:57', NULL),
(107, 'tirane', 'Tirane', 2, '0.0000', 0, '2018-06-22 17:01:57', '2018-06-22 17:01:57', NULL),
(108, 'tropoje', 'Tropoje', 2, '0.0000', 0, '2018-06-22 17:01:57', '2018-06-22 17:01:57', NULL),
(109, 'vlore', 'Vlore', 2, '0.0000', 0, '2018-06-22 17:01:57', '2018-06-22 17:01:57', NULL),
(110, 'ayn daflah', 'Ayn Daflah', 3, '0.0000', 0, '2018-06-22 17:01:57', '2018-06-22 17:01:57', NULL),
(111, 'ayn tamushanat', 'Ayn Tamushanat', 3, '0.0000', 0, '2018-06-22 17:01:57', '2018-06-22 17:01:57', NULL),
(112, 'adrar', 'Adrar', 3, '0.0000', 0, '2018-06-22 17:01:57', '2018-06-22 17:01:57', NULL),
(113, 'algiers', 'Algiers', 3, '0.0000', 0, '2018-06-22 17:01:57', '2018-06-22 17:01:57', NULL),
(114, 'annabah', 'Annabah', 3, '0.0000', 0, '2018-06-22 17:01:57', '2018-06-22 17:01:57', NULL),
(115, 'bashshar', 'Bashshar', 3, '0.0000', 0, '2018-06-22 17:01:57', '2018-06-22 17:01:57', NULL),
(116, 'batnah', 'Batnah', 3, '0.0000', 0, '2018-06-22 17:01:57', '2018-06-22 17:01:57', NULL),
(117, 'bijayah', 'Bijayah', 3, '0.0000', 0, '2018-06-22 17:01:57', '2018-06-22 17:01:57', NULL),
(118, 'biskrah', 'Biskrah', 3, '0.0000', 0, '2018-06-22 17:01:57', '2018-06-22 17:01:57', NULL),
(119, 'blidah', 'Blidah', 3, '0.0000', 0, '2018-06-22 17:01:57', '2018-06-22 17:01:57', NULL),
(120, 'buirah', 'Buirah', 3, '0.0000', 0, '2018-06-22 17:01:57', '2018-06-22 17:01:57', NULL),
(121, 'bumardas', 'Bumardas', 3, '0.0000', 0, '2018-06-22 17:01:57', '2018-06-22 17:01:57', NULL),
(122, 'burj bu arririj', 'Burj Bu Arririj', 3, '0.0000', 0, '2018-06-22 17:01:57', '2018-06-22 17:01:57', NULL),
(123, 'ghalizan', 'Ghalizan', 3, '0.0000', 0, '2018-06-22 17:01:57', '2018-06-22 17:01:57', NULL),
(124, 'ghardayah', 'Ghardayah', 3, '0.0000', 0, '2018-06-22 17:01:57', '2018-06-22 17:01:57', NULL),
(125, 'ilizi', 'Ilizi', 3, '0.0000', 0, '2018-06-22 17:01:57', '2018-06-22 17:01:57', NULL),
(126, 'jijili', 'Jijili', 3, '0.0000', 0, '2018-06-22 17:01:57', '2018-06-22 17:01:57', NULL),
(127, 'jilfah', 'Jilfah', 3, '0.0000', 0, '2018-06-22 17:01:57', '2018-06-22 17:01:57', NULL),
(128, 'khanshalah', 'Khanshalah', 3, '0.0000', 0, '2018-06-22 17:01:57', '2018-06-22 17:01:57', NULL),
(129, 'masilah', 'Masilah', 3, '0.0000', 0, '2018-06-22 17:01:57', '2018-06-22 17:01:57', NULL),
(130, 'midyah', 'Midyah', 3, '0.0000', 0, '2018-06-22 17:01:57', '2018-06-22 17:01:57', NULL),
(131, 'milah', 'Milah', 3, '0.0000', 0, '2018-06-22 17:01:57', '2018-06-22 17:01:57', NULL),
(132, 'muaskar', 'Muaskar', 3, '0.0000', 0, '2018-06-22 17:01:57', '2018-06-22 17:01:57', NULL),
(133, 'mustaghanam', 'Mustaghanam', 3, '0.0000', 0, '2018-06-22 17:01:57', '2018-06-22 17:01:57', NULL),
(134, 'naama', 'Naama', 3, '0.0000', 0, '2018-06-22 17:01:57', '2018-06-22 17:01:57', NULL),
(135, 'oran', 'Oran', 3, '0.0000', 0, '2018-06-22 17:01:57', '2018-06-22 17:01:57', NULL),
(136, 'ouargla', 'Ouargla', 3, '0.0000', 0, '2018-06-22 17:01:57', '2018-06-22 17:01:57', NULL),
(137, 'qalmah', 'Qalmah', 3, '0.0000', 0, '2018-06-22 17:01:57', '2018-06-22 17:01:57', NULL),
(138, 'qustantinah', 'Qustantinah', 3, '0.0000', 0, '2018-06-22 17:01:57', '2018-06-22 17:01:57', NULL),
(139, 'sakikdah', 'Sakikdah', 3, '0.0000', 0, '2018-06-22 17:01:57', '2018-06-22 17:01:57', NULL),
(140, 'satif', 'Satif', 3, '0.0000', 0, '2018-06-22 17:01:57', '2018-06-22 17:01:57', NULL),
(141, 'sayda', 'Sayda', 3, '0.0000', 0, '2018-06-22 17:01:57', '2018-06-22 17:01:57', NULL),
(142, 'sidi ban-al-''''abbas', 'Sidi ban-al-''''Abbas', 3, '0.0000', 0, '2018-06-22 17:01:57', '2018-06-22 17:01:57', NULL),
(143, 'suq ahras', 'Suq Ahras', 3, '0.0000', 0, '2018-06-22 17:01:57', '2018-06-22 17:01:57', NULL),
(144, 'tamanghasat', 'Tamanghasat', 3, '0.0000', 0, '2018-06-22 17:01:57', '2018-06-22 17:01:57', NULL),
(145, 'tibazah', 'Tibazah', 3, '0.0000', 0, '2018-06-22 17:01:57', '2018-06-22 17:01:57', NULL),
(146, 'tibissah', 'Tibissah', 3, '0.0000', 0, '2018-06-22 17:01:57', '2018-06-22 17:01:57', NULL),
(147, 'tilimsan', 'Tilimsan', 3, '0.0000', 0, '2018-06-22 17:01:57', '2018-06-22 17:01:57', NULL),
(148, 'tinduf', 'Tinduf', 3, '0.0000', 0, '2018-06-22 17:01:57', '2018-06-22 17:01:57', NULL),
(149, 'tisamsilt', 'Tisamsilt', 3, '0.0000', 0, '2018-06-22 17:01:57', '2018-06-22 17:01:57', NULL),
(150, 'tiyarat', 'Tiyarat', 3, '0.0000', 0, '2018-06-22 17:01:57', '2018-06-22 17:01:57', NULL),
(151, 'tizi wazu', 'Tizi Wazu', 3, '0.0000', 0, '2018-06-22 17:01:57', '2018-06-22 17:01:57', NULL),
(152, 'umm-al-bawaghi', 'Umm-al-Bawaghi', 3, '0.0000', 0, '2018-06-22 17:01:57', '2018-06-22 17:01:57', NULL),
(153, 'wahran', 'Wahran', 3, '0.0000', 0, '2018-06-22 17:01:57', '2018-06-22 17:01:57', NULL),
(154, 'warqla', 'Warqla', 3, '0.0000', 0, '2018-06-22 17:01:57', '2018-06-22 17:01:57', NULL),
(155, 'wilaya d alger', 'Wilaya d Alger', 3, '0.0000', 0, '2018-06-22 17:01:57', '2018-06-22 17:01:57', NULL),
(156, 'wilaya de bejaia', 'Wilaya de Bejaia', 3, '0.0000', 0, '2018-06-22 17:01:57', '2018-06-22 17:01:57', NULL),
(157, 'wilaya de constantine', 'Wilaya de Constantine', 3, '0.0000', 0, '2018-06-22 17:01:57', '2018-06-22 17:01:57', NULL),
(158, 'al-aghwat', 'al-Aghwat', 3, '0.0000', 0, '2018-06-22 17:01:57', '2018-06-22 17:01:57', NULL),
(159, 'al-bayadh', 'al-Bayadh', 3, '0.0000', 0, '2018-06-22 17:01:57', '2018-06-22 17:01:57', NULL),
(160, 'al-jaza''''ir', 'al-Jaza''''ir', 3, '0.0000', 0, '2018-06-22 17:01:57', '2018-06-22 17:01:57', NULL),
(161, 'al-wad', 'al-Wad', 3, '0.0000', 0, '2018-06-22 17:01:57', '2018-06-22 17:01:57', NULL),
(162, 'ash-shalif', 'ash-Shalif', 3, '0.0000', 0, '2018-06-22 17:01:57', '2018-06-22 17:01:57', NULL),
(163, 'at-tarif', 'at-Tarif', 3, '0.0000', 0, '2018-06-22 17:01:57', '2018-06-22 17:01:57', NULL),
(164, 'eastern', 'Eastern', 4, '0.0000', 0, '2018-06-22 17:01:57', '2018-06-22 17:01:57', NULL),
(165, 'manu''''a', 'Manu''''a', 4, '0.0000', 0, '2018-06-22 17:01:57', '2018-06-22 17:01:57', NULL),
(166, 'swains island', 'Swains Island', 4, '0.0000', 0, '2018-06-22 17:01:57', '2018-06-22 17:01:57', NULL),
(167, 'western', 'Western', 4, '0.0000', 0, '2018-06-22 17:01:57', '2018-06-22 17:01:57', NULL),
(168, 'andorra la vella', 'Andorra la Vella', 5, '0.0000', 0, '2018-06-22 17:01:57', '2018-06-22 17:01:57', NULL),
(169, 'canillo', 'Canillo', 5, '0.0000', 0, '2018-06-22 17:01:57', '2018-06-22 17:01:57', NULL),
(170, 'encamp', 'Encamp', 5, '0.0000', 0, '2018-06-22 17:01:57', '2018-06-22 17:01:57', NULL),
(171, 'la massana', 'La Massana', 5, '0.0000', 0, '2018-06-22 17:01:57', '2018-06-22 17:01:57', NULL),
(172, 'les escaldes', 'Les Escaldes', 5, '0.0000', 0, '2018-06-22 17:01:57', '2018-06-22 17:01:57', NULL),
(173, 'ordino', 'Ordino', 5, '0.0000', 0, '2018-06-22 17:01:57', '2018-06-22 17:01:57', NULL),
(174, 'sant julia de loria', 'Sant Julia de Loria', 5, '0.0000', 0, '2018-06-22 17:01:57', '2018-06-22 17:01:57', NULL),
(175, 'bengo', 'Bengo', 6, '0.0000', 0, '2018-06-22 17:01:57', '2018-06-22 17:01:57', NULL),
(176, 'benguela', 'Benguela', 6, '0.0000', 0, '2018-06-22 17:01:57', '2018-06-22 17:01:57', NULL),
(177, 'bie', 'Bie', 6, '0.0000', 0, '2018-06-22 17:01:57', '2018-06-22 17:01:57', NULL),
(178, 'cabinda', 'Cabinda', 6, '0.0000', 0, '2018-06-22 17:01:57', '2018-06-22 17:01:57', NULL),
(179, 'cunene', 'Cunene', 6, '0.0000', 0, '2018-06-22 17:01:57', '2018-06-22 17:01:57', NULL),
(180, 'huambo', 'Huambo', 6, '0.0000', 0, '2018-06-22 17:01:57', '2018-06-22 17:01:57', NULL),
(181, 'huila', 'Huila', 6, '0.0000', 0, '2018-06-22 17:01:57', '2018-06-22 17:01:57', NULL),
(182, 'kuando-kubango', 'Kuando-Kubango', 6, '0.0000', 0, '2018-06-22 17:01:57', '2018-06-22 17:01:57', NULL),
(183, 'kwanza norte', 'Kwanza Norte', 6, '0.0000', 0, '2018-06-22 17:01:57', '2018-06-22 17:01:57', NULL),
(184, 'kwanza sul', 'Kwanza Sul', 6, '0.0000', 0, '2018-06-22 17:01:57', '2018-06-22 17:01:57', NULL),
(185, 'luanda', 'Luanda', 6, '0.0000', 0, '2018-06-22 17:01:57', '2018-06-22 17:01:57', NULL),
(186, 'lunda norte', 'Lunda Norte', 6, '0.0000', 0, '2018-06-22 17:01:57', '2018-06-22 17:01:57', NULL),
(187, 'lunda sul', 'Lunda Sul', 6, '0.0000', 0, '2018-06-22 17:01:57', '2018-06-22 17:01:57', NULL),
(188, 'malanje', 'Malanje', 6, '0.0000', 0, '2018-06-22 17:01:57', '2018-06-22 17:01:57', NULL),
(189, 'moxico', 'Moxico', 6, '0.0000', 0, '2018-06-22 17:01:57', '2018-06-22 17:01:57', NULL),
(190, 'namibe', 'Namibe', 6, '0.0000', 0, '2018-06-22 17:01:57', '2018-06-22 17:01:57', NULL),
(191, 'uige', 'Uige', 6, '0.0000', 0, '2018-06-22 17:01:57', '2018-06-22 17:01:57', NULL),
(192, 'zaire', 'Zaire', 6, '0.0000', 0, '2018-06-22 17:01:57', '2018-06-22 17:01:57', NULL),
(193, 'other provinces', 'Other Provinces', 7, '0.0000', 0, '2018-06-22 17:01:57', '2018-06-22 17:01:57', NULL),
(194, 'sector claimed by argenti', 'Sector claimed by Argentina/Ch', 8, '0.0000', 0, '2018-06-22 17:01:57', '2018-06-22 17:01:57', NULL),
(195, 'sector claimed by argenti', 'Sector claimed by Argentina/UK', 8, '0.0000', 0, '2018-06-22 17:01:57', '2018-06-22 17:01:57', NULL),
(196, 'sector claimed by austral', 'Sector claimed by Australia', 8, '0.0000', 0, '2018-06-22 17:01:57', '2018-06-22 17:01:57', NULL),
(197, 'sector claimed by france', 'Sector claimed by France', 8, '0.0000', 0, '2018-06-22 17:01:57', '2018-06-22 17:01:57', NULL),
(198, 'sector claimed by new zea', 'Sector claimed by New Zealand', 8, '0.0000', 0, '2018-06-22 17:01:57', '2018-06-22 17:01:57', NULL),
(199, 'sector claimed by norway', 'Sector claimed by Norway', 8, '0.0000', 0, '2018-06-22 17:01:57', '2018-06-22 17:01:57', NULL),
(200, 'unclaimed sector', 'Unclaimed Sector', 8, '0.0000', 0, '2018-06-22 17:01:57', '2018-06-22 17:01:57', NULL),
(201, 'barbuda', 'Barbuda', 9, '0.0000', 0, '2018-06-22 17:01:57', '2018-06-22 17:01:57', NULL),
(202, 'saint george', 'Saint George', 9, '0.0000', 0, '2018-06-22 17:01:57', '2018-06-22 17:01:57', NULL),
(203, 'saint john', 'Saint John', 9, '0.0000', 0, '2018-06-22 17:01:57', '2018-06-22 17:01:57', NULL),
(204, 'saint mary', 'Saint Mary', 9, '0.0000', 0, '2018-06-22 17:01:57', '2018-06-22 17:01:57', NULL),
(205, 'saint paul', 'Saint Paul', 9, '0.0000', 0, '2018-06-22 17:01:57', '2018-06-22 17:01:57', NULL),
(206, 'saint peter', 'Saint Peter', 9, '0.0000', 0, '2018-06-22 17:01:57', '2018-06-22 17:01:57', NULL),
(207, 'saint philip', 'Saint Philip', 9, '0.0000', 0, '2018-06-22 17:01:57', '2018-06-22 17:01:57', NULL),
(208, 'buenos aires', 'Buenos Aires', 10, '0.0000', 0, '2018-06-22 17:01:57', '2018-06-22 17:01:57', NULL),
(209, 'catamarca', 'Catamarca', 10, '0.0000', 0, '2018-06-22 17:01:57', '2018-06-22 17:01:57', NULL),
(210, 'chaco', 'Chaco', 10, '0.0000', 0, '2018-06-22 17:01:57', '2018-06-22 17:01:57', NULL),
(211, 'chubut', 'Chubut', 10, '0.0000', 0, '2018-06-22 17:01:57', '2018-06-22 17:01:57', NULL),
(212, 'cordoba', 'Cordoba', 10, '0.0000', 0, '2018-06-22 17:01:57', '2018-06-22 17:01:57', NULL),
(213, 'corrientes', 'Corrientes', 10, '0.0000', 0, '2018-06-22 17:01:57', '2018-06-22 17:01:57', NULL),
(214, 'distrito federal', 'Distrito Federal', 10, '0.0000', 0, '2018-06-22 17:01:57', '2018-06-22 17:01:57', NULL),
(215, 'entre rios', 'Entre Rios', 10, '0.0000', 0, '2018-06-22 17:01:57', '2018-06-22 17:01:57', NULL),
(216, 'formosa', 'Formosa', 10, '0.0000', 0, '2018-06-22 17:01:57', '2018-06-22 17:01:57', NULL),
(217, 'jujuy', 'Jujuy', 10, '0.0000', 0, '2018-06-22 17:01:57', '2018-06-22 17:01:57', NULL),
(218, 'la pampa', 'La Pampa', 10, '0.0000', 0, '2018-06-22 17:01:57', '2018-06-22 17:01:57', NULL),
(219, 'la rioja', 'La Rioja', 10, '0.0000', 0, '2018-06-22 17:01:57', '2018-06-22 17:01:57', NULL),
(220, 'mendoza', 'Mendoza', 10, '0.0000', 0, '2018-06-22 17:01:57', '2018-06-22 17:01:57', NULL),
(221, 'misiones', 'Misiones', 10, '0.0000', 0, '2018-06-22 17:01:57', '2018-06-22 17:01:57', NULL),
(222, 'neuquen', 'Neuquen', 10, '0.0000', 0, '2018-06-22 17:01:57', '2018-06-22 17:01:57', NULL),
(223, 'rio negro', 'Rio Negro', 10, '0.0000', 0, '2018-06-22 17:01:57', '2018-06-22 17:01:57', NULL),
(224, 'salta', 'Salta', 10, '0.0000', 0, '2018-06-22 17:01:57', '2018-06-22 17:01:57', NULL),
(225, 'san juan', 'San Juan', 10, '0.0000', 0, '2018-06-22 17:01:57', '2018-06-22 17:01:57', NULL),
(226, 'san luis', 'San Luis', 10, '0.0000', 0, '2018-06-22 17:01:57', '2018-06-22 17:01:57', NULL),
(227, 'santa cruz', 'Santa Cruz', 10, '0.0000', 0, '2018-06-22 17:01:57', '2018-06-22 17:01:57', NULL),
(228, 'santa fe', 'Santa Fe', 10, '0.0000', 0, '2018-06-22 17:01:57', '2018-06-22 17:01:57', NULL),
(229, 'santiago del estero', 'Santiago del Estero', 10, '0.0000', 0, '2018-06-22 17:01:57', '2018-06-22 17:01:57', NULL),
(230, 'tierra del fuego', 'Tierra del Fuego', 10, '0.0000', 0, '2018-06-22 17:01:57', '2018-06-22 17:01:57', NULL),
(231, 'tucuman', 'Tucuman', 10, '0.0000', 0, '2018-06-22 17:01:57', '2018-06-22 17:01:57', NULL),
(232, 'aragatsotn', 'Aragatsotn', 11, '0.0000', 0, '2018-06-22 17:01:57', '2018-06-22 17:01:57', NULL),
(233, 'ararat', 'Ararat', 11, '0.0000', 0, '2018-06-22 17:01:57', '2018-06-22 17:01:57', NULL),
(234, 'armavir', 'Armavir', 11, '0.0000', 0, '2018-06-22 17:01:57', '2018-06-22 17:01:57', NULL),
(235, 'gegharkunik', 'Gegharkunik', 11, '0.0000', 0, '2018-06-22 17:01:57', '2018-06-22 17:01:57', NULL),
(236, 'kotaik', 'Kotaik', 11, '0.0000', 0, '2018-06-22 17:01:57', '2018-06-22 17:01:57', NULL),
(237, 'lori', 'Lori', 11, '0.0000', 0, '2018-06-22 17:01:57', '2018-06-22 17:01:57', NULL),
(238, 'shirak', 'Shirak', 11, '0.0000', 0, '2018-06-22 17:01:57', '2018-06-22 17:01:57', NULL),
(239, 'stepanakert', 'Stepanakert', 11, '0.0000', 0, '2018-06-22 17:01:57', '2018-06-22 17:01:57', NULL),
(240, 'syunik', 'Syunik', 11, '0.0000', 0, '2018-06-22 17:01:57', '2018-06-22 17:01:57', NULL),
(241, 'tavush', 'Tavush', 11, '0.0000', 0, '2018-06-22 17:01:57', '2018-06-22 17:01:57', NULL),
(242, 'vayots dzor', 'Vayots Dzor', 11, '0.0000', 0, '2018-06-22 17:01:57', '2018-06-22 17:01:57', NULL),
(243, 'yerevan', 'Yerevan', 11, '0.0000', 0, '2018-06-22 17:01:57', '2018-06-22 17:01:57', NULL),
(244, 'aruba', 'Aruba', 12, '0.0000', 0, '2018-06-22 17:01:57', '2018-06-22 17:01:57', NULL),
(245, 'auckland', 'Auckland', 13, '0.0000', 0, '2018-06-22 17:01:57', '2018-06-22 17:01:57', NULL),
(246, 'australian capital territ', 'Australian Capital Territory', 13, '0.0000', 0, '2018-06-22 17:01:57', '2018-06-22 17:01:57', NULL),
(247, 'balgowlah', 'Balgowlah', 13, '0.0000', 0, '2018-06-22 17:01:57', '2018-06-22 17:01:57', NULL),
(248, 'balmain', 'Balmain', 13, '0.0000', 0, '2018-06-22 17:01:57', '2018-06-22 17:01:57', NULL),
(249, 'bankstown', 'Bankstown', 13, '0.0000', 0, '2018-06-22 17:01:57', '2018-06-22 17:01:57', NULL),
(250, 'baulkham hills', 'Baulkham Hills', 13, '0.0000', 0, '2018-06-22 17:01:57', '2018-06-22 17:01:57', NULL),
(251, 'bonnet bay', 'Bonnet Bay', 13, '0.0000', 0, '2018-06-22 17:01:57', '2018-06-22 17:01:57', NULL),
(252, 'camberwell', 'Camberwell', 13, '0.0000', 0, '2018-06-22 17:01:57', '2018-06-22 17:01:57', NULL),
(253, 'carole park', 'Carole Park', 13, '0.0000', 0, '2018-06-22 17:01:57', '2018-06-22 17:01:57', NULL),
(254, 'castle hill', 'Castle Hill', 13, '0.0000', 0, '2018-06-22 17:01:57', '2018-06-22 17:01:57', NULL),
(255, 'caulfield', 'Caulfield', 13, '0.0000', 0, '2018-06-22 17:01:57', '2018-06-22 17:01:57', NULL),
(256, 'chatswood', 'Chatswood', 13, '0.0000', 0, '2018-06-22 17:01:57', '2018-06-22 17:01:57', NULL),
(257, 'cheltenham', 'Cheltenham', 13, '0.0000', 0, '2018-06-22 17:01:57', '2018-06-22 17:01:57', NULL),
(258, 'cherrybrook', 'Cherrybrook', 13, '0.0000', 0, '2018-06-22 17:01:57', '2018-06-22 17:01:57', NULL),
(259, 'clayton', 'Clayton', 13, '0.0000', 0, '2018-06-22 17:01:57', '2018-06-22 17:01:57', NULL),
(260, 'collingwood', 'Collingwood', 13, '0.0000', 0, '2018-06-22 17:01:57', '2018-06-22 17:01:57', NULL),
(261, 'frenchs forest', 'Frenchs Forest', 13, '0.0000', 0, '2018-06-22 17:01:57', '2018-06-22 17:01:57', NULL),
(262, 'hawthorn', 'Hawthorn', 13, '0.0000', 0, '2018-06-22 17:01:57', '2018-06-22 17:01:57', NULL),
(263, 'jannnali', 'Jannnali', 13, '0.0000', 0, '2018-06-22 17:01:57', '2018-06-22 17:01:57', NULL),
(264, 'knoxfield', 'Knoxfield', 13, '0.0000', 0, '2018-06-22 17:01:57', '2018-06-22 17:01:57', NULL),
(265, 'melbourne', 'Melbourne', 13, '0.0000', 0, '2018-06-22 17:01:57', '2018-06-22 17:01:57', NULL),
(266, 'new south wales', 'New South Wales', 13, '0.0000', 0, '2018-06-22 17:01:57', '2018-06-22 17:01:57', NULL),
(267, 'northern territory', 'Northern Territory', 13, '0.0000', 0, '2018-06-22 17:01:57', '2018-06-22 17:01:57', NULL),
(268, 'perth', 'Perth', 13, '0.0000', 0, '2018-06-22 17:01:57', '2018-06-22 17:01:57', NULL),
(269, 'queensland', 'Queensland', 13, '0.0000', 0, '2018-06-22 17:01:57', '2018-06-22 17:01:57', NULL),
(270, 'south australia', 'South Australia', 13, '0.0000', 0, '2018-06-22 17:01:57', '2018-06-22 17:01:57', NULL),
(271, 'tasmania', 'Tasmania', 13, '0.0000', 0, '2018-06-22 17:01:57', '2018-06-22 17:01:57', NULL),
(272, 'templestowe', 'Templestowe', 13, '0.0000', 0, '2018-06-22 17:01:57', '2018-06-22 17:01:57', NULL),
(273, 'victoria', 'Victoria', 13, '0.0000', 0, '2018-06-22 17:01:57', '2018-06-22 17:01:57', NULL),
(274, 'werribee south', 'Werribee south', 13, '0.0000', 0, '2018-06-22 17:01:57', '2018-06-22 17:01:57', NULL),
(275, 'western australia', 'Western Australia', 13, '0.0000', 0, '2018-06-22 17:01:57', '2018-06-22 17:01:57', NULL),
(276, 'wheeler', 'Wheeler', 13, '0.0000', 0, '2018-06-22 17:01:57', '2018-06-22 17:01:57', NULL),
(277, 'bundesland salzburg', 'Bundesland Salzburg', 14, '0.0000', 0, '2018-06-22 17:01:57', '2018-06-22 17:01:57', NULL),
(278, 'bundesland steiermark', 'Bundesland Steiermark', 14, '0.0000', 0, '2018-06-22 17:01:57', '2018-06-22 17:01:57', NULL),
(279, 'bundesland tirol', 'Bundesland Tirol', 14, '0.0000', 0, '2018-06-22 17:01:57', '2018-06-22 17:01:57', NULL),
(280, 'burgenland', 'Burgenland', 14, '0.0000', 0, '2018-06-22 17:01:57', '2018-06-22 17:01:57', NULL),
(281, 'carinthia', 'Carinthia', 14, '0.0000', 0, '2018-06-22 17:01:57', '2018-06-22 17:01:57', NULL),
(282, 'karnten', 'Karnten', 14, '0.0000', 0, '2018-06-22 17:01:57', '2018-06-22 17:01:57', NULL),
(283, 'liezen', 'Liezen', 14, '0.0000', 0, '2018-06-22 17:01:57', '2018-06-22 17:01:57', NULL),
(284, 'lower austria', 'Lower Austria', 14, '0.0000', 0, '2018-06-22 17:01:57', '2018-06-22 17:01:57', NULL),
(285, 'niederosterreich', 'Niederosterreich', 14, '0.0000', 0, '2018-06-22 17:01:57', '2018-06-22 17:01:57', NULL),
(286, 'oberosterreich', 'Oberosterreich', 14, '0.0000', 0, '2018-06-22 17:01:57', '2018-06-22 17:01:57', NULL),
(287, 'salzburg', 'Salzburg', 14, '0.0000', 0, '2018-06-22 17:01:57', '2018-06-22 17:01:57', NULL),
(288, 'schleswig-holstein', 'Schleswig-Holstein', 14, '0.0000', 0, '2018-06-22 17:01:57', '2018-06-22 17:01:57', NULL),
(289, 'steiermark', 'Steiermark', 14, '0.0000', 0, '2018-06-22 17:01:57', '2018-06-22 17:01:57', NULL),
(290, 'styria', 'Styria', 14, '0.0000', 0, '2018-06-22 17:01:57', '2018-06-22 17:01:57', NULL),
(291, 'tirol', 'Tirol', 14, '0.0000', 0, '2018-06-22 17:01:57', '2018-06-22 17:01:57', NULL),
(292, 'upper austria', 'Upper Austria', 14, '0.0000', 0, '2018-06-22 17:01:57', '2018-06-22 17:01:57', NULL),
(293, 'vorarlberg', 'Vorarlberg', 14, '0.0000', 0, '2018-06-22 17:01:57', '2018-06-22 17:01:57', NULL),
(294, 'wien', 'Wien', 14, '0.0000', 0, '2018-06-22 17:01:57', '2018-06-22 17:01:57', NULL),
(295, 'abseron', 'Abseron', 15, '0.0000', 0, '2018-06-22 17:01:57', '2018-06-22 17:01:57', NULL),
(296, 'baki sahari', 'Baki Sahari', 15, '0.0000', 0, '2018-06-22 17:01:57', '2018-06-22 17:01:57', NULL),
(297, 'ganca', 'Ganca', 15, '0.0000', 0, '2018-06-22 17:01:57', '2018-06-22 17:01:57', NULL),
(298, 'ganja', 'Ganja', 15, '0.0000', 0, '2018-06-22 17:01:57', '2018-06-22 17:01:57', NULL),
(299, 'kalbacar', 'Kalbacar', 15, '0.0000', 0, '2018-06-22 17:01:57', '2018-06-22 17:01:57', NULL),
(300, 'lankaran', 'Lankaran', 15, '0.0000', 0, '2018-06-22 17:01:57', '2018-06-22 17:01:57', NULL),
(301, 'mil-qarabax', 'Mil-Qarabax', 15, '0.0000', 0, '2018-06-22 17:01:57', '2018-06-22 17:01:57', NULL),
(302, 'mugan-salyan', 'Mugan-Salyan', 15, '0.0000', 0, '2018-06-22 17:01:57', '2018-06-22 17:01:57', NULL),
(303, 'nagorni-qarabax', 'Nagorni-Qarabax', 15, '0.0000', 0, '2018-06-22 17:01:57', '2018-06-22 17:01:57', NULL),
(304, 'naxcivan', 'Naxcivan', 15, '0.0000', 0, '2018-06-22 17:01:57', '2018-06-22 17:01:57', NULL),
(305, 'priaraks', 'Priaraks', 15, '0.0000', 0, '2018-06-22 17:01:57', '2018-06-22 17:01:57', NULL),
(306, 'qazax', 'Qazax', 15, '0.0000', 0, '2018-06-22 17:01:57', '2018-06-22 17:01:57', NULL),
(307, 'saki', 'Saki', 15, '0.0000', 0, '2018-06-22 17:01:57', '2018-06-22 17:01:57', NULL),
(308, 'sirvan', 'Sirvan', 15, '0.0000', 0, '2018-06-22 17:01:57', '2018-06-22 17:01:57', NULL),
(309, 'xacmaz', 'Xacmaz', 15, '0.0000', 0, '2018-06-22 17:01:57', '2018-06-22 17:01:57', NULL),
(310, 'abaco', 'Abaco', 16, '0.0000', 0, '2018-06-22 17:01:57', '2018-06-22 17:01:57', NULL),
(311, 'acklins island', 'Acklins Island', 16, '0.0000', 0, '2018-06-22 17:01:57', '2018-06-22 17:01:57', NULL),
(312, 'andros', 'Andros', 16, '0.0000', 0, '2018-06-22 17:01:57', '2018-06-22 17:01:57', NULL),
(313, 'berry islands', 'Berry Islands', 16, '0.0000', 0, '2018-06-22 17:01:57', '2018-06-22 17:01:57', NULL),
(314, 'biminis', 'Biminis', 16, '0.0000', 0, '2018-06-22 17:01:57', '2018-06-22 17:01:57', NULL),
(315, 'cat island', 'Cat Island', 16, '0.0000', 0, '2018-06-22 17:01:57', '2018-06-22 17:01:57', NULL),
(316, 'crooked island', 'Crooked Island', 16, '0.0000', 0, '2018-06-22 17:01:57', '2018-06-22 17:01:57', NULL),
(317, 'eleuthera', 'Eleuthera', 16, '0.0000', 0, '2018-06-22 17:01:57', '2018-06-22 17:01:57', NULL),
(318, 'exuma and cays', 'Exuma and Cays', 16, '0.0000', 0, '2018-06-22 17:01:57', '2018-06-22 17:01:57', NULL),
(319, 'grand bahama', 'Grand Bahama', 16, '0.0000', 0, '2018-06-22 17:01:57', '2018-06-22 17:01:57', NULL),
(320, 'inagua islands', 'Inagua Islands', 16, '0.0000', 0, '2018-06-22 17:01:57', '2018-06-22 17:01:57', NULL),
(321, 'long island', 'Long Island', 16, '0.0000', 0, '2018-06-22 17:01:57', '2018-06-22 17:01:57', NULL),
(322, 'mayaguana', 'Mayaguana', 16, '0.0000', 0, '2018-06-22 17:01:57', '2018-06-22 17:01:57', NULL),
(323, 'new providence', 'New Providence', 16, '0.0000', 0, '2018-06-22 17:01:57', '2018-06-22 17:01:57', NULL),
(324, 'ragged island', 'Ragged Island', 16, '0.0000', 0, '2018-06-22 17:01:57', '2018-06-22 17:01:57', NULL),
(325, 'rum cay', 'Rum Cay', 16, '0.0000', 0, '2018-06-22 17:01:57', '2018-06-22 17:01:57', NULL),
(326, 'san salvador', 'San Salvador', 16, '0.0000', 0, '2018-06-22 17:01:57', '2018-06-22 17:01:57', NULL),
(327, 'isa', 'Isa', 17, '0.0000', 0, '2018-06-22 17:01:57', '2018-06-22 17:01:57', NULL),
(328, 'badiyah', 'Badiyah', 17, '0.0000', 0, '2018-06-22 17:01:57', '2018-06-22 17:01:57', NULL),
(329, 'hidd', 'Hidd', 17, '0.0000', 0, '2018-06-22 17:01:57', '2018-06-22 17:01:57', NULL),
(330, 'jidd hafs', 'Jidd Hafs', 17, '0.0000', 0, '2018-06-22 17:01:57', '2018-06-22 17:01:57', NULL),
(331, 'mahama', 'Mahama', 17, '0.0000', 0, '2018-06-22 17:01:57', '2018-06-22 17:01:57', NULL),
(332, 'manama', 'Manama', 17, '0.0000', 0, '2018-06-22 17:01:57', '2018-06-22 17:01:57', NULL),
(333, 'sitrah', 'Sitrah', 17, '0.0000', 0, '2018-06-22 17:01:57', '2018-06-22 17:01:57', NULL),
(334, 'al-manamah', 'al-Manamah', 17, '0.0000', 0, '2018-06-22 17:01:57', '2018-06-22 17:01:57', NULL),
(335, 'al-muharraq', 'al-Muharraq', 17, '0.0000', 0, '2018-06-22 17:01:57', '2018-06-22 17:01:57', NULL),
(336, 'ar-rifa''''a', 'ar-Rifa''''a', 17, '0.0000', 0, '2018-06-22 17:01:57', '2018-06-22 17:01:57', NULL),
(337, 'bagar hat', 'Bagar Hat', 18, '0.0000', 0, '2018-06-22 17:01:57', '2018-06-22 17:01:57', NULL),
(338, 'bandarban', 'Bandarban', 18, '0.0000', 0, '2018-06-22 17:01:57', '2018-06-22 17:01:57', NULL),
(339, 'barguna', 'Barguna', 18, '0.0000', 0, '2018-06-22 17:01:57', '2018-06-22 17:01:57', NULL),
(340, 'barisal', 'Barisal', 18, '0.0000', 0, '2018-06-22 17:01:57', '2018-06-22 17:01:57', NULL),
(341, 'bhola', 'Bhola', 18, '0.0000', 0, '2018-06-22 17:01:57', '2018-06-22 17:01:57', NULL),
(342, 'bogora', 'Bogora', 18, '0.0000', 0, '2018-06-22 17:01:57', '2018-06-22 17:01:57', NULL),
(343, 'brahman bariya', 'Brahman Bariya', 18, '0.0000', 0, '2018-06-22 17:01:57', '2018-06-22 17:01:57', NULL),
(344, 'chandpur', 'Chandpur', 18, '0.0000', 0, '2018-06-22 17:01:57', '2018-06-22 17:01:57', NULL),
(345, 'chattagam', 'Chattagam', 18, '0.0000', 0, '2018-06-22 17:01:57', '2018-06-22 17:01:57', NULL),
(346, 'chittagong division', 'Chittagong Division', 18, '0.0000', 0, '2018-06-22 17:01:57', '2018-06-22 17:01:57', NULL),
(347, 'chuadanga', 'Chuadanga', 18, '0.0000', 0, '2018-06-22 17:01:57', '2018-06-22 17:01:57', NULL),
(348, 'dhaka', 'Dhaka', 18, '0.0000', 0, '2018-06-22 17:01:57', '2018-06-22 17:01:57', NULL),
(349, 'dinajpur', 'Dinajpur', 18, '0.0000', 0, '2018-06-22 17:01:57', '2018-06-22 17:01:57', NULL),
(350, 'faridpur', 'Faridpur', 18, '0.0000', 0, '2018-06-22 17:01:57', '2018-06-22 17:01:57', NULL),
(351, 'feni', 'Feni', 18, '0.0000', 0, '2018-06-22 17:01:57', '2018-06-22 17:01:57', NULL),
(352, 'gaybanda', 'Gaybanda', 18, '0.0000', 0, '2018-06-22 17:01:57', '2018-06-22 17:01:57', NULL),
(353, 'gazipur', 'Gazipur', 18, '0.0000', 0, '2018-06-22 17:01:57', '2018-06-22 17:01:57', NULL),
(354, 'gopalganj', 'Gopalganj', 18, '0.0000', 0, '2018-06-22 17:01:57', '2018-06-22 17:01:57', NULL),
(355, 'habiganj', 'Habiganj', 18, '0.0000', 0, '2018-06-22 17:01:57', '2018-06-22 17:01:57', NULL),
(356, 'jaipur hat', 'Jaipur Hat', 18, '0.0000', 0, '2018-06-22 17:01:57', '2018-06-22 17:01:57', NULL),
(357, 'jamalpur', 'Jamalpur', 18, '0.0000', 0, '2018-06-22 17:01:57', '2018-06-22 17:01:57', NULL),
(358, 'jessor', 'Jessor', 18, '0.0000', 0, '2018-06-22 17:01:57', '2018-06-22 17:01:57', NULL),
(359, 'jhalakati', 'Jhalakati', 18, '0.0000', 0, '2018-06-22 17:01:57', '2018-06-22 17:01:57', NULL),
(360, 'jhanaydah', 'Jhanaydah', 18, '0.0000', 0, '2018-06-22 17:01:57', '2018-06-22 17:01:57', NULL),
(361, 'khagrachhari', 'Khagrachhari', 18, '0.0000', 0, '2018-06-22 17:01:57', '2018-06-22 17:01:57', NULL),
(362, 'khulna', 'Khulna', 18, '0.0000', 0, '2018-06-22 17:01:57', '2018-06-22 17:01:57', NULL),
(363, 'kishorganj', 'Kishorganj', 18, '0.0000', 0, '2018-06-22 17:01:57', '2018-06-22 17:01:57', NULL),
(364, 'koks bazar', 'Koks Bazar', 18, '0.0000', 0, '2018-06-22 17:01:57', '2018-06-22 17:01:57', NULL),
(365, 'komilla', 'Komilla', 18, '0.0000', 0, '2018-06-22 17:01:57', '2018-06-22 17:01:57', NULL),
(366, 'kurigram', 'Kurigram', 18, '0.0000', 0, '2018-06-22 17:01:57', '2018-06-22 17:01:57', NULL),
(367, 'kushtiya', 'Kushtiya', 18, '0.0000', 0, '2018-06-22 17:01:57', '2018-06-22 17:01:57', NULL),
(368, 'lakshmipur', 'Lakshmipur', 18, '0.0000', 0, '2018-06-22 17:01:57', '2018-06-22 17:01:57', NULL),
(369, 'lalmanir hat', 'Lalmanir Hat', 18, '0.0000', 0, '2018-06-22 17:01:57', '2018-06-22 17:01:57', NULL),
(370, 'madaripur', 'Madaripur', 18, '0.0000', 0, '2018-06-22 17:01:57', '2018-06-22 17:01:57', NULL),
(371, 'magura', 'Magura', 18, '0.0000', 0, '2018-06-22 17:01:57', '2018-06-22 17:01:57', NULL),
(372, 'maimansingh', 'Maimansingh', 18, '0.0000', 0, '2018-06-22 17:01:57', '2018-06-22 17:01:57', NULL),
(373, 'manikganj', 'Manikganj', 18, '0.0000', 0, '2018-06-22 17:01:57', '2018-06-22 17:01:57', NULL),
(374, 'maulvi bazar', 'Maulvi Bazar', 18, '0.0000', 0, '2018-06-22 17:01:57', '2018-06-22 17:01:57', NULL),
(375, 'meherpur', 'Meherpur', 18, '0.0000', 0, '2018-06-22 17:01:57', '2018-06-22 17:01:57', NULL),
(376, 'munshiganj', 'Munshiganj', 18, '0.0000', 0, '2018-06-22 17:01:57', '2018-06-22 17:01:57', NULL),
(377, 'naral', 'Naral', 18, '0.0000', 0, '2018-06-22 17:01:57', '2018-06-22 17:01:57', NULL),
(378, 'narayanganj', 'Narayanganj', 18, '0.0000', 0, '2018-06-22 17:01:57', '2018-06-22 17:01:57', NULL),
(379, 'narsingdi', 'Narsingdi', 18, '0.0000', 0, '2018-06-22 17:01:57', '2018-06-22 17:01:57', NULL),
(380, 'nator', 'Nator', 18, '0.0000', 0, '2018-06-22 17:01:57', '2018-06-22 17:01:57', NULL),
(381, 'naugaon', 'Naugaon', 18, '0.0000', 0, '2018-06-22 17:01:57', '2018-06-22 17:01:57', NULL),
(382, 'nawabganj', 'Nawabganj', 18, '0.0000', 0, '2018-06-22 17:01:57', '2018-06-22 17:01:57', NULL),
(383, 'netrakona', 'Netrakona', 18, '0.0000', 0, '2018-06-22 17:01:57', '2018-06-22 17:01:57', NULL),
(384, 'nilphamari', 'Nilphamari', 18, '0.0000', 0, '2018-06-22 17:01:57', '2018-06-22 17:01:57', NULL),
(385, 'noakhali', 'Noakhali', 18, '0.0000', 0, '2018-06-22 17:01:57', '2018-06-22 17:01:57', NULL),
(386, 'pabna', 'Pabna', 18, '0.0000', 0, '2018-06-22 17:01:57', '2018-06-22 17:01:57', NULL),
(387, 'panchagarh', 'Panchagarh', 18, '0.0000', 0, '2018-06-22 17:01:57', '2018-06-22 17:01:57', NULL),
(388, 'patuakhali', 'Patuakhali', 18, '0.0000', 0, '2018-06-22 17:01:57', '2018-06-22 17:01:57', NULL),
(389, 'pirojpur', 'Pirojpur', 18, '0.0000', 0, '2018-06-22 17:01:57', '2018-06-22 17:01:57', NULL),
(390, 'rajbari', 'Rajbari', 18, '0.0000', 0, '2018-06-22 17:01:57', '2018-06-22 17:01:57', NULL),
(391, 'rajshahi', 'Rajshahi', 18, '0.0000', 0, '2018-06-22 17:01:57', '2018-06-22 17:01:57', NULL),
(392, 'rangamati', 'Rangamati', 18, '0.0000', 0, '2018-06-22 17:01:57', '2018-06-22 17:01:57', NULL),
(393, 'rangpur', 'Rangpur', 18, '0.0000', 0, '2018-06-22 17:01:57', '2018-06-22 17:01:57', NULL),
(394, 'satkhira', 'Satkhira', 18, '0.0000', 0, '2018-06-22 17:01:57', '2018-06-22 17:01:57', NULL),
(395, 'shariatpur', 'Shariatpur', 18, '0.0000', 0, '2018-06-22 17:01:57', '2018-06-22 17:01:57', NULL),
(396, 'sherpur', 'Sherpur', 18, '0.0000', 0, '2018-06-22 17:01:57', '2018-06-22 17:01:57', NULL),
(397, 'silhat', 'Silhat', 18, '0.0000', 0, '2018-06-22 17:01:57', '2018-06-22 17:01:57', NULL),
(398, 'sirajganj', 'Sirajganj', 18, '0.0000', 0, '2018-06-22 17:01:57', '2018-06-22 17:01:57', NULL),
(399, 'sunamganj', 'Sunamganj', 18, '0.0000', 0, '2018-06-22 17:01:57', '2018-06-22 17:01:57', NULL),
(400, 'tangayal', 'Tangayal', 18, '0.0000', 0, '2018-06-22 17:01:57', '2018-06-22 17:01:57', NULL),
(401, 'thakurgaon', 'Thakurgaon', 18, '0.0000', 0, '2018-06-22 17:01:57', '2018-06-22 17:01:57', NULL),
(402, 'christ church', 'Christ Church', 19, '0.0000', 0, '2018-06-22 17:01:57', '2018-06-22 17:01:57', NULL),
(403, 'saint andrew', 'Saint Andrew', 19, '0.0000', 0, '2018-06-22 17:01:57', '2018-06-22 17:01:57', NULL),
(404, 'saint george', 'Saint George', 19, '0.0000', 0, '2018-06-22 17:01:57', '2018-06-22 17:01:57', NULL),
(405, 'saint james', 'Saint James', 19, '0.0000', 0, '2018-06-22 17:01:57', '2018-06-22 17:01:57', NULL),
(406, 'saint john', 'Saint John', 19, '0.0000', 0, '2018-06-22 17:01:57', '2018-06-22 17:01:57', NULL),
(407, 'saint joseph', 'Saint Joseph', 19, '0.0000', 0, '2018-06-22 17:01:57', '2018-06-22 17:01:57', NULL),
(408, 'saint lucy', 'Saint Lucy', 19, '0.0000', 0, '2018-06-22 17:01:57', '2018-06-22 17:01:57', NULL),
(409, 'saint michael', 'Saint Michael', 19, '0.0000', 0, '2018-06-22 17:01:57', '2018-06-22 17:01:57', NULL),
(410, 'saint peter', 'Saint Peter', 19, '0.0000', 0, '2018-06-22 17:01:57', '2018-06-22 17:01:57', NULL),
(411, 'saint philip', 'Saint Philip', 19, '0.0000', 0, '2018-06-22 17:01:57', '2018-06-22 17:01:57', NULL),
(412, 'saint thomas', 'Saint Thomas', 19, '0.0000', 0, '2018-06-22 17:01:57', '2018-06-22 17:01:57', NULL),
(413, 'brest', 'Brest', 20, '0.0000', 0, '2018-06-22 17:01:57', '2018-06-22 17:01:57', NULL),
(414, 'homjel', 'Homjel', 20, '0.0000', 0, '2018-06-22 17:01:57', '2018-06-22 17:01:57', NULL),
(415, 'hrodna', 'Hrodna', 20, '0.0000', 0, '2018-06-22 17:01:57', '2018-06-22 17:01:57', NULL),
(416, 'mahiljow', 'Mahiljow', 20, '0.0000', 0, '2018-06-22 17:01:57', '2018-06-22 17:01:57', NULL),
(417, 'mahilyowskaya voblasts', 'Mahilyowskaya Voblasts', 20, '0.0000', 0, '2018-06-22 17:01:57', '2018-06-22 17:01:57', NULL),
(418, 'minsk', 'Minsk', 20, '0.0000', 0, '2018-06-22 17:01:57', '2018-06-22 17:01:57', NULL),
(419, 'minskaja voblasts', 'Minskaja Voblasts', 20, '0.0000', 0, '2018-06-22 17:01:57', '2018-06-22 17:01:57', NULL),
(420, 'petrik', 'Petrik', 20, '0.0000', 0, '2018-06-22 17:01:57', '2018-06-22 17:01:57', NULL),
(421, 'vicebsk', 'Vicebsk', 20, '0.0000', 0, '2018-06-22 17:01:57', '2018-06-22 17:01:57', NULL),
(422, 'antwerpen', 'Antwerpen', 21, '0.0000', 0, '2018-06-22 17:01:57', '2018-06-22 17:01:57', NULL),
(423, 'berchem', 'Berchem', 21, '0.0000', 0, '2018-06-22 17:01:57', '2018-06-22 17:01:57', NULL),
(424, 'brabant', 'Brabant', 21, '0.0000', 0, '2018-06-22 17:01:57', '2018-06-22 17:01:57', NULL),
(425, 'brabant wallon', 'Brabant Wallon', 21, '0.0000', 0, '2018-06-22 17:01:57', '2018-06-22 17:01:57', NULL),
(426, 'brussel', 'Brussel', 21, '0.0000', 0, '2018-06-22 17:01:57', '2018-06-22 17:01:57', NULL),
(427, 'east flanders', 'East Flanders', 21, '0.0000', 0, '2018-06-22 17:01:57', '2018-06-22 17:01:57', NULL),
(428, 'hainaut', 'Hainaut', 21, '0.0000', 0, '2018-06-22 17:01:57', '2018-06-22 17:01:57', NULL),
(429, 'liege', 'Liege', 21, '0.0000', 0, '2018-06-22 17:01:57', '2018-06-22 17:01:57', NULL),
(430, 'limburg', 'Limburg', 21, '0.0000', 0, '2018-06-22 17:01:57', '2018-06-22 17:01:57', NULL),
(431, 'luxembourg', 'Luxembourg', 21, '0.0000', 0, '2018-06-22 17:01:57', '2018-06-22 17:01:57', NULL),
(432, 'namur', 'Namur', 21, '0.0000', 0, '2018-06-22 17:01:57', '2018-06-22 17:01:57', NULL),
(433, 'ontario', 'Ontario', 21, '0.0000', 0, '2018-06-22 17:01:57', '2018-06-22 17:01:57', NULL),
(434, 'oost-vlaanderen', 'Oost-Vlaanderen', 21, '0.0000', 0, '2018-06-22 17:01:57', '2018-06-22 17:01:57', NULL),
(435, 'provincie brabant', 'Provincie Brabant', 21, '0.0000', 0, '2018-06-22 17:01:57', '2018-06-22 17:01:57', NULL),
(436, 'vlaams-brabant', 'Vlaams-Brabant', 21, '0.0000', 0, '2018-06-22 17:01:57', '2018-06-22 17:01:57', NULL),
(437, 'wallonne', 'Wallonne', 21, '0.0000', 0, '2018-06-22 17:01:57', '2018-06-22 17:01:57', NULL),
(438, 'west-vlaanderen', 'West-Vlaanderen', 21, '0.0000', 0, '2018-06-22 17:01:57', '2018-06-22 17:01:57', NULL),
(439, 'belize', 'Belize', 22, '0.0000', 0, '2018-06-22 17:01:57', '2018-06-22 17:01:57', NULL),
(440, 'cayo', 'Cayo', 22, '0.0000', 0, '2018-06-22 17:01:57', '2018-06-22 17:01:57', NULL),
(441, 'corozal', 'Corozal', 22, '0.0000', 0, '2018-06-22 17:01:57', '2018-06-22 17:01:57', NULL),
(442, 'orange walk', 'Orange Walk', 22, '0.0000', 0, '2018-06-22 17:01:57', '2018-06-22 17:01:57', NULL),
(443, 'stann creek', 'Stann Creek', 22, '0.0000', 0, '2018-06-22 17:01:57', '2018-06-22 17:01:57', NULL),
(444, 'toledo', 'Toledo', 22, '0.0000', 0, '2018-06-22 17:01:57', '2018-06-22 17:01:57', NULL),
(445, 'alibori', 'Alibori', 23, '0.0000', 0, '2018-06-22 17:01:57', '2018-06-22 17:01:57', NULL),
(446, 'atacora', 'Atacora', 23, '0.0000', 0, '2018-06-22 17:01:57', '2018-06-22 17:01:57', NULL),
(447, 'atlantique', 'Atlantique', 23, '0.0000', 0, '2018-06-22 17:01:57', '2018-06-22 17:01:57', NULL),
(448, 'borgou', 'Borgou', 23, '0.0000', 0, '2018-06-22 17:01:57', '2018-06-22 17:01:57', NULL),
(449, 'collines', 'Collines', 23, '0.0000', 0, '2018-06-22 17:01:57', '2018-06-22 17:01:57', NULL),
(450, 'couffo', 'Couffo', 23, '0.0000', 0, '2018-06-22 17:01:57', '2018-06-22 17:01:57', NULL),
(451, 'donga', 'Donga', 23, '0.0000', 0, '2018-06-22 17:01:57', '2018-06-22 17:01:57', NULL),
(452, 'littoral', 'Littoral', 23, '0.0000', 0, '2018-06-22 17:01:57', '2018-06-22 17:01:57', NULL),
(453, 'mono', 'Mono', 23, '0.0000', 0, '2018-06-22 17:01:57', '2018-06-22 17:01:57', NULL),
(454, 'oueme', 'Oueme', 23, '0.0000', 0, '2018-06-22 17:01:57', '2018-06-22 17:01:57', NULL),
(455, 'plateau', 'Plateau', 23, '0.0000', 0, '2018-06-22 17:01:57', '2018-06-22 17:01:57', NULL),
(456, 'zou', 'Zou', 23, '0.0000', 0, '2018-06-22 17:01:57', '2018-06-22 17:01:57', NULL),
(457, 'hamilton', 'Hamilton', 24, '0.0000', 0, '2018-06-22 17:01:57', '2018-06-22 17:01:57', NULL),
(458, 'saint george', 'Saint George', 24, '0.0000', 0, '2018-06-22 17:01:57', '2018-06-22 17:01:57', NULL),
(459, 'bumthang', 'Bumthang', 25, '0.0000', 0, '2018-06-22 17:01:57', '2018-06-22 17:01:57', NULL),
(460, 'chhukha', 'Chhukha', 25, '0.0000', 0, '2018-06-22 17:01:57', '2018-06-22 17:01:57', NULL),
(461, 'chirang', 'Chirang', 25, '0.0000', 0, '2018-06-22 17:01:57', '2018-06-22 17:01:57', NULL),
(462, 'daga', 'Daga', 25, '0.0000', 0, '2018-06-22 17:01:57', '2018-06-22 17:01:57', NULL),
(463, 'geylegphug', 'Geylegphug', 25, '0.0000', 0, '2018-06-22 17:01:57', '2018-06-22 17:01:57', NULL),
(464, 'ha', 'Ha', 25, '0.0000', 0, '2018-06-22 17:01:57', '2018-06-22 17:01:57', NULL),
(465, 'lhuntshi', 'Lhuntshi', 25, '0.0000', 0, '2018-06-22 17:01:57', '2018-06-22 17:01:57', NULL),
(466, 'mongar', 'Mongar', 25, '0.0000', 0, '2018-06-22 17:01:57', '2018-06-22 17:01:57', NULL),
(467, 'pemagatsel', 'Pemagatsel', 25, '0.0000', 0, '2018-06-22 17:01:57', '2018-06-22 17:01:57', NULL),
(468, 'punakha', 'Punakha', 25, '0.0000', 0, '2018-06-22 17:01:57', '2018-06-22 17:01:57', NULL),
(469, 'rinpung', 'Rinpung', 25, '0.0000', 0, '2018-06-22 17:01:57', '2018-06-22 17:01:57', NULL),
(470, 'samchi', 'Samchi', 25, '0.0000', 0, '2018-06-22 17:01:57', '2018-06-22 17:01:57', NULL),
(471, 'samdrup jongkhar', 'Samdrup Jongkhar', 25, '0.0000', 0, '2018-06-22 17:01:57', '2018-06-22 17:01:57', NULL),
(472, 'shemgang', 'Shemgang', 25, '0.0000', 0, '2018-06-22 17:01:57', '2018-06-22 17:01:57', NULL),
(473, 'tashigang', 'Tashigang', 25, '0.0000', 0, '2018-06-22 17:01:57', '2018-06-22 17:01:57', NULL),
(474, 'timphu', 'Timphu', 25, '0.0000', 0, '2018-06-22 17:01:57', '2018-06-22 17:01:57', NULL),
(475, 'tongsa', 'Tongsa', 25, '0.0000', 0, '2018-06-22 17:01:57', '2018-06-22 17:01:57', NULL),
(476, 'wangdiphodrang', 'Wangdiphodrang', 25, '0.0000', 0, '2018-06-22 17:01:57', '2018-06-22 17:01:57', NULL),
(477, 'beni', 'Beni', 26, '0.0000', 0, '2018-06-22 17:01:57', '2018-06-22 17:01:57', NULL),
(478, 'chuquisaca', 'Chuquisaca', 26, '0.0000', 0, '2018-06-22 17:01:57', '2018-06-22 17:01:57', NULL),
(479, 'cochabamba', 'Cochabamba', 26, '0.0000', 0, '2018-06-22 17:01:57', '2018-06-22 17:01:57', NULL),
(480, 'la paz', 'La Paz', 26, '0.0000', 0, '2018-06-22 17:01:57', '2018-06-22 17:01:57', NULL),
(481, 'oruro', 'Oruro', 26, '0.0000', 0, '2018-06-22 17:01:57', '2018-06-22 17:01:57', NULL),
(482, 'pando', 'Pando', 26, '0.0000', 0, '2018-06-22 17:01:57', '2018-06-22 17:01:57', NULL),
(483, 'potosi', 'Potosi', 26, '0.0000', 0, '2018-06-22 17:01:57', '2018-06-22 17:01:57', NULL),
(484, 'santa cruz', 'Santa Cruz', 26, '0.0000', 0, '2018-06-22 17:01:57', '2018-06-22 17:01:57', NULL),
(485, 'tarija', 'Tarija', 26, '0.0000', 0, '2018-06-22 17:01:57', '2018-06-22 17:01:57', NULL),
(486, 'federacija bosna i herceg', 'Federacija Bosna i Hercegovina', 27, '0.0000', 0, '2018-06-22 17:01:57', '2018-06-22 17:01:57', NULL),
(487, 'republika srpska', 'Republika Srpska', 27, '0.0000', 0, '2018-06-22 17:01:57', '2018-06-22 17:01:57', NULL),
(488, 'central bobonong', 'Central Bobonong', 28, '0.0000', 0, '2018-06-22 17:01:57', '2018-06-22 17:01:57', NULL),
(489, 'central boteti', 'Central Boteti', 28, '0.0000', 0, '2018-06-22 17:01:57', '2018-06-22 17:01:57', NULL),
(490, 'central mahalapye', 'Central Mahalapye', 28, '0.0000', 0, '2018-06-22 17:01:57', '2018-06-22 17:01:57', NULL),
(491, 'central serowe-palapye', 'Central Serowe-Palapye', 28, '0.0000', 0, '2018-06-22 17:01:57', '2018-06-22 17:01:57', NULL),
(492, 'central tutume', 'Central Tutume', 28, '0.0000', 0, '2018-06-22 17:01:57', '2018-06-22 17:01:57', NULL),
(493, 'chobe', 'Chobe', 28, '0.0000', 0, '2018-06-22 17:01:57', '2018-06-22 17:01:57', NULL),
(494, 'francistown', 'Francistown', 28, '0.0000', 0, '2018-06-22 17:01:57', '2018-06-22 17:01:57', NULL),
(495, 'gaborone', 'Gaborone', 28, '0.0000', 0, '2018-06-22 17:01:57', '2018-06-22 17:01:57', NULL),
(496, 'ghanzi', 'Ghanzi', 28, '0.0000', 0, '2018-06-22 17:01:57', '2018-06-22 17:01:57', NULL),
(497, 'jwaneng', 'Jwaneng', 28, '0.0000', 0, '2018-06-22 17:01:57', '2018-06-22 17:01:57', NULL),
(498, 'kgalagadi north', 'Kgalagadi North', 28, '0.0000', 0, '2018-06-22 17:01:57', '2018-06-22 17:01:57', NULL),
(499, 'kgalagadi south', 'Kgalagadi South', 28, '0.0000', 0, '2018-06-22 17:01:57', '2018-06-22 17:01:57', NULL),
(500, 'kgatleng', 'Kgatleng', 28, '0.0000', 0, '2018-06-22 17:01:57', '2018-06-22 17:01:57', NULL);
INSERT INTO `states` (`id`, `code`, `name`, `country_id`, `tax`, `is_default`, `created_at`, `updated_at`, `deleted_at`) VALUES
(501, 'kweneng', 'Kweneng', 28, '0.0000', 0, '2018-06-22 17:01:57', '2018-06-22 17:01:57', NULL),
(502, 'lobatse', 'Lobatse', 28, '0.0000', 0, '2018-06-22 17:01:57', '2018-06-22 17:01:57', NULL),
(503, 'ngamiland', 'Ngamiland', 28, '0.0000', 0, '2018-06-22 17:01:57', '2018-06-22 17:01:57', NULL),
(504, 'ngwaketse', 'Ngwaketse', 28, '0.0000', 0, '2018-06-22 17:01:57', '2018-06-22 17:01:57', NULL),
(505, 'north east', 'North East', 28, '0.0000', 0, '2018-06-22 17:01:57', '2018-06-22 17:01:57', NULL),
(506, 'okavango', 'Okavango', 28, '0.0000', 0, '2018-06-22 17:01:57', '2018-06-22 17:01:57', NULL),
(507, 'orapa', 'Orapa', 28, '0.0000', 0, '2018-06-22 17:01:57', '2018-06-22 17:01:57', NULL),
(508, 'selibe phikwe', 'Selibe Phikwe', 28, '0.0000', 0, '2018-06-22 17:01:57', '2018-06-22 17:01:57', NULL),
(509, 'south east', 'South East', 28, '0.0000', 0, '2018-06-22 17:01:57', '2018-06-22 17:01:57', NULL),
(510, 'sowa', 'Sowa', 28, '0.0000', 0, '2018-06-22 17:01:57', '2018-06-22 17:01:57', NULL),
(511, 'bouvet island', 'Bouvet Island', 29, '0.0000', 0, '2018-06-22 17:01:57', '2018-06-22 17:01:57', NULL),
(512, 'acre', 'Acre', 30, '0.0000', 0, '2018-06-22 17:01:57', '2018-06-22 17:01:57', NULL),
(513, 'alagoas', 'Alagoas', 30, '0.0000', 0, '2018-06-22 17:01:57', '2018-06-22 17:01:57', NULL),
(514, 'amapa', 'Amapa', 30, '0.0000', 0, '2018-06-22 17:01:57', '2018-06-22 17:01:57', NULL),
(515, 'amazonas', 'Amazonas', 30, '0.0000', 0, '2018-06-22 17:01:57', '2018-06-22 17:01:57', NULL),
(516, 'bahia', 'Bahia', 30, '0.0000', 0, '2018-06-22 17:01:57', '2018-06-22 17:01:57', NULL),
(517, 'ceara', 'Ceara', 30, '0.0000', 0, '2018-06-22 17:01:57', '2018-06-22 17:01:57', NULL),
(518, 'distrito federal', 'Distrito Federal', 30, '0.0000', 0, '2018-06-22 17:01:57', '2018-06-22 17:01:57', NULL),
(519, 'espirito santo', 'Espirito Santo', 30, '0.0000', 0, '2018-06-22 17:01:57', '2018-06-22 17:01:57', NULL),
(520, 'estado de sao paulo', 'Estado de Sao Paulo', 30, '0.0000', 0, '2018-06-22 17:01:57', '2018-06-22 17:01:57', NULL),
(521, 'goias', 'Goias', 30, '0.0000', 0, '2018-06-22 17:01:57', '2018-06-22 17:01:57', NULL),
(522, 'maranhao', 'Maranhao', 30, '0.0000', 0, '2018-06-22 17:01:57', '2018-06-22 17:01:57', NULL),
(523, 'mato grosso', 'Mato Grosso', 30, '0.0000', 0, '2018-06-22 17:01:57', '2018-06-22 17:01:57', NULL),
(524, 'mato grosso do sul', 'Mato Grosso do Sul', 30, '0.0000', 0, '2018-06-22 17:01:57', '2018-06-22 17:01:57', NULL),
(525, 'minas gerais', 'Minas Gerais', 30, '0.0000', 0, '2018-06-22 17:01:57', '2018-06-22 17:01:57', NULL),
(526, 'para', 'Para', 30, '0.0000', 0, '2018-06-22 17:01:57', '2018-06-22 17:01:57', NULL),
(527, 'paraiba', 'Paraiba', 30, '0.0000', 0, '2018-06-22 17:01:57', '2018-06-22 17:01:57', NULL),
(528, 'parana', 'Parana', 30, '0.0000', 0, '2018-06-22 17:01:57', '2018-06-22 17:01:57', NULL),
(529, 'pernambuco', 'Pernambuco', 30, '0.0000', 0, '2018-06-22 17:01:57', '2018-06-22 17:01:57', NULL),
(530, 'piaui', 'Piaui', 30, '0.0000', 0, '2018-06-22 17:01:57', '2018-06-22 17:01:57', NULL),
(531, 'rio grande do norte', 'Rio Grande do Norte', 30, '0.0000', 0, '2018-06-22 17:01:57', '2018-06-22 17:01:57', NULL),
(532, 'rio grande do sul', 'Rio Grande do Sul', 30, '0.0000', 0, '2018-06-22 17:01:57', '2018-06-22 17:01:57', NULL),
(533, 'rio de janeiro', 'Rio de Janeiro', 30, '0.0000', 0, '2018-06-22 17:01:57', '2018-06-22 17:01:57', NULL),
(534, 'rondonia', 'Rondonia', 30, '0.0000', 0, '2018-06-22 17:01:57', '2018-06-22 17:01:57', NULL),
(535, 'roraima', 'Roraima', 30, '0.0000', 0, '2018-06-22 17:01:57', '2018-06-22 17:01:57', NULL),
(536, 'santa catarina', 'Santa Catarina', 30, '0.0000', 0, '2018-06-22 17:01:57', '2018-06-22 17:01:57', NULL),
(537, 'sao paulo', 'Sao Paulo', 30, '0.0000', 0, '2018-06-22 17:01:57', '2018-06-22 17:01:57', NULL),
(538, 'sergipe', 'Sergipe', 30, '0.0000', 0, '2018-06-22 17:01:57', '2018-06-22 17:01:57', NULL),
(539, 'tocantins', 'Tocantins', 30, '0.0000', 0, '2018-06-22 17:01:57', '2018-06-22 17:01:57', NULL),
(540, 'british indian ocean terr', 'British Indian Ocean Territory', 31, '0.0000', 0, '2018-06-22 17:01:57', '2018-06-22 17:01:57', NULL),
(541, 'belait', 'Belait', 32, '0.0000', 0, '2018-06-22 17:01:57', '2018-06-22 17:01:57', NULL),
(542, 'brunei-muara', 'Brunei-Muara', 32, '0.0000', 0, '2018-06-22 17:01:57', '2018-06-22 17:01:57', NULL),
(543, 'temburong', 'Temburong', 32, '0.0000', 0, '2018-06-22 17:01:57', '2018-06-22 17:01:57', NULL),
(544, 'tutong', 'Tutong', 32, '0.0000', 0, '2018-06-22 17:01:57', '2018-06-22 17:01:57', NULL),
(545, 'blagoevgrad', 'Blagoevgrad', 33, '0.0000', 0, '2018-06-22 17:01:57', '2018-06-22 17:01:57', NULL),
(546, 'burgas', 'Burgas', 33, '0.0000', 0, '2018-06-22 17:01:57', '2018-06-22 17:01:57', NULL),
(547, 'dobrich', 'Dobrich', 33, '0.0000', 0, '2018-06-22 17:01:57', '2018-06-22 17:01:57', NULL),
(548, 'gabrovo', 'Gabrovo', 33, '0.0000', 0, '2018-06-22 17:01:57', '2018-06-22 17:01:57', NULL),
(549, 'haskovo', 'Haskovo', 33, '0.0000', 0, '2018-06-22 17:01:57', '2018-06-22 17:01:57', NULL),
(550, 'jambol', 'Jambol', 33, '0.0000', 0, '2018-06-22 17:01:57', '2018-06-22 17:01:57', NULL),
(551, 'kardzhali', 'Kardzhali', 33, '0.0000', 0, '2018-06-22 17:01:57', '2018-06-22 17:01:57', NULL),
(552, 'kjustendil', 'Kjustendil', 33, '0.0000', 0, '2018-06-22 17:01:57', '2018-06-22 17:01:57', NULL),
(553, 'lovech', 'Lovech', 33, '0.0000', 0, '2018-06-22 17:01:57', '2018-06-22 17:01:57', NULL),
(554, 'montana', 'Montana', 33, '0.0000', 0, '2018-06-22 17:01:57', '2018-06-22 17:01:57', NULL),
(555, 'oblast sofiya-grad', 'Oblast Sofiya-Grad', 33, '0.0000', 0, '2018-06-22 17:01:57', '2018-06-22 17:01:57', NULL),
(556, 'pazardzhik', 'Pazardzhik', 33, '0.0000', 0, '2018-06-22 17:01:57', '2018-06-22 17:01:57', NULL),
(557, 'pernik', 'Pernik', 33, '0.0000', 0, '2018-06-22 17:01:57', '2018-06-22 17:01:57', NULL),
(558, 'pleven', 'Pleven', 33, '0.0000', 0, '2018-06-22 17:01:57', '2018-06-22 17:01:57', NULL),
(559, 'plovdiv', 'Plovdiv', 33, '0.0000', 0, '2018-06-22 17:01:57', '2018-06-22 17:01:57', NULL),
(560, 'razgrad', 'Razgrad', 33, '0.0000', 0, '2018-06-22 17:01:57', '2018-06-22 17:01:57', NULL),
(561, 'ruse', 'Ruse', 33, '0.0000', 0, '2018-06-22 17:01:57', '2018-06-22 17:01:57', NULL),
(562, 'shumen', 'Shumen', 33, '0.0000', 0, '2018-06-22 17:01:57', '2018-06-22 17:01:57', NULL),
(563, 'silistra', 'Silistra', 33, '0.0000', 0, '2018-06-22 17:01:57', '2018-06-22 17:01:57', NULL),
(564, 'sliven', 'Sliven', 33, '0.0000', 0, '2018-06-22 17:01:57', '2018-06-22 17:01:57', NULL),
(565, 'smoljan', 'Smoljan', 33, '0.0000', 0, '2018-06-22 17:01:57', '2018-06-22 17:01:57', NULL),
(566, 'sofija grad', 'Sofija grad', 33, '0.0000', 0, '2018-06-22 17:01:57', '2018-06-22 17:01:57', NULL),
(567, 'sofijska oblast', 'Sofijska oblast', 33, '0.0000', 0, '2018-06-22 17:01:57', '2018-06-22 17:01:57', NULL),
(568, 'stara zagora', 'Stara Zagora', 33, '0.0000', 0, '2018-06-22 17:01:57', '2018-06-22 17:01:57', NULL),
(569, 'targovishte', 'Targovishte', 33, '0.0000', 0, '2018-06-22 17:01:57', '2018-06-22 17:01:57', NULL),
(570, 'varna', 'Varna', 33, '0.0000', 0, '2018-06-22 17:01:57', '2018-06-22 17:01:57', NULL),
(571, 'veliko tarnovo', 'Veliko Tarnovo', 33, '0.0000', 0, '2018-06-22 17:01:57', '2018-06-22 17:01:57', NULL),
(572, 'vidin', 'Vidin', 33, '0.0000', 0, '2018-06-22 17:01:57', '2018-06-22 17:01:57', NULL),
(573, 'vraca', 'Vraca', 33, '0.0000', 0, '2018-06-22 17:01:57', '2018-06-22 17:01:57', NULL),
(574, 'yablaniza', 'Yablaniza', 33, '0.0000', 0, '2018-06-22 17:01:57', '2018-06-22 17:01:57', NULL),
(575, 'bale', 'Bale', 34, '0.0000', 0, '2018-06-22 17:01:57', '2018-06-22 17:01:57', NULL),
(576, 'bam', 'Bam', 34, '0.0000', 0, '2018-06-22 17:01:57', '2018-06-22 17:01:57', NULL),
(577, 'bazega', 'Bazega', 34, '0.0000', 0, '2018-06-22 17:01:57', '2018-06-22 17:01:57', NULL),
(578, 'bougouriba', 'Bougouriba', 34, '0.0000', 0, '2018-06-22 17:01:57', '2018-06-22 17:01:57', NULL),
(579, 'boulgou', 'Boulgou', 34, '0.0000', 0, '2018-06-22 17:01:57', '2018-06-22 17:01:57', NULL),
(580, 'boulkiemde', 'Boulkiemde', 34, '0.0000', 0, '2018-06-22 17:01:57', '2018-06-22 17:01:57', NULL),
(581, 'comoe', 'Comoe', 34, '0.0000', 0, '2018-06-22 17:01:57', '2018-06-22 17:01:57', NULL),
(582, 'ganzourgou', 'Ganzourgou', 34, '0.0000', 0, '2018-06-22 17:01:57', '2018-06-22 17:01:57', NULL),
(583, 'gnagna', 'Gnagna', 34, '0.0000', 0, '2018-06-22 17:01:57', '2018-06-22 17:01:57', NULL),
(584, 'gourma', 'Gourma', 34, '0.0000', 0, '2018-06-22 17:01:57', '2018-06-22 17:01:57', NULL),
(585, 'houet', 'Houet', 34, '0.0000', 0, '2018-06-22 17:01:57', '2018-06-22 17:01:57', NULL),
(586, 'ioba', 'Ioba', 34, '0.0000', 0, '2018-06-22 17:01:57', '2018-06-22 17:01:57', NULL),
(587, 'kadiogo', 'Kadiogo', 34, '0.0000', 0, '2018-06-22 17:01:57', '2018-06-22 17:01:57', NULL),
(588, 'kenedougou', 'Kenedougou', 34, '0.0000', 0, '2018-06-22 17:01:57', '2018-06-22 17:01:57', NULL),
(589, 'komandjari', 'Komandjari', 34, '0.0000', 0, '2018-06-22 17:01:57', '2018-06-22 17:01:57', NULL),
(590, 'kompienga', 'Kompienga', 34, '0.0000', 0, '2018-06-22 17:01:57', '2018-06-22 17:01:57', NULL),
(591, 'kossi', 'Kossi', 34, '0.0000', 0, '2018-06-22 17:01:57', '2018-06-22 17:01:57', NULL),
(592, 'kouritenga', 'Kouritenga', 34, '0.0000', 0, '2018-06-22 17:01:57', '2018-06-22 17:01:57', NULL),
(593, 'kourweogo', 'Kourweogo', 34, '0.0000', 0, '2018-06-22 17:01:57', '2018-06-22 17:01:57', NULL),
(594, 'leraba', 'Leraba', 34, '0.0000', 0, '2018-06-22 17:01:57', '2018-06-22 17:01:57', NULL),
(595, 'mouhoun', 'Mouhoun', 34, '0.0000', 0, '2018-06-22 17:01:57', '2018-06-22 17:01:57', NULL),
(596, 'nahouri', 'Nahouri', 34, '0.0000', 0, '2018-06-22 17:01:57', '2018-06-22 17:01:57', NULL),
(597, 'namentenga', 'Namentenga', 34, '0.0000', 0, '2018-06-22 17:01:57', '2018-06-22 17:01:57', NULL),
(598, 'noumbiel', 'Noumbiel', 34, '0.0000', 0, '2018-06-22 17:01:57', '2018-06-22 17:01:57', NULL),
(599, 'oubritenga', 'Oubritenga', 34, '0.0000', 0, '2018-06-22 17:01:57', '2018-06-22 17:01:57', NULL),
(600, 'oudalan', 'Oudalan', 34, '0.0000', 0, '2018-06-22 17:01:57', '2018-06-22 17:01:57', NULL),
(601, 'passore', 'Passore', 34, '0.0000', 0, '2018-06-22 17:01:57', '2018-06-22 17:01:57', NULL),
(602, 'poni', 'Poni', 34, '0.0000', 0, '2018-06-22 17:01:57', '2018-06-22 17:01:57', NULL),
(603, 'sanguie', 'Sanguie', 34, '0.0000', 0, '2018-06-22 17:01:57', '2018-06-22 17:01:57', NULL),
(604, 'sanmatenga', 'Sanmatenga', 34, '0.0000', 0, '2018-06-22 17:01:57', '2018-06-22 17:01:57', NULL),
(605, 'seno', 'Seno', 34, '0.0000', 0, '2018-06-22 17:01:57', '2018-06-22 17:01:57', NULL),
(606, 'sissili', 'Sissili', 34, '0.0000', 0, '2018-06-22 17:01:57', '2018-06-22 17:01:57', NULL),
(607, 'soum', 'Soum', 34, '0.0000', 0, '2018-06-22 17:01:57', '2018-06-22 17:01:57', NULL),
(608, 'sourou', 'Sourou', 34, '0.0000', 0, '2018-06-22 17:01:57', '2018-06-22 17:01:57', NULL),
(609, 'tapoa', 'Tapoa', 34, '0.0000', 0, '2018-06-22 17:01:57', '2018-06-22 17:01:57', NULL),
(610, 'tuy', 'Tuy', 34, '0.0000', 0, '2018-06-22 17:01:57', '2018-06-22 17:01:57', NULL),
(611, 'yatenga', 'Yatenga', 34, '0.0000', 0, '2018-06-22 17:01:57', '2018-06-22 17:01:57', NULL),
(612, 'zondoma', 'Zondoma', 34, '0.0000', 0, '2018-06-22 17:01:57', '2018-06-22 17:01:57', NULL),
(613, 'zoundweogo', 'Zoundweogo', 34, '0.0000', 0, '2018-06-22 17:01:57', '2018-06-22 17:01:57', NULL),
(614, 'bubanza', 'Bubanza', 35, '0.0000', 0, '2018-06-22 17:01:57', '2018-06-22 17:01:57', NULL),
(615, 'bujumbura', 'Bujumbura', 35, '0.0000', 0, '2018-06-22 17:01:57', '2018-06-22 17:01:57', NULL),
(616, 'bururi', 'Bururi', 35, '0.0000', 0, '2018-06-22 17:01:57', '2018-06-22 17:01:57', NULL),
(617, 'cankuzo', 'Cankuzo', 35, '0.0000', 0, '2018-06-22 17:01:57', '2018-06-22 17:01:57', NULL),
(618, 'cibitoke', 'Cibitoke', 35, '0.0000', 0, '2018-06-22 17:01:57', '2018-06-22 17:01:57', NULL),
(619, 'gitega', 'Gitega', 35, '0.0000', 0, '2018-06-22 17:01:57', '2018-06-22 17:01:57', NULL),
(620, 'karuzi', 'Karuzi', 35, '0.0000', 0, '2018-06-22 17:01:57', '2018-06-22 17:01:57', NULL),
(621, 'kayanza', 'Kayanza', 35, '0.0000', 0, '2018-06-22 17:01:57', '2018-06-22 17:01:57', NULL),
(622, 'kirundo', 'Kirundo', 35, '0.0000', 0, '2018-06-22 17:01:57', '2018-06-22 17:01:57', NULL),
(623, 'makamba', 'Makamba', 35, '0.0000', 0, '2018-06-22 17:01:57', '2018-06-22 17:01:57', NULL),
(624, 'muramvya', 'Muramvya', 35, '0.0000', 0, '2018-06-22 17:01:57', '2018-06-22 17:01:57', NULL),
(625, 'muyinga', 'Muyinga', 35, '0.0000', 0, '2018-06-22 17:01:57', '2018-06-22 17:01:57', NULL),
(626, 'ngozi', 'Ngozi', 35, '0.0000', 0, '2018-06-22 17:01:57', '2018-06-22 17:01:57', NULL),
(627, 'rutana', 'Rutana', 35, '0.0000', 0, '2018-06-22 17:01:57', '2018-06-22 17:01:57', NULL),
(628, 'ruyigi', 'Ruyigi', 35, '0.0000', 0, '2018-06-22 17:01:57', '2018-06-22 17:01:57', NULL),
(629, 'banteay mean chey', 'Banteay Mean Chey', 36, '0.0000', 0, '2018-06-22 17:01:57', '2018-06-22 17:01:57', NULL),
(630, 'bat dambang', 'Bat Dambang', 36, '0.0000', 0, '2018-06-22 17:01:57', '2018-06-22 17:01:57', NULL),
(631, 'kampong cham', 'Kampong Cham', 36, '0.0000', 0, '2018-06-22 17:01:57', '2018-06-22 17:01:57', NULL),
(632, 'kampong chhnang', 'Kampong Chhnang', 36, '0.0000', 0, '2018-06-22 17:01:57', '2018-06-22 17:01:57', NULL),
(633, 'kampong spoeu', 'Kampong Spoeu', 36, '0.0000', 0, '2018-06-22 17:01:57', '2018-06-22 17:01:57', NULL),
(634, 'kampong thum', 'Kampong Thum', 36, '0.0000', 0, '2018-06-22 17:01:57', '2018-06-22 17:01:57', NULL),
(635, 'kampot', 'Kampot', 36, '0.0000', 0, '2018-06-22 17:01:57', '2018-06-22 17:01:57', NULL),
(636, 'kandal', 'Kandal', 36, '0.0000', 0, '2018-06-22 17:01:57', '2018-06-22 17:01:57', NULL),
(637, 'kaoh kong', 'Kaoh Kong', 36, '0.0000', 0, '2018-06-22 17:01:57', '2018-06-22 17:01:57', NULL),
(638, 'kracheh', 'Kracheh', 36, '0.0000', 0, '2018-06-22 17:01:57', '2018-06-22 17:01:57', NULL),
(639, 'krong kaeb', 'Krong Kaeb', 36, '0.0000', 0, '2018-06-22 17:01:57', '2018-06-22 17:01:57', NULL),
(640, 'krong pailin', 'Krong Pailin', 36, '0.0000', 0, '2018-06-22 17:01:57', '2018-06-22 17:01:57', NULL),
(641, 'krong preah sihanouk', 'Krong Preah Sihanouk', 36, '0.0000', 0, '2018-06-22 17:01:57', '2018-06-22 17:01:57', NULL),
(642, 'mondol kiri', 'Mondol Kiri', 36, '0.0000', 0, '2018-06-22 17:01:57', '2018-06-22 17:01:57', NULL),
(643, 'otdar mean chey', 'Otdar Mean Chey', 36, '0.0000', 0, '2018-06-22 17:01:57', '2018-06-22 17:01:57', NULL),
(644, 'phnum penh', 'Phnum Penh', 36, '0.0000', 0, '2018-06-22 17:01:57', '2018-06-22 17:01:57', NULL),
(645, 'pousat', 'Pousat', 36, '0.0000', 0, '2018-06-22 17:01:57', '2018-06-22 17:01:57', NULL),
(646, 'preah vihear', 'Preah Vihear', 36, '0.0000', 0, '2018-06-22 17:01:57', '2018-06-22 17:01:57', NULL),
(647, 'prey veaeng', 'Prey Veaeng', 36, '0.0000', 0, '2018-06-22 17:01:57', '2018-06-22 17:01:57', NULL),
(648, 'rotanak kiri', 'Rotanak Kiri', 36, '0.0000', 0, '2018-06-22 17:01:57', '2018-06-22 17:01:57', NULL),
(649, 'siem reab', 'Siem Reab', 36, '0.0000', 0, '2018-06-22 17:01:57', '2018-06-22 17:01:57', NULL),
(650, 'stueng traeng', 'Stueng Traeng', 36, '0.0000', 0, '2018-06-22 17:01:57', '2018-06-22 17:01:57', NULL),
(651, 'svay rieng', 'Svay Rieng', 36, '0.0000', 0, '2018-06-22 17:01:57', '2018-06-22 17:01:57', NULL),
(652, 'takaev', 'Takaev', 36, '0.0000', 0, '2018-06-22 17:01:57', '2018-06-22 17:01:57', NULL),
(653, 'adamaoua', 'Adamaoua', 37, '0.0000', 0, '2018-06-22 17:01:57', '2018-06-22 17:01:57', NULL),
(654, 'centre', 'Centre', 37, '0.0000', 0, '2018-06-22 17:01:57', '2018-06-22 17:01:57', NULL),
(655, 'est', 'Est', 37, '0.0000', 0, '2018-06-22 17:01:57', '2018-06-22 17:01:57', NULL),
(656, 'littoral', 'Littoral', 37, '0.0000', 0, '2018-06-22 17:01:57', '2018-06-22 17:01:57', NULL),
(657, 'nord', 'Nord', 37, '0.0000', 0, '2018-06-22 17:01:57', '2018-06-22 17:01:57', NULL),
(658, 'nord extreme', 'Nord Extreme', 37, '0.0000', 0, '2018-06-22 17:01:57', '2018-06-22 17:01:57', NULL),
(659, 'nordouest', 'Nordouest', 37, '0.0000', 0, '2018-06-22 17:01:57', '2018-06-22 17:01:57', NULL),
(660, 'ouest', 'Ouest', 37, '0.0000', 0, '2018-06-22 17:01:57', '2018-06-22 17:01:57', NULL),
(661, 'sud', 'Sud', 37, '0.0000', 0, '2018-06-22 17:01:57', '2018-06-22 17:01:57', NULL),
(662, 'sudouest', 'Sudouest', 37, '0.0000', 0, '2018-06-22 17:01:57', '2018-06-22 17:01:57', NULL),
(663, 'alberta', 'Alberta', 38, '0.0000', 0, '2018-06-22 17:01:57', '2018-06-22 17:01:57', NULL),
(664, 'british columbia', 'British Columbia', 38, '0.0000', 0, '2018-06-22 17:01:57', '2018-06-22 17:01:57', NULL),
(665, 'manitoba', 'Manitoba', 38, '0.0000', 0, '2018-06-22 17:01:57', '2018-06-22 17:01:57', NULL),
(666, 'new brunswick', 'New Brunswick', 38, '0.0000', 0, '2018-06-22 17:01:57', '2018-06-22 17:01:57', NULL),
(667, 'newfoundland and labrador', 'Newfoundland and Labrador', 38, '0.0000', 0, '2018-06-22 17:01:57', '2018-06-22 17:01:57', NULL),
(668, 'northwest territories', 'Northwest Territories', 38, '0.0000', 0, '2018-06-22 17:01:57', '2018-06-22 17:01:57', NULL),
(669, 'nova scotia', 'Nova Scotia', 38, '0.0000', 0, '2018-06-22 17:01:57', '2018-06-22 17:01:57', NULL),
(670, 'nunavut', 'Nunavut', 38, '0.0000', 0, '2018-06-22 17:01:57', '2018-06-22 17:01:57', NULL),
(671, 'ontario', 'Ontario', 38, '0.0000', 0, '2018-06-22 17:01:57', '2018-06-22 17:01:57', NULL),
(672, 'prince edward island', 'Prince Edward Island', 38, '0.0000', 0, '2018-06-22 17:01:57', '2018-06-22 17:01:57', NULL),
(673, 'quebec', 'Quebec', 38, '0.0000', 0, '2018-06-22 17:01:57', '2018-06-22 17:01:57', NULL),
(674, 'saskatchewan', 'Saskatchewan', 38, '0.0000', 0, '2018-06-22 17:01:57', '2018-06-22 17:01:57', NULL),
(675, 'yukon', 'Yukon', 38, '0.0000', 0, '2018-06-22 17:01:57', '2018-06-22 17:01:57', NULL),
(676, 'boavista', 'Boavista', 39, '0.0000', 0, '2018-06-22 17:01:57', '2018-06-22 17:01:57', NULL),
(677, 'brava', 'Brava', 39, '0.0000', 0, '2018-06-22 17:01:57', '2018-06-22 17:01:57', NULL),
(678, 'fogo', 'Fogo', 39, '0.0000', 0, '2018-06-22 17:01:57', '2018-06-22 17:01:57', NULL),
(679, 'maio', 'Maio', 39, '0.0000', 0, '2018-06-22 17:01:57', '2018-06-22 17:01:57', NULL),
(680, 'sal', 'Sal', 39, '0.0000', 0, '2018-06-22 17:01:57', '2018-06-22 17:01:57', NULL),
(681, 'santo antao', 'Santo Antao', 39, '0.0000', 0, '2018-06-22 17:01:57', '2018-06-22 17:01:57', NULL),
(682, 'sao nicolau', 'Sao Nicolau', 39, '0.0000', 0, '2018-06-22 17:01:57', '2018-06-22 17:01:57', NULL),
(683, 'sao tiago', 'Sao Tiago', 39, '0.0000', 0, '2018-06-22 17:01:57', '2018-06-22 17:01:57', NULL),
(684, 'sao vicente', 'Sao Vicente', 39, '0.0000', 0, '2018-06-22 17:01:57', '2018-06-22 17:01:57', NULL),
(685, 'grand cayman', 'Grand Cayman', 40, '0.0000', 0, '2018-06-22 17:01:57', '2018-06-22 17:01:57', NULL),
(686, 'bamingui-bangoran', 'Bamingui-Bangoran', 41, '0.0000', 0, '2018-06-22 17:01:57', '2018-06-22 17:01:57', NULL),
(687, 'bangui', 'Bangui', 41, '0.0000', 0, '2018-06-22 17:01:57', '2018-06-22 17:01:57', NULL),
(688, 'basse-kotto', 'Basse-Kotto', 41, '0.0000', 0, '2018-06-22 17:01:57', '2018-06-22 17:01:57', NULL),
(689, 'haut-mbomou', 'Haut-Mbomou', 41, '0.0000', 0, '2018-06-22 17:01:57', '2018-06-22 17:01:57', NULL),
(690, 'haute-kotto', 'Haute-Kotto', 41, '0.0000', 0, '2018-06-22 17:01:57', '2018-06-22 17:01:57', NULL),
(691, 'kemo', 'Kemo', 41, '0.0000', 0, '2018-06-22 17:01:57', '2018-06-22 17:01:57', NULL),
(692, 'lobaye', 'Lobaye', 41, '0.0000', 0, '2018-06-22 17:01:57', '2018-06-22 17:01:57', NULL),
(693, 'mambere-kadei', 'Mambere-Kadei', 41, '0.0000', 0, '2018-06-22 17:01:57', '2018-06-22 17:01:57', NULL),
(694, 'mbomou', 'Mbomou', 41, '0.0000', 0, '2018-06-22 17:01:57', '2018-06-22 17:01:57', NULL),
(695, 'nana-gribizi', 'Nana-Gribizi', 41, '0.0000', 0, '2018-06-22 17:01:57', '2018-06-22 17:01:57', NULL),
(696, 'nana-mambere', 'Nana-Mambere', 41, '0.0000', 0, '2018-06-22 17:01:57', '2018-06-22 17:01:57', NULL),
(697, 'ombella mpoko', 'Ombella Mpoko', 41, '0.0000', 0, '2018-06-22 17:01:57', '2018-06-22 17:01:57', NULL),
(698, 'ouaka', 'Ouaka', 41, '0.0000', 0, '2018-06-22 17:01:57', '2018-06-22 17:01:57', NULL),
(699, 'ouham', 'Ouham', 41, '0.0000', 0, '2018-06-22 17:01:57', '2018-06-22 17:01:57', NULL),
(700, 'ouham-pende', 'Ouham-Pende', 41, '0.0000', 0, '2018-06-22 17:01:57', '2018-06-22 17:01:57', NULL),
(701, 'sangha-mbaere', 'Sangha-Mbaere', 41, '0.0000', 0, '2018-06-22 17:01:57', '2018-06-22 17:01:57', NULL),
(702, 'vakaga', 'Vakaga', 41, '0.0000', 0, '2018-06-22 17:01:57', '2018-06-22 17:01:57', NULL),
(703, 'batha', 'Batha', 42, '0.0000', 0, '2018-06-22 17:01:57', '2018-06-22 17:01:57', NULL),
(704, 'biltine', 'Biltine', 42, '0.0000', 0, '2018-06-22 17:01:57', '2018-06-22 17:01:57', NULL),
(705, 'bourkou-ennedi-tibesti', 'Bourkou-Ennedi-Tibesti', 42, '0.0000', 0, '2018-06-22 17:01:57', '2018-06-22 17:01:57', NULL),
(706, 'chari-baguirmi', 'Chari-Baguirmi', 42, '0.0000', 0, '2018-06-22 17:01:57', '2018-06-22 17:01:57', NULL),
(707, 'guera', 'Guera', 42, '0.0000', 0, '2018-06-22 17:01:57', '2018-06-22 17:01:57', NULL),
(708, 'kanem', 'Kanem', 42, '0.0000', 0, '2018-06-22 17:01:57', '2018-06-22 17:01:57', NULL),
(709, 'lac', 'Lac', 42, '0.0000', 0, '2018-06-22 17:01:57', '2018-06-22 17:01:57', NULL),
(710, 'logone occidental', 'Logone Occidental', 42, '0.0000', 0, '2018-06-22 17:01:57', '2018-06-22 17:01:57', NULL),
(711, 'logone oriental', 'Logone Oriental', 42, '0.0000', 0, '2018-06-22 17:01:57', '2018-06-22 17:01:57', NULL),
(712, 'mayo-kebbi', 'Mayo-Kebbi', 42, '0.0000', 0, '2018-06-22 17:01:57', '2018-06-22 17:01:57', NULL),
(713, 'moyen-chari', 'Moyen-Chari', 42, '0.0000', 0, '2018-06-22 17:01:57', '2018-06-22 17:01:57', NULL),
(714, 'ouaddai', 'Ouaddai', 42, '0.0000', 0, '2018-06-22 17:01:57', '2018-06-22 17:01:57', NULL),
(715, 'salamat', 'Salamat', 42, '0.0000', 0, '2018-06-22 17:01:57', '2018-06-22 17:01:57', NULL),
(716, 'tandjile', 'Tandjile', 42, '0.0000', 0, '2018-06-22 17:01:57', '2018-06-22 17:01:57', NULL),
(717, 'aisen', 'Aisen', 43, '0.0000', 0, '2018-06-22 17:01:57', '2018-06-22 17:01:57', NULL),
(718, 'antofagasta', 'Antofagasta', 43, '0.0000', 0, '2018-06-22 17:01:57', '2018-06-22 17:01:57', NULL),
(719, 'araucania', 'Araucania', 43, '0.0000', 0, '2018-06-22 17:01:57', '2018-06-22 17:01:57', NULL),
(720, 'atacama', 'Atacama', 43, '0.0000', 0, '2018-06-22 17:01:57', '2018-06-22 17:01:57', NULL),
(721, 'bio bio', 'Bio Bio', 43, '0.0000', 0, '2018-06-22 17:01:57', '2018-06-22 17:01:57', NULL),
(722, 'coquimbo', 'Coquimbo', 43, '0.0000', 0, '2018-06-22 17:01:57', '2018-06-22 17:01:57', NULL),
(723, 'libertador general bernar', 'Libertador General Bernardo O', 43, '0.0000', 0, '2018-06-22 17:01:57', '2018-06-22 17:01:57', NULL),
(724, 'los lagos', 'Los Lagos', 43, '0.0000', 0, '2018-06-22 17:01:57', '2018-06-22 17:01:57', NULL),
(725, 'magellanes', 'Magellanes', 43, '0.0000', 0, '2018-06-22 17:01:57', '2018-06-22 17:01:57', NULL),
(726, 'maule', 'Maule', 43, '0.0000', 0, '2018-06-22 17:01:57', '2018-06-22 17:01:57', NULL),
(727, 'metropolitana', 'Metropolitana', 43, '0.0000', 0, '2018-06-22 17:01:57', '2018-06-22 17:01:57', NULL),
(728, 'metropolitana de santiago', 'Metropolitana de Santiago', 43, '0.0000', 0, '2018-06-22 17:01:57', '2018-06-22 17:01:57', NULL),
(729, 'tarapaca', 'Tarapaca', 43, '0.0000', 0, '2018-06-22 17:01:57', '2018-06-22 17:01:57', NULL),
(730, 'valparaiso', 'Valparaiso', 43, '0.0000', 0, '2018-06-22 17:01:57', '2018-06-22 17:01:57', NULL),
(731, 'anhui', 'Anhui', 44, '0.0000', 0, '2018-06-22 17:01:57', '2018-06-22 17:01:57', NULL),
(732, 'anhui province', 'Anhui Province', 44, '0.0000', 0, '2018-06-22 17:01:57', '2018-06-22 17:01:57', NULL),
(733, 'anhui sheng', 'Anhui Sheng', 44, '0.0000', 0, '2018-06-22 17:01:57', '2018-06-22 17:01:57', NULL),
(734, 'aomen', 'Aomen', 44, '0.0000', 0, '2018-06-22 17:01:57', '2018-06-22 17:01:57', NULL),
(735, 'beijing', 'Beijing', 44, '0.0000', 0, '2018-06-22 17:01:57', '2018-06-22 17:01:57', NULL),
(736, 'beijing shi', 'Beijing Shi', 44, '0.0000', 0, '2018-06-22 17:01:57', '2018-06-22 17:01:57', NULL),
(737, 'chongqing', 'Chongqing', 44, '0.0000', 0, '2018-06-22 17:01:57', '2018-06-22 17:01:57', NULL),
(738, 'fujian', 'Fujian', 44, '0.0000', 0, '2018-06-22 17:01:57', '2018-06-22 17:01:57', NULL),
(739, 'fujian sheng', 'Fujian Sheng', 44, '0.0000', 0, '2018-06-22 17:01:57', '2018-06-22 17:01:57', NULL),
(740, 'gansu', 'Gansu', 44, '0.0000', 0, '2018-06-22 17:01:57', '2018-06-22 17:01:57', NULL),
(741, 'guangdong', 'Guangdong', 44, '0.0000', 0, '2018-06-22 17:01:57', '2018-06-22 17:01:57', NULL),
(742, 'guangdong sheng', 'Guangdong Sheng', 44, '0.0000', 0, '2018-06-22 17:01:57', '2018-06-22 17:01:57', NULL),
(743, 'guangxi', 'Guangxi', 44, '0.0000', 0, '2018-06-22 17:01:57', '2018-06-22 17:01:57', NULL),
(744, 'guizhou', 'Guizhou', 44, '0.0000', 0, '2018-06-22 17:01:57', '2018-06-22 17:01:57', NULL),
(745, 'hainan', 'Hainan', 44, '0.0000', 0, '2018-06-22 17:01:57', '2018-06-22 17:01:57', NULL),
(746, 'hebei', 'Hebei', 44, '0.0000', 0, '2018-06-22 17:01:57', '2018-06-22 17:01:57', NULL),
(747, 'heilongjiang', 'Heilongjiang', 44, '0.0000', 0, '2018-06-22 17:01:57', '2018-06-22 17:01:57', NULL),
(748, 'henan', 'Henan', 44, '0.0000', 0, '2018-06-22 17:01:57', '2018-06-22 17:01:57', NULL),
(749, 'hubei', 'Hubei', 44, '0.0000', 0, '2018-06-22 17:01:57', '2018-06-22 17:01:57', NULL),
(750, 'hunan', 'Hunan', 44, '0.0000', 0, '2018-06-22 17:01:57', '2018-06-22 17:01:57', NULL),
(751, 'jiangsu', 'Jiangsu', 44, '0.0000', 0, '2018-06-22 17:01:57', '2018-06-22 17:01:57', NULL),
(752, 'jiangsu sheng', 'Jiangsu Sheng', 44, '0.0000', 0, '2018-06-22 17:01:57', '2018-06-22 17:01:57', NULL),
(753, 'jiangxi', 'Jiangxi', 44, '0.0000', 0, '2018-06-22 17:01:57', '2018-06-22 17:01:57', NULL),
(754, 'jilin', 'Jilin', 44, '0.0000', 0, '2018-06-22 17:01:57', '2018-06-22 17:01:57', NULL),
(755, 'liaoning', 'Liaoning', 44, '0.0000', 0, '2018-06-22 17:01:57', '2018-06-22 17:01:57', NULL),
(756, 'liaoning sheng', 'Liaoning Sheng', 44, '0.0000', 0, '2018-06-22 17:01:57', '2018-06-22 17:01:57', NULL),
(757, 'nei monggol', 'Nei Monggol', 44, '0.0000', 0, '2018-06-22 17:01:57', '2018-06-22 17:01:57', NULL),
(758, 'ningxia hui', 'Ningxia Hui', 44, '0.0000', 0, '2018-06-22 17:01:57', '2018-06-22 17:01:57', NULL),
(759, 'qinghai', 'Qinghai', 44, '0.0000', 0, '2018-06-22 17:01:57', '2018-06-22 17:01:57', NULL),
(760, 'shaanxi', 'Shaanxi', 44, '0.0000', 0, '2018-06-22 17:01:57', '2018-06-22 17:01:57', NULL),
(761, 'shandong', 'Shandong', 44, '0.0000', 0, '2018-06-22 17:01:57', '2018-06-22 17:01:57', NULL),
(762, 'shandong sheng', 'Shandong Sheng', 44, '0.0000', 0, '2018-06-22 17:01:57', '2018-06-22 17:01:57', NULL),
(763, 'shanghai', 'Shanghai', 44, '0.0000', 0, '2018-06-22 17:01:57', '2018-06-22 17:01:57', NULL),
(764, 'shanxi', 'Shanxi', 44, '0.0000', 0, '2018-06-22 17:01:57', '2018-06-22 17:01:57', NULL),
(765, 'sichuan', 'Sichuan', 44, '0.0000', 0, '2018-06-22 17:01:57', '2018-06-22 17:01:57', NULL),
(766, 'tianjin', 'Tianjin', 44, '0.0000', 0, '2018-06-22 17:01:57', '2018-06-22 17:01:57', NULL),
(767, 'xianggang', 'Xianggang', 44, '0.0000', 0, '2018-06-22 17:01:57', '2018-06-22 17:01:57', NULL),
(768, 'xinjiang', 'Xinjiang', 44, '0.0000', 0, '2018-06-22 17:01:57', '2018-06-22 17:01:57', NULL),
(769, 'xizang', 'Xizang', 44, '0.0000', 0, '2018-06-22 17:01:57', '2018-06-22 17:01:57', NULL),
(770, 'yunnan', 'Yunnan', 44, '0.0000', 0, '2018-06-22 17:01:57', '2018-06-22 17:01:57', NULL),
(771, 'zhejiang', 'Zhejiang', 44, '0.0000', 0, '2018-06-22 17:01:57', '2018-06-22 17:01:57', NULL),
(772, 'zhejiang sheng', 'Zhejiang Sheng', 44, '0.0000', 0, '2018-06-22 17:01:57', '2018-06-22 17:01:57', NULL),
(773, 'christmas island', 'Christmas Island', 45, '0.0000', 0, '2018-06-22 17:01:57', '2018-06-22 17:01:57', NULL),
(774, 'cocos (keeling) islands', 'Cocos (Keeling) Islands', 46, '0.0000', 0, '2018-06-22 17:01:57', '2018-06-22 17:01:57', NULL),
(775, 'amazonas', 'Amazonas', 47, '0.0000', 0, '2018-06-22 17:01:57', '2018-06-22 17:01:57', NULL),
(776, 'antioquia', 'Antioquia', 47, '0.0000', 0, '2018-06-22 17:01:57', '2018-06-22 17:01:57', NULL),
(777, 'arauca', 'Arauca', 47, '0.0000', 0, '2018-06-22 17:01:57', '2018-06-22 17:01:57', NULL),
(778, 'atlantico', 'Atlantico', 47, '0.0000', 0, '2018-06-22 17:01:57', '2018-06-22 17:01:57', NULL),
(779, 'bogota', 'Bogota', 47, '0.0000', 0, '2018-06-22 17:01:57', '2018-06-22 17:01:57', NULL),
(780, 'bolivar', 'Bolivar', 47, '0.0000', 0, '2018-06-22 17:01:57', '2018-06-22 17:01:57', NULL),
(781, 'boyaca', 'Boyaca', 47, '0.0000', 0, '2018-06-22 17:01:57', '2018-06-22 17:01:57', NULL),
(782, 'caldas', 'Caldas', 47, '0.0000', 0, '2018-06-22 17:01:57', '2018-06-22 17:01:57', NULL),
(783, 'caqueta', 'Caqueta', 47, '0.0000', 0, '2018-06-22 17:01:57', '2018-06-22 17:01:57', NULL),
(784, 'casanare', 'Casanare', 47, '0.0000', 0, '2018-06-22 17:01:57', '2018-06-22 17:01:57', NULL),
(785, 'cauca', 'Cauca', 47, '0.0000', 0, '2018-06-22 17:01:57', '2018-06-22 17:01:57', NULL),
(786, 'cesar', 'Cesar', 47, '0.0000', 0, '2018-06-22 17:01:57', '2018-06-22 17:01:57', NULL),
(787, 'choco', 'Choco', 47, '0.0000', 0, '2018-06-22 17:01:57', '2018-06-22 17:01:57', NULL),
(788, 'cordoba', 'Cordoba', 47, '0.0000', 0, '2018-06-22 17:01:57', '2018-06-22 17:01:57', NULL),
(789, 'cundinamarca', 'Cundinamarca', 47, '0.0000', 0, '2018-06-22 17:01:57', '2018-06-22 17:01:57', NULL),
(790, 'guainia', 'Guainia', 47, '0.0000', 0, '2018-06-22 17:01:57', '2018-06-22 17:01:57', NULL),
(791, 'guaviare', 'Guaviare', 47, '0.0000', 0, '2018-06-22 17:01:57', '2018-06-22 17:01:57', NULL),
(792, 'huila', 'Huila', 47, '0.0000', 0, '2018-06-22 17:01:57', '2018-06-22 17:01:57', NULL),
(793, 'la guajira', 'La Guajira', 47, '0.0000', 0, '2018-06-22 17:01:57', '2018-06-22 17:01:57', NULL),
(794, 'magdalena', 'Magdalena', 47, '0.0000', 0, '2018-06-22 17:01:57', '2018-06-22 17:01:57', NULL),
(795, 'meta', 'Meta', 47, '0.0000', 0, '2018-06-22 17:01:57', '2018-06-22 17:01:57', NULL),
(796, 'narino', 'Narino', 47, '0.0000', 0, '2018-06-22 17:01:57', '2018-06-22 17:01:57', NULL),
(797, 'norte de santander', 'Norte de Santander', 47, '0.0000', 0, '2018-06-22 17:01:57', '2018-06-22 17:01:57', NULL),
(798, 'putumayo', 'Putumayo', 47, '0.0000', 0, '2018-06-22 17:01:57', '2018-06-22 17:01:57', NULL),
(799, 'quindio', 'Quindio', 47, '0.0000', 0, '2018-06-22 17:01:57', '2018-06-22 17:01:57', NULL),
(800, 'risaralda', 'Risaralda', 47, '0.0000', 0, '2018-06-22 17:01:57', '2018-06-22 17:01:57', NULL),
(801, 'san andres y providencia', 'San Andres y Providencia', 47, '0.0000', 0, '2018-06-22 17:01:57', '2018-06-22 17:01:57', NULL),
(802, 'santander', 'Santander', 47, '0.0000', 0, '2018-06-22 17:01:57', '2018-06-22 17:01:57', NULL),
(803, 'sucre', 'Sucre', 47, '0.0000', 0, '2018-06-22 17:01:57', '2018-06-22 17:01:57', NULL),
(804, 'tolima', 'Tolima', 47, '0.0000', 0, '2018-06-22 17:01:57', '2018-06-22 17:01:57', NULL),
(805, 'valle del cauca', 'Valle del Cauca', 47, '0.0000', 0, '2018-06-22 17:01:57', '2018-06-22 17:01:57', NULL),
(806, 'vaupes', 'Vaupes', 47, '0.0000', 0, '2018-06-22 17:01:57', '2018-06-22 17:01:57', NULL),
(807, 'vichada', 'Vichada', 47, '0.0000', 0, '2018-06-22 17:01:57', '2018-06-22 17:01:57', NULL),
(808, 'mwali', 'Mwali', 48, '0.0000', 0, '2018-06-22 17:01:57', '2018-06-22 17:01:57', NULL),
(809, 'njazidja', 'Njazidja', 48, '0.0000', 0, '2018-06-22 17:01:57', '2018-06-22 17:01:57', NULL),
(810, 'nzwani', 'Nzwani', 48, '0.0000', 0, '2018-06-22 17:01:57', '2018-06-22 17:01:57', NULL),
(811, 'bouenza', 'Bouenza', 49, '0.0000', 0, '2018-06-22 17:01:57', '2018-06-22 17:01:57', NULL),
(812, 'brazzaville', 'Brazzaville', 49, '0.0000', 0, '2018-06-22 17:01:57', '2018-06-22 17:01:57', NULL),
(813, 'cuvette', 'Cuvette', 49, '0.0000', 0, '2018-06-22 17:01:57', '2018-06-22 17:01:57', NULL),
(814, 'kouilou', 'Kouilou', 49, '0.0000', 0, '2018-06-22 17:01:57', '2018-06-22 17:01:57', NULL),
(815, 'lekoumou', 'Lekoumou', 49, '0.0000', 0, '2018-06-22 17:01:57', '2018-06-22 17:01:57', NULL),
(816, 'likouala', 'Likouala', 49, '0.0000', 0, '2018-06-22 17:01:57', '2018-06-22 17:01:57', NULL),
(817, 'niari', 'Niari', 49, '0.0000', 0, '2018-06-22 17:01:57', '2018-06-22 17:01:57', NULL),
(818, 'plateaux', 'Plateaux', 49, '0.0000', 0, '2018-06-22 17:01:57', '2018-06-22 17:01:57', NULL),
(819, 'pool', 'Pool', 49, '0.0000', 0, '2018-06-22 17:01:57', '2018-06-22 17:01:57', NULL),
(820, 'sangha', 'Sangha', 49, '0.0000', 0, '2018-06-22 17:01:57', '2018-06-22 17:01:57', NULL),
(821, 'bandundu', 'Bandundu', 50, '0.0000', 0, '2018-06-22 17:01:57', '2018-06-22 17:01:57', NULL),
(822, 'bas-congo', 'Bas-Congo', 50, '0.0000', 0, '2018-06-22 17:01:57', '2018-06-22 17:01:57', NULL),
(823, 'equateur', 'Equateur', 50, '0.0000', 0, '2018-06-22 17:01:57', '2018-06-22 17:01:57', NULL),
(824, 'haut-congo', 'Haut-Congo', 50, '0.0000', 0, '2018-06-22 17:01:57', '2018-06-22 17:01:57', NULL),
(825, 'kasai-occidental', 'Kasai-Occidental', 50, '0.0000', 0, '2018-06-22 17:01:57', '2018-06-22 17:01:57', NULL),
(826, 'kasai-oriental', 'Kasai-Oriental', 50, '0.0000', 0, '2018-06-22 17:01:57', '2018-06-22 17:01:57', NULL),
(827, 'katanga', 'Katanga', 50, '0.0000', 0, '2018-06-22 17:01:57', '2018-06-22 17:01:57', NULL),
(828, 'kinshasa', 'Kinshasa', 50, '0.0000', 0, '2018-06-22 17:01:57', '2018-06-22 17:01:57', NULL),
(829, 'maniema', 'Maniema', 50, '0.0000', 0, '2018-06-22 17:01:57', '2018-06-22 17:01:57', NULL),
(830, 'nord-kivu', 'Nord-Kivu', 50, '0.0000', 0, '2018-06-22 17:01:57', '2018-06-22 17:01:57', NULL),
(831, 'sud-kivu', 'Sud-Kivu', 50, '0.0000', 0, '2018-06-22 17:01:57', '2018-06-22 17:01:57', NULL),
(832, 'aitutaki', 'Aitutaki', 51, '0.0000', 0, '2018-06-22 17:01:57', '2018-06-22 17:01:57', NULL),
(833, 'atiu', 'Atiu', 51, '0.0000', 0, '2018-06-22 17:01:57', '2018-06-22 17:01:57', NULL),
(834, 'mangaia', 'Mangaia', 51, '0.0000', 0, '2018-06-22 17:01:57', '2018-06-22 17:01:57', NULL),
(835, 'manihiki', 'Manihiki', 51, '0.0000', 0, '2018-06-22 17:01:57', '2018-06-22 17:01:57', NULL),
(836, 'mauke', 'Mauke', 51, '0.0000', 0, '2018-06-22 17:01:57', '2018-06-22 17:01:57', NULL),
(837, 'mitiaro', 'Mitiaro', 51, '0.0000', 0, '2018-06-22 17:01:57', '2018-06-22 17:01:57', NULL),
(838, 'nassau', 'Nassau', 51, '0.0000', 0, '2018-06-22 17:01:57', '2018-06-22 17:01:57', NULL),
(839, 'pukapuka', 'Pukapuka', 51, '0.0000', 0, '2018-06-22 17:01:57', '2018-06-22 17:01:57', NULL),
(840, 'rakahanga', 'Rakahanga', 51, '0.0000', 0, '2018-06-22 17:01:57', '2018-06-22 17:01:57', NULL),
(841, 'rarotonga', 'Rarotonga', 51, '0.0000', 0, '2018-06-22 17:01:57', '2018-06-22 17:01:57', NULL),
(842, 'tongareva', 'Tongareva', 51, '0.0000', 0, '2018-06-22 17:01:57', '2018-06-22 17:01:57', NULL),
(843, 'alajuela', 'Alajuela', 52, '0.0000', 0, '2018-06-22 17:01:57', '2018-06-22 17:01:57', NULL),
(844, 'cartago', 'Cartago', 52, '0.0000', 0, '2018-06-22 17:01:57', '2018-06-22 17:01:57', NULL),
(845, 'guanacaste', 'Guanacaste', 52, '0.0000', 0, '2018-06-22 17:01:57', '2018-06-22 17:01:57', NULL),
(846, 'heredia', 'Heredia', 52, '0.0000', 0, '2018-06-22 17:01:57', '2018-06-22 17:01:57', NULL),
(847, 'limon', 'Limon', 52, '0.0000', 0, '2018-06-22 17:01:57', '2018-06-22 17:01:57', NULL),
(848, 'puntarenas', 'Puntarenas', 52, '0.0000', 0, '2018-06-22 17:01:57', '2018-06-22 17:01:57', NULL),
(849, 'san jose', 'San Jose', 52, '0.0000', 0, '2018-06-22 17:01:57', '2018-06-22 17:01:57', NULL),
(850, 'abidjan', 'Abidjan', 53, '0.0000', 0, '2018-06-22 17:01:57', '2018-06-22 17:01:57', NULL),
(851, 'agneby', 'Agneby', 53, '0.0000', 0, '2018-06-22 17:01:57', '2018-06-22 17:01:57', NULL),
(852, 'bafing', 'Bafing', 53, '0.0000', 0, '2018-06-22 17:01:57', '2018-06-22 17:01:57', NULL),
(853, 'denguele', 'Denguele', 53, '0.0000', 0, '2018-06-22 17:01:57', '2018-06-22 17:01:57', NULL),
(854, 'dix-huit montagnes', 'Dix-huit Montagnes', 53, '0.0000', 0, '2018-06-22 17:01:57', '2018-06-22 17:01:57', NULL),
(855, 'fromager', 'Fromager', 53, '0.0000', 0, '2018-06-22 17:01:57', '2018-06-22 17:01:57', NULL),
(856, 'haut-sassandra', 'Haut-Sassandra', 53, '0.0000', 0, '2018-06-22 17:01:57', '2018-06-22 17:01:57', NULL),
(857, 'lacs', 'Lacs', 53, '0.0000', 0, '2018-06-22 17:01:57', '2018-06-22 17:01:57', NULL),
(858, 'lagunes', 'Lagunes', 53, '0.0000', 0, '2018-06-22 17:01:57', '2018-06-22 17:01:57', NULL),
(859, 'marahoue', 'Marahoue', 53, '0.0000', 0, '2018-06-22 17:01:57', '2018-06-22 17:01:57', NULL),
(860, 'moyen-cavally', 'Moyen-Cavally', 53, '0.0000', 0, '2018-06-22 17:01:57', '2018-06-22 17:01:57', NULL),
(861, 'moyen-comoe', 'Moyen-Comoe', 53, '0.0000', 0, '2018-06-22 17:01:57', '2018-06-22 17:01:57', NULL),
(862, 'n''''zi-comoe', 'N''''zi-Comoe', 53, '0.0000', 0, '2018-06-22 17:01:57', '2018-06-22 17:01:57', NULL),
(863, 'sassandra', 'Sassandra', 53, '0.0000', 0, '2018-06-22 17:01:57', '2018-06-22 17:01:57', NULL),
(864, 'savanes', 'Savanes', 53, '0.0000', 0, '2018-06-22 17:01:57', '2018-06-22 17:01:57', NULL),
(865, 'sud-bandama', 'Sud-Bandama', 53, '0.0000', 0, '2018-06-22 17:01:57', '2018-06-22 17:01:57', NULL),
(866, 'sud-comoe', 'Sud-Comoe', 53, '0.0000', 0, '2018-06-22 17:01:57', '2018-06-22 17:01:57', NULL),
(867, 'vallee du bandama', 'Vallee du Bandama', 53, '0.0000', 0, '2018-06-22 17:01:57', '2018-06-22 17:01:57', NULL),
(868, 'worodougou', 'Worodougou', 53, '0.0000', 0, '2018-06-22 17:01:57', '2018-06-22 17:01:57', NULL),
(869, 'zanzan', 'Zanzan', 53, '0.0000', 0, '2018-06-22 17:01:57', '2018-06-22 17:01:57', NULL),
(870, 'bjelovar-bilogora', 'Bjelovar-Bilogora', 54, '0.0000', 0, '2018-06-22 17:01:57', '2018-06-22 17:01:57', NULL),
(871, 'dubrovnik-neretva', 'Dubrovnik-Neretva', 54, '0.0000', 0, '2018-06-22 17:01:57', '2018-06-22 17:01:57', NULL),
(872, 'grad zagreb', 'Grad Zagreb', 54, '0.0000', 0, '2018-06-22 17:01:57', '2018-06-22 17:01:57', NULL),
(873, 'istra', 'Istra', 54, '0.0000', 0, '2018-06-22 17:01:57', '2018-06-22 17:01:57', NULL),
(874, 'karlovac', 'Karlovac', 54, '0.0000', 0, '2018-06-22 17:01:57', '2018-06-22 17:01:57', NULL),
(875, 'koprivnica-krizhevci', 'Koprivnica-Krizhevci', 54, '0.0000', 0, '2018-06-22 17:01:57', '2018-06-22 17:01:57', NULL),
(876, 'krapina-zagorje', 'Krapina-Zagorje', 54, '0.0000', 0, '2018-06-22 17:01:57', '2018-06-22 17:01:57', NULL),
(877, 'lika-senj', 'Lika-Senj', 54, '0.0000', 0, '2018-06-22 17:01:57', '2018-06-22 17:01:57', NULL),
(878, 'medhimurje', 'Medhimurje', 54, '0.0000', 0, '2018-06-22 17:01:57', '2018-06-22 17:01:57', NULL),
(879, 'medimurska zupanija', 'Medimurska Zupanija', 54, '0.0000', 0, '2018-06-22 17:01:57', '2018-06-22 17:01:57', NULL),
(880, 'osijek-baranja', 'Osijek-Baranja', 54, '0.0000', 0, '2018-06-22 17:01:57', '2018-06-22 17:01:57', NULL),
(881, 'osjecko-baranjska zupanij', 'Osjecko-Baranjska Zupanija', 54, '0.0000', 0, '2018-06-22 17:01:57', '2018-06-22 17:01:57', NULL),
(882, 'pozhega-slavonija', 'Pozhega-Slavonija', 54, '0.0000', 0, '2018-06-22 17:01:57', '2018-06-22 17:01:57', NULL),
(883, 'primorje-gorski kotar', 'Primorje-Gorski Kotar', 54, '0.0000', 0, '2018-06-22 17:01:57', '2018-06-22 17:01:57', NULL),
(884, 'shibenik-knin', 'Shibenik-Knin', 54, '0.0000', 0, '2018-06-22 17:01:57', '2018-06-22 17:01:57', NULL),
(885, 'sisak-moslavina', 'Sisak-Moslavina', 54, '0.0000', 0, '2018-06-22 17:01:57', '2018-06-22 17:01:57', NULL),
(886, 'slavonski brod-posavina', 'Slavonski Brod-Posavina', 54, '0.0000', 0, '2018-06-22 17:01:57', '2018-06-22 17:01:57', NULL),
(887, 'split-dalmacija', 'Split-Dalmacija', 54, '0.0000', 0, '2018-06-22 17:01:57', '2018-06-22 17:01:57', NULL),
(888, 'varazhdin', 'Varazhdin', 54, '0.0000', 0, '2018-06-22 17:01:57', '2018-06-22 17:01:57', NULL),
(889, 'virovitica-podravina', 'Virovitica-Podravina', 54, '0.0000', 0, '2018-06-22 17:01:57', '2018-06-22 17:01:57', NULL),
(890, 'vukovar-srijem', 'Vukovar-Srijem', 54, '0.0000', 0, '2018-06-22 17:01:57', '2018-06-22 17:01:57', NULL),
(891, 'zadar', 'Zadar', 54, '0.0000', 0, '2018-06-22 17:01:57', '2018-06-22 17:01:57', NULL),
(892, 'zagreb', 'Zagreb', 54, '0.0000', 0, '2018-06-22 17:01:57', '2018-06-22 17:01:57', NULL),
(893, 'camaguey', 'Camaguey', 55, '0.0000', 0, '2018-06-22 17:01:57', '2018-06-22 17:01:57', NULL),
(894, 'ciego de avila', 'Ciego de Avila', 55, '0.0000', 0, '2018-06-22 17:01:57', '2018-06-22 17:01:57', NULL),
(895, 'cienfuegos', 'Cienfuegos', 55, '0.0000', 0, '2018-06-22 17:01:57', '2018-06-22 17:01:57', NULL),
(896, 'ciudad de la habana', 'Ciudad de la Habana', 55, '0.0000', 0, '2018-06-22 17:01:57', '2018-06-22 17:01:57', NULL),
(897, 'granma', 'Granma', 55, '0.0000', 0, '2018-06-22 17:01:57', '2018-06-22 17:01:57', NULL),
(898, 'guantanamo', 'Guantanamo', 55, '0.0000', 0, '2018-06-22 17:01:57', '2018-06-22 17:01:57', NULL),
(899, 'habana', 'Habana', 55, '0.0000', 0, '2018-06-22 17:01:57', '2018-06-22 17:01:57', NULL),
(900, 'holguin', 'Holguin', 55, '0.0000', 0, '2018-06-22 17:01:57', '2018-06-22 17:01:57', NULL),
(901, 'isla de la juventud', 'Isla de la Juventud', 55, '0.0000', 0, '2018-06-22 17:01:57', '2018-06-22 17:01:57', NULL),
(902, 'la habana', 'La Habana', 55, '0.0000', 0, '2018-06-22 17:01:57', '2018-06-22 17:01:57', NULL),
(903, 'las tunas', 'Las Tunas', 55, '0.0000', 0, '2018-06-22 17:01:57', '2018-06-22 17:01:57', NULL),
(904, 'matanzas', 'Matanzas', 55, '0.0000', 0, '2018-06-22 17:01:57', '2018-06-22 17:01:57', NULL),
(905, 'pinar del rio', 'Pinar del Rio', 55, '0.0000', 0, '2018-06-22 17:01:57', '2018-06-22 17:01:57', NULL),
(906, 'sancti spiritus', 'Sancti Spiritus', 55, '0.0000', 0, '2018-06-22 17:01:57', '2018-06-22 17:01:57', NULL),
(907, 'santiago de cuba', 'Santiago de Cuba', 55, '0.0000', 0, '2018-06-22 17:01:57', '2018-06-22 17:01:57', NULL),
(908, 'villa clara', 'Villa Clara', 55, '0.0000', 0, '2018-06-22 17:01:57', '2018-06-22 17:01:57', NULL),
(909, 'government controlled are', 'Government controlled area', 56, '0.0000', 0, '2018-06-22 17:01:57', '2018-06-22 17:01:57', NULL),
(910, 'limassol', 'Limassol', 56, '0.0000', 0, '2018-06-22 17:01:57', '2018-06-22 17:01:57', NULL),
(911, 'nicosia district', 'Nicosia District', 56, '0.0000', 0, '2018-06-22 17:01:57', '2018-06-22 17:01:57', NULL),
(912, 'paphos', 'Paphos', 56, '0.0000', 0, '2018-06-22 17:01:57', '2018-06-22 17:01:57', NULL),
(913, 'turkish controlled area', 'Turkish controlled area', 56, '0.0000', 0, '2018-06-22 17:01:57', '2018-06-22 17:01:57', NULL),
(914, 'central bohemian', 'Central Bohemian', 57, '0.0000', 0, '2018-06-22 17:01:57', '2018-06-22 17:01:57', NULL),
(915, 'frycovice', 'Frycovice', 57, '0.0000', 0, '2018-06-22 17:01:57', '2018-06-22 17:01:57', NULL),
(916, 'jihocesky kraj', 'Jihocesky Kraj', 57, '0.0000', 0, '2018-06-22 17:01:57', '2018-06-22 17:01:57', NULL),
(917, 'jihochesky', 'Jihochesky', 57, '0.0000', 0, '2018-06-22 17:01:57', '2018-06-22 17:01:57', NULL),
(918, 'jihomoravsky', 'Jihomoravsky', 57, '0.0000', 0, '2018-06-22 17:01:57', '2018-06-22 17:01:57', NULL),
(919, 'karlovarsky', 'Karlovarsky', 57, '0.0000', 0, '2018-06-22 17:01:57', '2018-06-22 17:01:57', NULL),
(920, 'klecany', 'Klecany', 57, '0.0000', 0, '2018-06-22 17:01:57', '2018-06-22 17:01:57', NULL),
(921, 'kralovehradecky', 'Kralovehradecky', 57, '0.0000', 0, '2018-06-22 17:01:57', '2018-06-22 17:01:57', NULL),
(922, 'liberecky', 'Liberecky', 57, '0.0000', 0, '2018-06-22 17:01:57', '2018-06-22 17:01:57', NULL),
(923, 'lipov', 'Lipov', 57, '0.0000', 0, '2018-06-22 17:01:57', '2018-06-22 17:01:57', NULL),
(924, 'moravskoslezsky', 'Moravskoslezsky', 57, '0.0000', 0, '2018-06-22 17:01:57', '2018-06-22 17:01:57', NULL),
(925, 'olomoucky', 'Olomoucky', 57, '0.0000', 0, '2018-06-22 17:01:57', '2018-06-22 17:01:57', NULL),
(926, 'olomoucky kraj', 'Olomoucky Kraj', 57, '0.0000', 0, '2018-06-22 17:01:57', '2018-06-22 17:01:57', NULL),
(927, 'pardubicky', 'Pardubicky', 57, '0.0000', 0, '2018-06-22 17:01:57', '2018-06-22 17:01:57', NULL),
(928, 'plzensky', 'Plzensky', 57, '0.0000', 0, '2018-06-22 17:01:57', '2018-06-22 17:01:57', NULL),
(929, 'praha', 'Praha', 57, '0.0000', 0, '2018-06-22 17:01:57', '2018-06-22 17:01:57', NULL),
(930, 'rajhrad', 'Rajhrad', 57, '0.0000', 0, '2018-06-22 17:01:57', '2018-06-22 17:01:57', NULL),
(931, 'smirice', 'Smirice', 57, '0.0000', 0, '2018-06-22 17:01:57', '2018-06-22 17:01:57', NULL),
(932, 'south moravian', 'South Moravian', 57, '0.0000', 0, '2018-06-22 17:01:57', '2018-06-22 17:01:57', NULL),
(933, 'straz nad nisou', 'Straz nad Nisou', 57, '0.0000', 0, '2018-06-22 17:01:57', '2018-06-22 17:01:57', NULL),
(934, 'stredochesky', 'Stredochesky', 57, '0.0000', 0, '2018-06-22 17:01:57', '2018-06-22 17:01:57', NULL),
(935, 'unicov', 'Unicov', 57, '0.0000', 0, '2018-06-22 17:01:57', '2018-06-22 17:01:57', NULL),
(936, 'ustecky', 'Ustecky', 57, '0.0000', 0, '2018-06-22 17:01:57', '2018-06-22 17:01:57', NULL),
(937, 'valletta', 'Valletta', 57, '0.0000', 0, '2018-06-22 17:01:57', '2018-06-22 17:01:57', NULL),
(938, 'velesin', 'Velesin', 57, '0.0000', 0, '2018-06-22 17:01:57', '2018-06-22 17:01:57', NULL),
(939, 'vysochina', 'Vysochina', 57, '0.0000', 0, '2018-06-22 17:01:57', '2018-06-22 17:01:57', NULL),
(940, 'zlinsky', 'Zlinsky', 57, '0.0000', 0, '2018-06-22 17:01:57', '2018-06-22 17:01:57', NULL),
(941, 'arhus', 'Arhus', 58, '0.0000', 0, '2018-06-22 17:01:57', '2018-06-22 17:01:57', NULL),
(942, 'bornholm', 'Bornholm', 58, '0.0000', 0, '2018-06-22 17:01:57', '2018-06-22 17:01:57', NULL),
(943, 'frederiksborg', 'Frederiksborg', 58, '0.0000', 0, '2018-06-22 17:01:57', '2018-06-22 17:01:57', NULL),
(944, 'fyn', 'Fyn', 58, '0.0000', 0, '2018-06-22 17:01:57', '2018-06-22 17:01:57', NULL),
(945, 'hovedstaden', 'Hovedstaden', 58, '0.0000', 0, '2018-06-22 17:01:57', '2018-06-22 17:01:57', NULL),
(946, 'kobenhavn', 'Kobenhavn', 58, '0.0000', 0, '2018-06-22 17:01:57', '2018-06-22 17:01:57', NULL),
(947, 'kobenhavns amt', 'Kobenhavns Amt', 58, '0.0000', 0, '2018-06-22 17:01:57', '2018-06-22 17:01:57', NULL),
(948, 'kobenhavns kommune', 'Kobenhavns Kommune', 58, '0.0000', 0, '2018-06-22 17:01:57', '2018-06-22 17:01:57', NULL),
(949, 'nordjylland', 'Nordjylland', 58, '0.0000', 0, '2018-06-22 17:01:57', '2018-06-22 17:01:57', NULL),
(950, 'ribe', 'Ribe', 58, '0.0000', 0, '2018-06-22 17:01:57', '2018-06-22 17:01:57', NULL),
(951, 'ringkobing', 'Ringkobing', 58, '0.0000', 0, '2018-06-22 17:01:57', '2018-06-22 17:01:57', NULL),
(952, 'roervig', 'Roervig', 58, '0.0000', 0, '2018-06-22 17:01:57', '2018-06-22 17:01:57', NULL),
(953, 'roskilde', 'Roskilde', 58, '0.0000', 0, '2018-06-22 17:01:57', '2018-06-22 17:01:57', NULL),
(954, 'roslev', 'Roslev', 58, '0.0000', 0, '2018-06-22 17:01:57', '2018-06-22 17:01:57', NULL),
(955, 'sjaelland', 'Sjaelland', 58, '0.0000', 0, '2018-06-22 17:01:57', '2018-06-22 17:01:57', NULL),
(956, 'soeborg', 'Soeborg', 58, '0.0000', 0, '2018-06-22 17:01:57', '2018-06-22 17:01:57', NULL),
(957, 'sonderjylland', 'Sonderjylland', 58, '0.0000', 0, '2018-06-22 17:01:57', '2018-06-22 17:01:57', NULL),
(958, 'storstrom', 'Storstrom', 58, '0.0000', 0, '2018-06-22 17:01:57', '2018-06-22 17:01:57', NULL),
(959, 'syddanmark', 'Syddanmark', 58, '0.0000', 0, '2018-06-22 17:01:57', '2018-06-22 17:01:57', NULL),
(960, 'toelloese', 'Toelloese', 58, '0.0000', 0, '2018-06-22 17:01:57', '2018-06-22 17:01:57', NULL),
(961, 'vejle', 'Vejle', 58, '0.0000', 0, '2018-06-22 17:01:57', '2018-06-22 17:01:57', NULL),
(962, 'vestsjalland', 'Vestsjalland', 58, '0.0000', 0, '2018-06-22 17:01:57', '2018-06-22 17:01:57', NULL),
(963, 'viborg', 'Viborg', 58, '0.0000', 0, '2018-06-22 17:01:57', '2018-06-22 17:01:57', NULL),
(964, 'ali sabih', 'Ali Sabih', 59, '0.0000', 0, '2018-06-22 17:01:57', '2018-06-22 17:01:57', NULL),
(965, 'dikhil', 'Dikhil', 59, '0.0000', 0, '2018-06-22 17:01:57', '2018-06-22 17:01:57', NULL),
(966, 'jibuti', 'Jibuti', 59, '0.0000', 0, '2018-06-22 17:01:57', '2018-06-22 17:01:57', NULL),
(967, 'tajurah', 'Tajurah', 59, '0.0000', 0, '2018-06-22 17:01:57', '2018-06-22 17:01:57', NULL),
(968, 'ubuk', 'Ubuk', 59, '0.0000', 0, '2018-06-22 17:01:57', '2018-06-22 17:01:57', NULL),
(969, 'saint andrew', 'Saint Andrew', 60, '0.0000', 0, '2018-06-22 17:01:57', '2018-06-22 17:01:57', NULL),
(970, 'saint david', 'Saint David', 60, '0.0000', 0, '2018-06-22 17:01:57', '2018-06-22 17:01:57', NULL),
(971, 'saint george', 'Saint George', 60, '0.0000', 0, '2018-06-22 17:01:57', '2018-06-22 17:01:57', NULL),
(972, 'saint john', 'Saint John', 60, '0.0000', 0, '2018-06-22 17:01:57', '2018-06-22 17:01:57', NULL),
(973, 'saint joseph', 'Saint Joseph', 60, '0.0000', 0, '2018-06-22 17:01:57', '2018-06-22 17:01:57', NULL),
(974, 'saint luke', 'Saint Luke', 60, '0.0000', 0, '2018-06-22 17:01:57', '2018-06-22 17:01:57', NULL),
(975, 'saint mark', 'Saint Mark', 60, '0.0000', 0, '2018-06-22 17:01:57', '2018-06-22 17:01:57', NULL),
(976, 'saint patrick', 'Saint Patrick', 60, '0.0000', 0, '2018-06-22 17:01:57', '2018-06-22 17:01:57', NULL),
(977, 'saint paul', 'Saint Paul', 60, '0.0000', 0, '2018-06-22 17:01:57', '2018-06-22 17:01:57', NULL),
(978, 'saint peter', 'Saint Peter', 60, '0.0000', 0, '2018-06-22 17:01:57', '2018-06-22 17:01:57', NULL),
(979, 'azua', 'Azua', 61, '0.0000', 0, '2018-06-22 17:01:57', '2018-06-22 17:01:57', NULL),
(980, 'bahoruco', 'Bahoruco', 61, '0.0000', 0, '2018-06-22 17:01:57', '2018-06-22 17:01:57', NULL),
(981, 'barahona', 'Barahona', 61, '0.0000', 0, '2018-06-22 17:01:57', '2018-06-22 17:01:57', NULL),
(982, 'dajabon', 'Dajabon', 61, '0.0000', 0, '2018-06-22 17:01:57', '2018-06-22 17:01:57', NULL),
(983, 'distrito nacional', 'Distrito Nacional', 61, '0.0000', 0, '2018-06-22 17:01:57', '2018-06-22 17:01:57', NULL),
(984, 'duarte', 'Duarte', 61, '0.0000', 0, '2018-06-22 17:01:57', '2018-06-22 17:01:57', NULL),
(985, 'el seybo', 'El Seybo', 61, '0.0000', 0, '2018-06-22 17:01:57', '2018-06-22 17:01:57', NULL),
(986, 'elias pina', 'Elias Pina', 61, '0.0000', 0, '2018-06-22 17:01:57', '2018-06-22 17:01:57', NULL),
(987, 'espaillat', 'Espaillat', 61, '0.0000', 0, '2018-06-22 17:01:57', '2018-06-22 17:01:57', NULL),
(988, 'hato mayor', 'Hato Mayor', 61, '0.0000', 0, '2018-06-22 17:01:57', '2018-06-22 17:01:57', NULL),
(989, 'independencia', 'Independencia', 61, '0.0000', 0, '2018-06-22 17:01:57', '2018-06-22 17:01:57', NULL),
(990, 'la altagracia', 'La Altagracia', 61, '0.0000', 0, '2018-06-22 17:01:57', '2018-06-22 17:01:57', NULL),
(991, 'la romana', 'La Romana', 61, '0.0000', 0, '2018-06-22 17:01:57', '2018-06-22 17:01:57', NULL),
(992, 'la vega', 'La Vega', 61, '0.0000', 0, '2018-06-22 17:01:57', '2018-06-22 17:01:57', NULL),
(993, 'maria trinidad sanchez', 'Maria Trinidad Sanchez', 61, '0.0000', 0, '2018-06-22 17:01:57', '2018-06-22 17:01:57', NULL),
(994, 'monsenor nouel', 'Monsenor Nouel', 61, '0.0000', 0, '2018-06-22 17:01:57', '2018-06-22 17:01:57', NULL),
(995, 'monte cristi', 'Monte Cristi', 61, '0.0000', 0, '2018-06-22 17:01:57', '2018-06-22 17:01:57', NULL);
INSERT INTO `states` (`id`, `code`, `name`, `country_id`, `tax`, `is_default`, `created_at`, `updated_at`, `deleted_at`) VALUES
(996, 'monte plata', 'Monte Plata', 61, '0.0000', 0, '2018-06-22 17:01:57', '2018-06-22 17:01:57', NULL),
(997, 'pedernales', 'Pedernales', 61, '0.0000', 0, '2018-06-22 17:01:57', '2018-06-22 17:01:57', NULL),
(998, 'peravia', 'Peravia', 61, '0.0000', 0, '2018-06-22 17:01:57', '2018-06-22 17:01:57', NULL),
(999, 'puerto plata', 'Puerto Plata', 61, '0.0000', 0, '2018-06-22 17:01:57', '2018-06-22 17:01:57', NULL),
(1000, 'salcedo', 'Salcedo', 61, '0.0000', 0, '2018-06-22 17:01:57', '2018-06-22 17:01:57', NULL),
(1001, 'samana', 'Samana', 61, '0.0000', 0, '2018-06-22 17:01:57', '2018-06-22 17:01:57', NULL),
(1002, 'san cristobal', 'San Cristobal', 61, '0.0000', 0, '2018-06-22 17:01:57', '2018-06-22 17:01:57', NULL),
(1003, 'san juan', 'San Juan', 61, '0.0000', 0, '2018-06-22 17:01:57', '2018-06-22 17:01:57', NULL),
(1004, 'san pedro de macoris', 'San Pedro de Macoris', 61, '0.0000', 0, '2018-06-22 17:01:57', '2018-06-22 17:01:57', NULL),
(1005, 'sanchez ramirez', 'Sanchez Ramirez', 61, '0.0000', 0, '2018-06-22 17:01:57', '2018-06-22 17:01:57', NULL),
(1006, 'santiago', 'Santiago', 61, '0.0000', 0, '2018-06-22 17:01:57', '2018-06-22 17:01:57', NULL),
(1007, 'santiago rodriguez', 'Santiago Rodriguez', 61, '0.0000', 0, '2018-06-22 17:01:57', '2018-06-22 17:01:57', NULL),
(1008, 'valverde', 'Valverde', 61, '0.0000', 0, '2018-06-22 17:01:57', '2018-06-22 17:01:57', NULL),
(1009, 'aileu', 'Aileu', 62, '0.0000', 0, '2018-06-22 17:01:57', '2018-06-22 17:01:57', NULL),
(1010, 'ainaro', 'Ainaro', 62, '0.0000', 0, '2018-06-22 17:01:57', '2018-06-22 17:01:57', NULL),
(1011, 'ambeno', 'Ambeno', 62, '0.0000', 0, '2018-06-22 17:01:57', '2018-06-22 17:01:57', NULL),
(1012, 'baucau', 'Baucau', 62, '0.0000', 0, '2018-06-22 17:01:57', '2018-06-22 17:01:57', NULL),
(1013, 'bobonaro', 'Bobonaro', 62, '0.0000', 0, '2018-06-22 17:01:57', '2018-06-22 17:01:57', NULL),
(1014, 'cova lima', 'Cova Lima', 62, '0.0000', 0, '2018-06-22 17:01:57', '2018-06-22 17:01:57', NULL),
(1015, 'dili', 'Dili', 62, '0.0000', 0, '2018-06-22 17:01:57', '2018-06-22 17:01:57', NULL),
(1016, 'ermera', 'Ermera', 62, '0.0000', 0, '2018-06-22 17:01:57', '2018-06-22 17:01:57', NULL),
(1017, 'lautem', 'Lautem', 62, '0.0000', 0, '2018-06-22 17:01:57', '2018-06-22 17:01:57', NULL),
(1018, 'liquica', 'Liquica', 62, '0.0000', 0, '2018-06-22 17:01:57', '2018-06-22 17:01:57', NULL),
(1019, 'manatuto', 'Manatuto', 62, '0.0000', 0, '2018-06-22 17:01:57', '2018-06-22 17:01:57', NULL),
(1020, 'manufahi', 'Manufahi', 62, '0.0000', 0, '2018-06-22 17:01:57', '2018-06-22 17:01:57', NULL),
(1021, 'viqueque', 'Viqueque', 62, '0.0000', 0, '2018-06-22 17:01:57', '2018-06-22 17:01:57', NULL),
(1022, 'azuay', 'Azuay', 63, '0.0000', 0, '2018-06-22 17:01:57', '2018-06-22 17:01:57', NULL),
(1023, 'bolivar', 'Bolivar', 63, '0.0000', 0, '2018-06-22 17:01:57', '2018-06-22 17:01:57', NULL),
(1024, 'canar', 'Canar', 63, '0.0000', 0, '2018-06-22 17:01:57', '2018-06-22 17:01:57', NULL),
(1025, 'carchi', 'Carchi', 63, '0.0000', 0, '2018-06-22 17:01:57', '2018-06-22 17:01:57', NULL),
(1026, 'chimborazo', 'Chimborazo', 63, '0.0000', 0, '2018-06-22 17:01:57', '2018-06-22 17:01:57', NULL),
(1027, 'cotopaxi', 'Cotopaxi', 63, '0.0000', 0, '2018-06-22 17:01:57', '2018-06-22 17:01:57', NULL),
(1028, 'el oro', 'El Oro', 63, '0.0000', 0, '2018-06-22 17:01:57', '2018-06-22 17:01:57', NULL),
(1029, 'esmeraldas', 'Esmeraldas', 63, '0.0000', 0, '2018-06-22 17:01:57', '2018-06-22 17:01:57', NULL),
(1030, 'galapagos', 'Galapagos', 63, '0.0000', 0, '2018-06-22 17:01:57', '2018-06-22 17:01:57', NULL),
(1031, 'guayas', 'Guayas', 63, '0.0000', 0, '2018-06-22 17:01:57', '2018-06-22 17:01:57', NULL),
(1032, 'imbabura', 'Imbabura', 63, '0.0000', 0, '2018-06-22 17:01:57', '2018-06-22 17:01:57', NULL),
(1033, 'loja', 'Loja', 63, '0.0000', 0, '2018-06-22 17:01:57', '2018-06-22 17:01:57', NULL),
(1034, 'los rios', 'Los Rios', 63, '0.0000', 0, '2018-06-22 17:01:57', '2018-06-22 17:01:57', NULL),
(1035, 'manabi', 'Manabi', 63, '0.0000', 0, '2018-06-22 17:01:57', '2018-06-22 17:01:57', NULL),
(1036, 'morona santiago', 'Morona Santiago', 63, '0.0000', 0, '2018-06-22 17:01:57', '2018-06-22 17:01:57', NULL),
(1037, 'napo', 'Napo', 63, '0.0000', 0, '2018-06-22 17:01:57', '2018-06-22 17:01:57', NULL),
(1038, 'orellana', 'Orellana', 63, '0.0000', 0, '2018-06-22 17:01:57', '2018-06-22 17:01:57', NULL),
(1039, 'pastaza', 'Pastaza', 63, '0.0000', 0, '2018-06-22 17:01:57', '2018-06-22 17:01:57', NULL),
(1040, 'pichincha', 'Pichincha', 63, '0.0000', 0, '2018-06-22 17:01:57', '2018-06-22 17:01:57', NULL),
(1041, 'sucumbios', 'Sucumbios', 63, '0.0000', 0, '2018-06-22 17:01:57', '2018-06-22 17:01:57', NULL),
(1042, 'tungurahua', 'Tungurahua', 63, '0.0000', 0, '2018-06-22 17:01:57', '2018-06-22 17:01:57', NULL),
(1043, 'zamora chinchipe', 'Zamora Chinchipe', 63, '0.0000', 0, '2018-06-22 17:01:57', '2018-06-22 17:01:57', NULL),
(1044, 'aswan', 'Aswan', 64, '0.0000', 0, '2018-06-22 17:01:57', '2018-06-22 17:01:57', NULL),
(1045, 'asyut', 'Asyut', 64, '0.0000', 0, '2018-06-22 17:01:57', '2018-06-22 17:01:57', NULL),
(1046, 'bani suwayf', 'Bani Suwayf', 64, '0.0000', 0, '2018-06-22 17:01:57', '2018-06-22 17:01:57', NULL),
(1047, 'bur sa''''id', 'Bur Sa''''id', 64, '0.0000', 0, '2018-06-22 17:01:57', '2018-06-22 17:01:57', NULL),
(1048, 'cairo', 'Cairo', 64, '0.0000', 0, '2018-06-22 17:01:57', '2018-06-22 17:01:57', NULL),
(1049, 'dumyat', 'Dumyat', 64, '0.0000', 0, '2018-06-22 17:01:57', '2018-06-22 17:01:57', NULL),
(1050, 'kafr-ash-shaykh', 'Kafr-ash-Shaykh', 64, '0.0000', 0, '2018-06-22 17:01:57', '2018-06-22 17:01:57', NULL),
(1051, 'matruh', 'Matruh', 64, '0.0000', 0, '2018-06-22 17:01:57', '2018-06-22 17:01:57', NULL),
(1052, 'muhafazat ad daqahliyah', 'Muhafazat ad Daqahliyah', 64, '0.0000', 0, '2018-06-22 17:01:57', '2018-06-22 17:01:57', NULL),
(1053, 'muhafazat al fayyum', 'Muhafazat al Fayyum', 64, '0.0000', 0, '2018-06-22 17:01:57', '2018-06-22 17:01:57', NULL),
(1054, 'muhafazat al gharbiyah', 'Muhafazat al Gharbiyah', 64, '0.0000', 0, '2018-06-22 17:01:57', '2018-06-22 17:01:57', NULL),
(1055, 'muhafazat al iskandariyah', 'Muhafazat al Iskandariyah', 64, '0.0000', 0, '2018-06-22 17:01:57', '2018-06-22 17:01:57', NULL),
(1056, 'muhafazat al qahirah', 'Muhafazat al Qahirah', 64, '0.0000', 0, '2018-06-22 17:01:57', '2018-06-22 17:01:57', NULL),
(1057, 'qina', 'Qina', 64, '0.0000', 0, '2018-06-22 17:01:57', '2018-06-22 17:01:57', NULL),
(1058, 'sawhaj', 'Sawhaj', 64, '0.0000', 0, '2018-06-22 17:01:57', '2018-06-22 17:01:57', NULL),
(1059, 'sina al-janubiyah', 'Sina al-Janubiyah', 64, '0.0000', 0, '2018-06-22 17:01:57', '2018-06-22 17:01:57', NULL),
(1060, 'sina ash-shamaliyah', 'Sina ash-Shamaliyah', 64, '0.0000', 0, '2018-06-22 17:01:57', '2018-06-22 17:01:57', NULL),
(1061, 'ad-daqahliyah', 'ad-Daqahliyah', 64, '0.0000', 0, '2018-06-22 17:01:57', '2018-06-22 17:01:57', NULL),
(1062, 'al-bahr-al-ahmar', 'al-Bahr-al-Ahmar', 64, '0.0000', 0, '2018-06-22 17:01:57', '2018-06-22 17:01:57', NULL),
(1063, 'al-buhayrah', 'al-Buhayrah', 64, '0.0000', 0, '2018-06-22 17:01:57', '2018-06-22 17:01:57', NULL),
(1064, 'al-fayyum', 'al-Fayyum', 64, '0.0000', 0, '2018-06-22 17:01:57', '2018-06-22 17:01:57', NULL),
(1065, 'al-gharbiyah', 'al-Gharbiyah', 64, '0.0000', 0, '2018-06-22 17:01:57', '2018-06-22 17:01:57', NULL),
(1066, 'al-iskandariyah', 'al-Iskandariyah', 64, '0.0000', 0, '2018-06-22 17:01:57', '2018-06-22 17:01:57', NULL),
(1067, 'al-ismailiyah', 'al-Ismailiyah', 64, '0.0000', 0, '2018-06-22 17:01:57', '2018-06-22 17:01:57', NULL),
(1068, 'al-jizah', 'al-Jizah', 64, '0.0000', 0, '2018-06-22 17:01:57', '2018-06-22 17:01:57', NULL),
(1069, 'al-minufiyah', 'al-Minufiyah', 64, '0.0000', 0, '2018-06-22 17:01:57', '2018-06-22 17:01:57', NULL),
(1070, 'al-minya', 'al-Minya', 64, '0.0000', 0, '2018-06-22 17:01:57', '2018-06-22 17:01:57', NULL),
(1071, 'al-qahira', 'al-Qahira', 64, '0.0000', 0, '2018-06-22 17:01:57', '2018-06-22 17:01:57', NULL),
(1072, 'al-qalyubiyah', 'al-Qalyubiyah', 64, '0.0000', 0, '2018-06-22 17:01:57', '2018-06-22 17:01:57', NULL),
(1073, 'al-uqsur', 'al-Uqsur', 64, '0.0000', 0, '2018-06-22 17:01:57', '2018-06-22 17:01:57', NULL),
(1074, 'al-wadi al-jadid', 'al-Wadi al-Jadid', 64, '0.0000', 0, '2018-06-22 17:01:57', '2018-06-22 17:01:57', NULL),
(1075, 'as-suways', 'as-Suways', 64, '0.0000', 0, '2018-06-22 17:01:57', '2018-06-22 17:01:57', NULL),
(1076, 'ash-sharqiyah', 'ash-Sharqiyah', 64, '0.0000', 0, '2018-06-22 17:01:57', '2018-06-22 17:01:57', NULL),
(1077, 'ahuachapan', 'Ahuachapan', 65, '0.0000', 0, '2018-06-22 17:01:57', '2018-06-22 17:01:57', NULL),
(1078, 'cabanas', 'Cabanas', 65, '0.0000', 0, '2018-06-22 17:01:57', '2018-06-22 17:01:57', NULL),
(1079, 'chalatenango', 'Chalatenango', 65, '0.0000', 0, '2018-06-22 17:01:57', '2018-06-22 17:01:57', NULL),
(1080, 'cuscatlan', 'Cuscatlan', 65, '0.0000', 0, '2018-06-22 17:01:57', '2018-06-22 17:01:57', NULL),
(1081, 'la libertad', 'La Libertad', 65, '0.0000', 0, '2018-06-22 17:01:57', '2018-06-22 17:01:57', NULL),
(1082, 'la paz', 'La Paz', 65, '0.0000', 0, '2018-06-22 17:01:57', '2018-06-22 17:01:57', NULL),
(1083, 'la union', 'La Union', 65, '0.0000', 0, '2018-06-22 17:01:57', '2018-06-22 17:01:57', NULL),
(1084, 'morazan', 'Morazan', 65, '0.0000', 0, '2018-06-22 17:01:57', '2018-06-22 17:01:57', NULL),
(1085, 'san miguel', 'San Miguel', 65, '0.0000', 0, '2018-06-22 17:01:57', '2018-06-22 17:01:57', NULL),
(1086, 'san salvador', 'San Salvador', 65, '0.0000', 0, '2018-06-22 17:01:57', '2018-06-22 17:01:57', NULL),
(1087, 'san vicente', 'San Vicente', 65, '0.0000', 0, '2018-06-22 17:01:57', '2018-06-22 17:01:57', NULL),
(1088, 'santa ana', 'Santa Ana', 65, '0.0000', 0, '2018-06-22 17:01:57', '2018-06-22 17:01:57', NULL),
(1089, 'sonsonate', 'Sonsonate', 65, '0.0000', 0, '2018-06-22 17:01:57', '2018-06-22 17:01:57', NULL),
(1090, 'usulutan', 'Usulutan', 65, '0.0000', 0, '2018-06-22 17:01:57', '2018-06-22 17:01:57', NULL),
(1091, 'annobon', 'Annobon', 66, '0.0000', 0, '2018-06-22 17:01:57', '2018-06-22 17:01:57', NULL),
(1092, 'bioko norte', 'Bioko Norte', 66, '0.0000', 0, '2018-06-22 17:01:57', '2018-06-22 17:01:57', NULL),
(1093, 'bioko sur', 'Bioko Sur', 66, '0.0000', 0, '2018-06-22 17:01:57', '2018-06-22 17:01:57', NULL),
(1094, 'centro sur', 'Centro Sur', 66, '0.0000', 0, '2018-06-22 17:01:57', '2018-06-22 17:01:57', NULL),
(1095, 'kie-ntem', 'Kie-Ntem', 66, '0.0000', 0, '2018-06-22 17:01:57', '2018-06-22 17:01:57', NULL),
(1096, 'litoral', 'Litoral', 66, '0.0000', 0, '2018-06-22 17:01:57', '2018-06-22 17:01:57', NULL),
(1097, 'wele-nzas', 'Wele-Nzas', 66, '0.0000', 0, '2018-06-22 17:01:57', '2018-06-22 17:01:57', NULL),
(1098, 'anseba', 'Anseba', 67, '0.0000', 0, '2018-06-22 17:01:57', '2018-06-22 17:01:57', NULL),
(1099, 'debub', 'Debub', 67, '0.0000', 0, '2018-06-22 17:01:57', '2018-06-22 17:01:57', NULL),
(1100, 'debub-keih-bahri', 'Debub-Keih-Bahri', 67, '0.0000', 0, '2018-06-22 17:01:57', '2018-06-22 17:01:57', NULL),
(1101, 'gash-barka', 'Gash-Barka', 67, '0.0000', 0, '2018-06-22 17:01:57', '2018-06-22 17:01:57', NULL),
(1102, 'maekel', 'Maekel', 67, '0.0000', 0, '2018-06-22 17:01:57', '2018-06-22 17:01:57', NULL),
(1103, 'semien-keih-bahri', 'Semien-Keih-Bahri', 67, '0.0000', 0, '2018-06-22 17:01:57', '2018-06-22 17:01:57', NULL),
(1104, 'harju', 'Harju', 68, '0.0000', 0, '2018-06-22 17:01:57', '2018-06-22 17:01:57', NULL),
(1105, 'hiiu', 'Hiiu', 68, '0.0000', 0, '2018-06-22 17:01:57', '2018-06-22 17:01:57', NULL),
(1106, 'ida-viru', 'Ida-Viru', 68, '0.0000', 0, '2018-06-22 17:01:57', '2018-06-22 17:01:57', NULL),
(1107, 'jarva', 'Jarva', 68, '0.0000', 0, '2018-06-22 17:01:57', '2018-06-22 17:01:57', NULL),
(1108, 'jogeva', 'Jogeva', 68, '0.0000', 0, '2018-06-22 17:01:57', '2018-06-22 17:01:57', NULL),
(1109, 'laane', 'Laane', 68, '0.0000', 0, '2018-06-22 17:01:57', '2018-06-22 17:01:57', NULL),
(1110, 'laane-viru', 'Laane-Viru', 68, '0.0000', 0, '2018-06-22 17:01:57', '2018-06-22 17:01:57', NULL),
(1111, 'parnu', 'Parnu', 68, '0.0000', 0, '2018-06-22 17:01:57', '2018-06-22 17:01:57', NULL),
(1112, 'polva', 'Polva', 68, '0.0000', 0, '2018-06-22 17:01:57', '2018-06-22 17:01:57', NULL),
(1113, 'rapla', 'Rapla', 68, '0.0000', 0, '2018-06-22 17:01:57', '2018-06-22 17:01:57', NULL),
(1114, 'saare', 'Saare', 68, '0.0000', 0, '2018-06-22 17:01:57', '2018-06-22 17:01:57', NULL),
(1115, 'tartu', 'Tartu', 68, '0.0000', 0, '2018-06-22 17:01:57', '2018-06-22 17:01:57', NULL),
(1116, 'valga', 'Valga', 68, '0.0000', 0, '2018-06-22 17:01:57', '2018-06-22 17:01:57', NULL),
(1117, 'viljandi', 'Viljandi', 68, '0.0000', 0, '2018-06-22 17:01:57', '2018-06-22 17:01:57', NULL),
(1118, 'voru', 'Voru', 68, '0.0000', 0, '2018-06-22 17:01:57', '2018-06-22 17:01:57', NULL),
(1119, 'addis abeba', 'Addis Abeba', 69, '0.0000', 0, '2018-06-22 17:01:57', '2018-06-22 17:01:57', NULL),
(1120, 'afar', 'Afar', 69, '0.0000', 0, '2018-06-22 17:01:57', '2018-06-22 17:01:57', NULL),
(1121, 'amhara', 'Amhara', 69, '0.0000', 0, '2018-06-22 17:01:57', '2018-06-22 17:01:57', NULL),
(1122, 'benishangul', 'Benishangul', 69, '0.0000', 0, '2018-06-22 17:01:57', '2018-06-22 17:01:57', NULL),
(1123, 'diredawa', 'Diredawa', 69, '0.0000', 0, '2018-06-22 17:01:57', '2018-06-22 17:01:57', NULL),
(1124, 'gambella', 'Gambella', 69, '0.0000', 0, '2018-06-22 17:01:57', '2018-06-22 17:01:57', NULL),
(1125, 'harar', 'Harar', 69, '0.0000', 0, '2018-06-22 17:01:57', '2018-06-22 17:01:57', NULL),
(1126, 'jigjiga', 'Jigjiga', 69, '0.0000', 0, '2018-06-22 17:01:57', '2018-06-22 17:01:57', NULL),
(1127, 'mekele', 'Mekele', 69, '0.0000', 0, '2018-06-22 17:01:57', '2018-06-22 17:01:57', NULL),
(1128, 'oromia', 'Oromia', 69, '0.0000', 0, '2018-06-22 17:01:57', '2018-06-22 17:01:57', NULL),
(1129, 'somali', 'Somali', 69, '0.0000', 0, '2018-06-22 17:01:57', '2018-06-22 17:01:57', NULL),
(1130, 'southern', 'Southern', 69, '0.0000', 0, '2018-06-22 17:01:57', '2018-06-22 17:01:57', NULL),
(1131, 'tigray', 'Tigray', 69, '0.0000', 0, '2018-06-22 17:01:57', '2018-06-22 17:01:57', NULL),
(1132, 'christmas island', 'Christmas Island', 70, '0.0000', 0, '2018-06-22 17:01:57', '2018-06-22 17:01:57', NULL),
(1133, 'cocos islands', 'Cocos Islands', 70, '0.0000', 0, '2018-06-22 17:01:57', '2018-06-22 17:01:57', NULL),
(1134, 'coral sea islands', 'Coral Sea Islands', 70, '0.0000', 0, '2018-06-22 17:01:57', '2018-06-22 17:01:57', NULL),
(1135, 'falkland islands', 'Falkland Islands', 71, '0.0000', 0, '2018-06-22 17:01:57', '2018-06-22 17:01:57', NULL),
(1136, 'south georgia', 'South Georgia', 71, '0.0000', 0, '2018-06-22 17:01:57', '2018-06-22 17:01:57', NULL),
(1137, 'klaksvik', 'Klaksvik', 72, '0.0000', 0, '2018-06-22 17:01:57', '2018-06-22 17:01:57', NULL),
(1138, 'nor ara eysturoy', 'Nor ara Eysturoy', 72, '0.0000', 0, '2018-06-22 17:01:57', '2018-06-22 17:01:57', NULL),
(1139, 'nor oy', 'Nor oy', 72, '0.0000', 0, '2018-06-22 17:01:57', '2018-06-22 17:01:57', NULL),
(1140, 'sandoy', 'Sandoy', 72, '0.0000', 0, '2018-06-22 17:01:57', '2018-06-22 17:01:57', NULL),
(1141, 'streymoy', 'Streymoy', 72, '0.0000', 0, '2018-06-22 17:01:57', '2018-06-22 17:01:57', NULL),
(1142, 'su uroy', 'Su uroy', 72, '0.0000', 0, '2018-06-22 17:01:57', '2018-06-22 17:01:57', NULL),
(1143, 'sy ra eysturoy', 'Sy ra Eysturoy', 72, '0.0000', 0, '2018-06-22 17:01:57', '2018-06-22 17:01:57', NULL),
(1144, 'torshavn', 'Torshavn', 72, '0.0000', 0, '2018-06-22 17:01:57', '2018-06-22 17:01:57', NULL),
(1145, 'vaga', 'Vaga', 72, '0.0000', 0, '2018-06-22 17:01:57', '2018-06-22 17:01:57', NULL),
(1146, 'central', 'Central', 73, '0.0000', 0, '2018-06-22 17:01:57', '2018-06-22 17:01:57', NULL),
(1147, 'eastern', 'Eastern', 73, '0.0000', 0, '2018-06-22 17:01:57', '2018-06-22 17:01:57', NULL),
(1148, 'northern', 'Northern', 73, '0.0000', 0, '2018-06-22 17:01:57', '2018-06-22 17:01:57', NULL),
(1149, 'south pacific', 'South Pacific', 73, '0.0000', 0, '2018-06-22 17:01:57', '2018-06-22 17:01:57', NULL),
(1150, 'western', 'Western', 73, '0.0000', 0, '2018-06-22 17:01:57', '2018-06-22 17:01:57', NULL),
(1151, 'ahvenanmaa', 'Ahvenanmaa', 74, '0.0000', 0, '2018-06-22 17:01:57', '2018-06-22 17:01:57', NULL),
(1152, 'etela-karjala', 'Etela-Karjala', 74, '0.0000', 0, '2018-06-22 17:01:57', '2018-06-22 17:01:57', NULL),
(1153, 'etela-pohjanmaa', 'Etela-Pohjanmaa', 74, '0.0000', 0, '2018-06-22 17:01:57', '2018-06-22 17:01:57', NULL),
(1154, 'etela-savo', 'Etela-Savo', 74, '0.0000', 0, '2018-06-22 17:01:57', '2018-06-22 17:01:57', NULL),
(1155, 'etela-suomen laani', 'Etela-Suomen Laani', 74, '0.0000', 0, '2018-06-22 17:01:57', '2018-06-22 17:01:57', NULL),
(1156, 'ita-suomen laani', 'Ita-Suomen Laani', 74, '0.0000', 0, '2018-06-22 17:01:57', '2018-06-22 17:01:57', NULL),
(1157, 'ita-uusimaa', 'Ita-Uusimaa', 74, '0.0000', 0, '2018-06-22 17:01:57', '2018-06-22 17:01:57', NULL),
(1158, 'kainuu', 'Kainuu', 74, '0.0000', 0, '2018-06-22 17:01:57', '2018-06-22 17:01:57', NULL),
(1159, 'kanta-hame', 'Kanta-Hame', 74, '0.0000', 0, '2018-06-22 17:01:57', '2018-06-22 17:01:57', NULL),
(1160, 'keski-pohjanmaa', 'Keski-Pohjanmaa', 74, '0.0000', 0, '2018-06-22 17:01:57', '2018-06-22 17:01:57', NULL),
(1161, 'keski-suomi', 'Keski-Suomi', 74, '0.0000', 0, '2018-06-22 17:01:57', '2018-06-22 17:01:57', NULL),
(1162, 'kymenlaakso', 'Kymenlaakso', 74, '0.0000', 0, '2018-06-22 17:01:57', '2018-06-22 17:01:57', NULL),
(1163, 'lansi-suomen laani', 'Lansi-Suomen Laani', 74, '0.0000', 0, '2018-06-22 17:01:57', '2018-06-22 17:01:57', NULL),
(1164, 'lappi', 'Lappi', 74, '0.0000', 0, '2018-06-22 17:01:57', '2018-06-22 17:01:57', NULL),
(1165, 'northern savonia', 'Northern Savonia', 74, '0.0000', 0, '2018-06-22 17:01:57', '2018-06-22 17:01:57', NULL),
(1166, 'ostrobothnia', 'Ostrobothnia', 74, '0.0000', 0, '2018-06-22 17:01:57', '2018-06-22 17:01:57', NULL),
(1167, 'oulun laani', 'Oulun Laani', 74, '0.0000', 0, '2018-06-22 17:01:57', '2018-06-22 17:01:57', NULL),
(1168, 'paijat-hame', 'Paijat-Hame', 74, '0.0000', 0, '2018-06-22 17:01:57', '2018-06-22 17:01:57', NULL),
(1169, 'pirkanmaa', 'Pirkanmaa', 74, '0.0000', 0, '2018-06-22 17:01:57', '2018-06-22 17:01:57', NULL),
(1170, 'pohjanmaa', 'Pohjanmaa', 74, '0.0000', 0, '2018-06-22 17:01:57', '2018-06-22 17:01:57', NULL),
(1171, 'pohjois-karjala', 'Pohjois-Karjala', 74, '0.0000', 0, '2018-06-22 17:01:57', '2018-06-22 17:01:57', NULL),
(1172, 'pohjois-pohjanmaa', 'Pohjois-Pohjanmaa', 74, '0.0000', 0, '2018-06-22 17:01:57', '2018-06-22 17:01:57', NULL),
(1173, 'pohjois-savo', 'Pohjois-Savo', 74, '0.0000', 0, '2018-06-22 17:01:57', '2018-06-22 17:01:57', NULL),
(1174, 'saarijarvi', 'Saarijarvi', 74, '0.0000', 0, '2018-06-22 17:01:57', '2018-06-22 17:01:57', NULL),
(1175, 'satakunta', 'Satakunta', 74, '0.0000', 0, '2018-06-22 17:01:57', '2018-06-22 17:01:57', NULL),
(1176, 'southern savonia', 'Southern Savonia', 74, '0.0000', 0, '2018-06-22 17:01:57', '2018-06-22 17:01:57', NULL),
(1177, 'tavastia proper', 'Tavastia Proper', 74, '0.0000', 0, '2018-06-22 17:01:57', '2018-06-22 17:01:57', NULL),
(1178, 'uleaborgs lan', 'Uleaborgs Lan', 74, '0.0000', 0, '2018-06-22 17:01:57', '2018-06-22 17:01:57', NULL),
(1179, 'uusimaa', 'Uusimaa', 74, '0.0000', 0, '2018-06-22 17:01:57', '2018-06-22 17:01:57', NULL),
(1180, 'varsinais-suomi', 'Varsinais-Suomi', 74, '0.0000', 0, '2018-06-22 17:01:57', '2018-06-22 17:01:57', NULL),
(1181, 'ain', 'Ain', 75, '0.0000', 0, '2018-06-22 17:01:57', '2018-06-22 17:01:57', NULL),
(1182, 'aisne', 'Aisne', 75, '0.0000', 0, '2018-06-22 17:01:57', '2018-06-22 17:01:57', NULL),
(1183, 'albi le sequestre', 'Albi Le Sequestre', 75, '0.0000', 0, '2018-06-22 17:01:57', '2018-06-22 17:01:57', NULL),
(1184, 'allier', 'Allier', 75, '0.0000', 0, '2018-06-22 17:01:57', '2018-06-22 17:01:57', NULL),
(1185, 'alpes-cote dazur', 'Alpes-Cote dAzur', 75, '0.0000', 0, '2018-06-22 17:01:57', '2018-06-22 17:01:57', NULL),
(1186, 'alpes-maritimes', 'Alpes-Maritimes', 75, '0.0000', 0, '2018-06-22 17:01:57', '2018-06-22 17:01:57', NULL),
(1187, 'alpes-de-haute-provence', 'Alpes-de-Haute-Provence', 75, '0.0000', 0, '2018-06-22 17:01:57', '2018-06-22 17:01:57', NULL),
(1188, 'alsace', 'Alsace', 75, '0.0000', 0, '2018-06-22 17:01:57', '2018-06-22 17:01:57', NULL),
(1189, 'aquitaine', 'Aquitaine', 75, '0.0000', 0, '2018-06-22 17:01:57', '2018-06-22 17:01:57', NULL),
(1190, 'ardeche', 'Ardeche', 75, '0.0000', 0, '2018-06-22 17:01:57', '2018-06-22 17:01:57', NULL),
(1191, 'ardennes', 'Ardennes', 75, '0.0000', 0, '2018-06-22 17:01:57', '2018-06-22 17:01:57', NULL),
(1192, 'ariege', 'Ariege', 75, '0.0000', 0, '2018-06-22 17:01:57', '2018-06-22 17:01:57', NULL),
(1193, 'aube', 'Aube', 75, '0.0000', 0, '2018-06-22 17:01:57', '2018-06-22 17:01:57', NULL),
(1194, 'aude', 'Aude', 75, '0.0000', 0, '2018-06-22 17:01:57', '2018-06-22 17:01:57', NULL),
(1195, 'auvergne', 'Auvergne', 75, '0.0000', 0, '2018-06-22 17:01:57', '2018-06-22 17:01:57', NULL),
(1196, 'aveyron', 'Aveyron', 75, '0.0000', 0, '2018-06-22 17:01:57', '2018-06-22 17:01:57', NULL),
(1197, 'bas-rhin', 'Bas-Rhin', 75, '0.0000', 0, '2018-06-22 17:01:57', '2018-06-22 17:01:57', NULL),
(1198, 'basse-normandie', 'Basse-Normandie', 75, '0.0000', 0, '2018-06-22 17:01:57', '2018-06-22 17:01:57', NULL),
(1199, 'bouches-du-rhone', 'Bouches-du-Rhone', 75, '0.0000', 0, '2018-06-22 17:01:57', '2018-06-22 17:01:57', NULL),
(1200, 'bourgogne', 'Bourgogne', 75, '0.0000', 0, '2018-06-22 17:01:57', '2018-06-22 17:01:57', NULL),
(1201, 'bretagne', 'Bretagne', 75, '0.0000', 0, '2018-06-22 17:01:57', '2018-06-22 17:01:57', NULL),
(1202, 'brittany', 'Brittany', 75, '0.0000', 0, '2018-06-22 17:01:57', '2018-06-22 17:01:57', NULL),
(1203, 'burgundy', 'Burgundy', 75, '0.0000', 0, '2018-06-22 17:01:57', '2018-06-22 17:01:57', NULL),
(1204, 'calvados', 'Calvados', 75, '0.0000', 0, '2018-06-22 17:01:57', '2018-06-22 17:01:57', NULL),
(1205, 'cantal', 'Cantal', 75, '0.0000', 0, '2018-06-22 17:01:57', '2018-06-22 17:01:57', NULL),
(1206, 'cedex', 'Cedex', 75, '0.0000', 0, '2018-06-22 17:01:57', '2018-06-22 17:01:57', NULL),
(1207, 'centre', 'Centre', 75, '0.0000', 0, '2018-06-22 17:01:57', '2018-06-22 17:01:57', NULL),
(1208, 'charente', 'Charente', 75, '0.0000', 0, '2018-06-22 17:01:57', '2018-06-22 17:01:57', NULL),
(1209, 'charente-maritime', 'Charente-Maritime', 75, '0.0000', 0, '2018-06-22 17:01:57', '2018-06-22 17:01:57', NULL),
(1210, 'cher', 'Cher', 75, '0.0000', 0, '2018-06-22 17:01:57', '2018-06-22 17:01:57', NULL),
(1211, 'correze', 'Correze', 75, '0.0000', 0, '2018-06-22 17:01:57', '2018-06-22 17:01:57', NULL),
(1212, 'corse-du-sud', 'Corse-du-Sud', 75, '0.0000', 0, '2018-06-22 17:01:57', '2018-06-22 17:01:57', NULL),
(1213, 'cote-d''''or', 'Cote-d''''Or', 75, '0.0000', 0, '2018-06-22 17:01:57', '2018-06-22 17:01:57', NULL),
(1214, 'cotes-d''''armor', 'Cotes-d''''Armor', 75, '0.0000', 0, '2018-06-22 17:01:57', '2018-06-22 17:01:57', NULL),
(1215, 'creuse', 'Creuse', 75, '0.0000', 0, '2018-06-22 17:01:57', '2018-06-22 17:01:57', NULL),
(1216, 'crolles', 'Crolles', 75, '0.0000', 0, '2018-06-22 17:01:57', '2018-06-22 17:01:57', NULL),
(1217, 'deux-sevres', 'Deux-Sevres', 75, '0.0000', 0, '2018-06-22 17:01:57', '2018-06-22 17:01:57', NULL),
(1218, 'dordogne', 'Dordogne', 75, '0.0000', 0, '2018-06-22 17:01:57', '2018-06-22 17:01:57', NULL),
(1219, 'doubs', 'Doubs', 75, '0.0000', 0, '2018-06-22 17:01:57', '2018-06-22 17:01:57', NULL),
(1220, 'drome', 'Drome', 75, '0.0000', 0, '2018-06-22 17:01:57', '2018-06-22 17:01:57', NULL),
(1221, 'essonne', 'Essonne', 75, '0.0000', 0, '2018-06-22 17:01:57', '2018-06-22 17:01:57', NULL),
(1222, 'eure', 'Eure', 75, '0.0000', 0, '2018-06-22 17:01:57', '2018-06-22 17:01:57', NULL),
(1223, 'eure-et-loir', 'Eure-et-Loir', 75, '0.0000', 0, '2018-06-22 17:01:57', '2018-06-22 17:01:57', NULL),
(1224, 'feucherolles', 'Feucherolles', 75, '0.0000', 0, '2018-06-22 17:01:57', '2018-06-22 17:01:57', NULL),
(1225, 'finistere', 'Finistere', 75, '0.0000', 0, '2018-06-22 17:01:57', '2018-06-22 17:01:57', NULL),
(1226, 'franche-comte', 'Franche-Comte', 75, '0.0000', 0, '2018-06-22 17:01:57', '2018-06-22 17:01:57', NULL),
(1227, 'gard', 'Gard', 75, '0.0000', 0, '2018-06-22 17:01:57', '2018-06-22 17:01:57', NULL),
(1228, 'gers', 'Gers', 75, '0.0000', 0, '2018-06-22 17:01:57', '2018-06-22 17:01:57', NULL),
(1229, 'gironde', 'Gironde', 75, '0.0000', 0, '2018-06-22 17:01:57', '2018-06-22 17:01:57', NULL),
(1230, 'haut-rhin', 'Haut-Rhin', 75, '0.0000', 0, '2018-06-22 17:01:57', '2018-06-22 17:01:57', NULL),
(1231, 'haute-corse', 'Haute-Corse', 75, '0.0000', 0, '2018-06-22 17:01:57', '2018-06-22 17:01:57', NULL),
(1232, 'haute-garonne', 'Haute-Garonne', 75, '0.0000', 0, '2018-06-22 17:01:57', '2018-06-22 17:01:57', NULL),
(1233, 'haute-loire', 'Haute-Loire', 75, '0.0000', 0, '2018-06-22 17:01:57', '2018-06-22 17:01:57', NULL),
(1234, 'haute-marne', 'Haute-Marne', 75, '0.0000', 0, '2018-06-22 17:01:57', '2018-06-22 17:01:57', NULL),
(1235, 'haute-saone', 'Haute-Saone', 75, '0.0000', 0, '2018-06-22 17:01:57', '2018-06-22 17:01:57', NULL),
(1236, 'haute-savoie', 'Haute-Savoie', 75, '0.0000', 0, '2018-06-22 17:01:57', '2018-06-22 17:01:57', NULL),
(1237, 'haute-vienne', 'Haute-Vienne', 75, '0.0000', 0, '2018-06-22 17:01:57', '2018-06-22 17:01:57', NULL),
(1238, 'hautes-alpes', 'Hautes-Alpes', 75, '0.0000', 0, '2018-06-22 17:01:57', '2018-06-22 17:01:57', NULL),
(1239, 'hautes-pyrenees', 'Hautes-Pyrenees', 75, '0.0000', 0, '2018-06-22 17:01:57', '2018-06-22 17:01:57', NULL),
(1240, 'hauts-de-seine', 'Hauts-de-Seine', 75, '0.0000', 0, '2018-06-22 17:01:57', '2018-06-22 17:01:57', NULL),
(1241, 'herault', 'Herault', 75, '0.0000', 0, '2018-06-22 17:01:57', '2018-06-22 17:01:57', NULL),
(1242, 'ile-de-france', 'Ile-de-France', 75, '0.0000', 0, '2018-06-22 17:01:57', '2018-06-22 17:01:57', NULL),
(1243, 'ille-et-vilaine', 'Ille-et-Vilaine', 75, '0.0000', 0, '2018-06-22 17:01:57', '2018-06-22 17:01:57', NULL),
(1244, 'indre', 'Indre', 75, '0.0000', 0, '2018-06-22 17:01:57', '2018-06-22 17:01:57', NULL),
(1245, 'indre-et-loire', 'Indre-et-Loire', 75, '0.0000', 0, '2018-06-22 17:01:57', '2018-06-22 17:01:57', NULL),
(1246, 'isere', 'Isere', 75, '0.0000', 0, '2018-06-22 17:01:57', '2018-06-22 17:01:57', NULL),
(1247, 'jura', 'Jura', 75, '0.0000', 0, '2018-06-22 17:01:57', '2018-06-22 17:01:57', NULL),
(1248, 'klagenfurt', 'Klagenfurt', 75, '0.0000', 0, '2018-06-22 17:01:57', '2018-06-22 17:01:57', NULL),
(1249, 'landes', 'Landes', 75, '0.0000', 0, '2018-06-22 17:01:57', '2018-06-22 17:01:57', NULL),
(1250, 'languedoc-roussillon', 'Languedoc-Roussillon', 75, '0.0000', 0, '2018-06-22 17:01:57', '2018-06-22 17:01:57', NULL),
(1251, 'larcay', 'Larcay', 75, '0.0000', 0, '2018-06-22 17:01:57', '2018-06-22 17:01:57', NULL),
(1252, 'le castellet', 'Le Castellet', 75, '0.0000', 0, '2018-06-22 17:01:57', '2018-06-22 17:01:57', NULL),
(1253, 'le creusot', 'Le Creusot', 75, '0.0000', 0, '2018-06-22 17:01:57', '2018-06-22 17:01:57', NULL),
(1254, 'limousin', 'Limousin', 75, '0.0000', 0, '2018-06-22 17:01:57', '2018-06-22 17:01:57', NULL),
(1255, 'loir-et-cher', 'Loir-et-Cher', 75, '0.0000', 0, '2018-06-22 17:01:57', '2018-06-22 17:01:57', NULL),
(1256, 'loire', 'Loire', 75, '0.0000', 0, '2018-06-22 17:01:57', '2018-06-22 17:01:57', NULL),
(1257, 'loire-atlantique', 'Loire-Atlantique', 75, '0.0000', 0, '2018-06-22 17:01:57', '2018-06-22 17:01:57', NULL),
(1258, 'loiret', 'Loiret', 75, '0.0000', 0, '2018-06-22 17:01:57', '2018-06-22 17:01:57', NULL),
(1259, 'lorraine', 'Lorraine', 75, '0.0000', 0, '2018-06-22 17:01:57', '2018-06-22 17:01:57', NULL),
(1260, 'lot', 'Lot', 75, '0.0000', 0, '2018-06-22 17:01:57', '2018-06-22 17:01:57', NULL),
(1261, 'lot-et-garonne', 'Lot-et-Garonne', 75, '0.0000', 0, '2018-06-22 17:01:57', '2018-06-22 17:01:57', NULL),
(1262, 'lower normandy', 'Lower Normandy', 75, '0.0000', 0, '2018-06-22 17:01:57', '2018-06-22 17:01:57', NULL),
(1263, 'lozere', 'Lozere', 75, '0.0000', 0, '2018-06-22 17:01:57', '2018-06-22 17:01:57', NULL),
(1264, 'maine-et-loire', 'Maine-et-Loire', 75, '0.0000', 0, '2018-06-22 17:01:57', '2018-06-22 17:01:57', NULL),
(1265, 'manche', 'Manche', 75, '0.0000', 0, '2018-06-22 17:01:57', '2018-06-22 17:01:57', NULL),
(1266, 'marne', 'Marne', 75, '0.0000', 0, '2018-06-22 17:01:57', '2018-06-22 17:01:57', NULL),
(1267, 'mayenne', 'Mayenne', 75, '0.0000', 0, '2018-06-22 17:01:57', '2018-06-22 17:01:57', NULL),
(1268, 'meurthe-et-moselle', 'Meurthe-et-Moselle', 75, '0.0000', 0, '2018-06-22 17:01:57', '2018-06-22 17:01:57', NULL),
(1269, 'meuse', 'Meuse', 75, '0.0000', 0, '2018-06-22 17:01:57', '2018-06-22 17:01:57', NULL),
(1270, 'midi-pyrenees', 'Midi-Pyrenees', 75, '0.0000', 0, '2018-06-22 17:01:57', '2018-06-22 17:01:57', NULL),
(1271, 'morbihan', 'Morbihan', 75, '0.0000', 0, '2018-06-22 17:01:57', '2018-06-22 17:01:57', NULL),
(1272, 'moselle', 'Moselle', 75, '0.0000', 0, '2018-06-22 17:01:57', '2018-06-22 17:01:57', NULL),
(1273, 'nievre', 'Nievre', 75, '0.0000', 0, '2018-06-22 17:01:57', '2018-06-22 17:01:57', NULL),
(1274, 'nord', 'Nord', 75, '0.0000', 0, '2018-06-22 17:01:57', '2018-06-22 17:01:57', NULL),
(1275, 'nord-pas-de-calais', 'Nord-Pas-de-Calais', 75, '0.0000', 0, '2018-06-22 17:01:57', '2018-06-22 17:01:57', NULL),
(1276, 'oise', 'Oise', 75, '0.0000', 0, '2018-06-22 17:01:57', '2018-06-22 17:01:57', NULL),
(1277, 'orne', 'Orne', 75, '0.0000', 0, '2018-06-22 17:01:57', '2018-06-22 17:01:57', NULL),
(1278, 'paris', 'Paris', 75, '0.0000', 0, '2018-06-22 17:01:57', '2018-06-22 17:01:57', NULL),
(1279, 'pas-de-calais', 'Pas-de-Calais', 75, '0.0000', 0, '2018-06-22 17:01:57', '2018-06-22 17:01:57', NULL),
(1280, 'pays de la loire', 'Pays de la Loire', 75, '0.0000', 0, '2018-06-22 17:01:57', '2018-06-22 17:01:57', NULL),
(1281, 'pays-de-la-loire', 'Pays-de-la-Loire', 75, '0.0000', 0, '2018-06-22 17:01:57', '2018-06-22 17:01:57', NULL),
(1282, 'picardy', 'Picardy', 75, '0.0000', 0, '2018-06-22 17:01:57', '2018-06-22 17:01:57', NULL),
(1283, 'puy-de-dome', 'Puy-de-Dome', 75, '0.0000', 0, '2018-06-22 17:01:57', '2018-06-22 17:01:57', NULL),
(1284, 'pyrenees-atlantiques', 'Pyrenees-Atlantiques', 75, '0.0000', 0, '2018-06-22 17:01:57', '2018-06-22 17:01:57', NULL),
(1285, 'pyrenees-orientales', 'Pyrenees-Orientales', 75, '0.0000', 0, '2018-06-22 17:01:57', '2018-06-22 17:01:57', NULL),
(1286, 'quelmes', 'Quelmes', 75, '0.0000', 0, '2018-06-22 17:01:57', '2018-06-22 17:01:57', NULL),
(1287, 'rhone', 'Rhone', 75, '0.0000', 0, '2018-06-22 17:01:57', '2018-06-22 17:01:57', NULL),
(1288, 'rhone-alpes', 'Rhone-Alpes', 75, '0.0000', 0, '2018-06-22 17:01:57', '2018-06-22 17:01:57', NULL),
(1289, 'saint ouen', 'Saint Ouen', 75, '0.0000', 0, '2018-06-22 17:01:57', '2018-06-22 17:01:57', NULL),
(1290, 'saint viatre', 'Saint Viatre', 75, '0.0000', 0, '2018-06-22 17:01:57', '2018-06-22 17:01:57', NULL),
(1291, 'saone-et-loire', 'Saone-et-Loire', 75, '0.0000', 0, '2018-06-22 17:01:57', '2018-06-22 17:01:57', NULL),
(1292, 'sarthe', 'Sarthe', 75, '0.0000', 0, '2018-06-22 17:01:57', '2018-06-22 17:01:57', NULL),
(1293, 'savoie', 'Savoie', 75, '0.0000', 0, '2018-06-22 17:01:57', '2018-06-22 17:01:57', NULL),
(1294, 'seine-maritime', 'Seine-Maritime', 75, '0.0000', 0, '2018-06-22 17:01:57', '2018-06-22 17:01:57', NULL),
(1295, 'seine-saint-denis', 'Seine-Saint-Denis', 75, '0.0000', 0, '2018-06-22 17:01:57', '2018-06-22 17:01:57', NULL),
(1296, 'seine-et-marne', 'Seine-et-Marne', 75, '0.0000', 0, '2018-06-22 17:01:57', '2018-06-22 17:01:57', NULL),
(1297, 'somme', 'Somme', 75, '0.0000', 0, '2018-06-22 17:01:57', '2018-06-22 17:01:57', NULL),
(1298, 'sophia antipolis', 'Sophia Antipolis', 75, '0.0000', 0, '2018-06-22 17:01:57', '2018-06-22 17:01:57', NULL),
(1299, 'souvans', 'Souvans', 75, '0.0000', 0, '2018-06-22 17:01:57', '2018-06-22 17:01:57', NULL),
(1300, 'tarn', 'Tarn', 75, '0.0000', 0, '2018-06-22 17:01:57', '2018-06-22 17:01:57', NULL),
(1301, 'tarn-et-garonne', 'Tarn-et-Garonne', 75, '0.0000', 0, '2018-06-22 17:01:57', '2018-06-22 17:01:57', NULL),
(1302, 'territoire de belfort', 'Territoire de Belfort', 75, '0.0000', 0, '2018-06-22 17:01:57', '2018-06-22 17:01:57', NULL),
(1303, 'treignac', 'Treignac', 75, '0.0000', 0, '2018-06-22 17:01:57', '2018-06-22 17:01:57', NULL),
(1304, 'upper normandy', 'Upper Normandy', 75, '0.0000', 0, '2018-06-22 17:01:57', '2018-06-22 17:01:57', NULL),
(1305, 'val-d''''oise', 'Val-d''''Oise', 75, '0.0000', 0, '2018-06-22 17:01:57', '2018-06-22 17:01:57', NULL),
(1306, 'val-de-marne', 'Val-de-Marne', 75, '0.0000', 0, '2018-06-22 17:01:57', '2018-06-22 17:01:57', NULL),
(1307, 'var', 'Var', 75, '0.0000', 0, '2018-06-22 17:01:57', '2018-06-22 17:01:57', NULL),
(1308, 'vaucluse', 'Vaucluse', 75, '0.0000', 0, '2018-06-22 17:01:57', '2018-06-22 17:01:57', NULL),
(1309, 'vellise', 'Vellise', 75, '0.0000', 0, '2018-06-22 17:01:57', '2018-06-22 17:01:57', NULL),
(1310, 'vendee', 'Vendee', 75, '0.0000', 0, '2018-06-22 17:01:57', '2018-06-22 17:01:57', NULL),
(1311, 'vienne', 'Vienne', 75, '0.0000', 0, '2018-06-22 17:01:57', '2018-06-22 17:01:57', NULL),
(1312, 'vosges', 'Vosges', 75, '0.0000', 0, '2018-06-22 17:01:57', '2018-06-22 17:01:57', NULL),
(1313, 'yonne', 'Yonne', 75, '0.0000', 0, '2018-06-22 17:01:57', '2018-06-22 17:01:57', NULL),
(1314, 'yvelines', 'Yvelines', 75, '0.0000', 0, '2018-06-22 17:01:57', '2018-06-22 17:01:57', NULL),
(1315, 'cayenne', 'Cayenne', 76, '0.0000', 0, '2018-06-22 17:01:57', '2018-06-22 17:01:57', NULL),
(1316, 'saint-laurent-du-maroni', 'Saint-Laurent-du-Maroni', 76, '0.0000', 0, '2018-06-22 17:01:57', '2018-06-22 17:01:57', NULL),
(1317, 'iles du vent', 'Iles du Vent', 77, '0.0000', 0, '2018-06-22 17:01:57', '2018-06-22 17:01:57', NULL),
(1318, 'iles sous le vent', 'Iles sous le Vent', 77, '0.0000', 0, '2018-06-22 17:01:57', '2018-06-22 17:01:57', NULL),
(1319, 'marquesas', 'Marquesas', 77, '0.0000', 0, '2018-06-22 17:01:57', '2018-06-22 17:01:57', NULL),
(1320, 'tuamotu', 'Tuamotu', 77, '0.0000', 0, '2018-06-22 17:01:57', '2018-06-22 17:01:57', NULL),
(1321, 'tubuai', 'Tubuai', 77, '0.0000', 0, '2018-06-22 17:01:57', '2018-06-22 17:01:57', NULL),
(1322, 'amsterdam', 'Amsterdam', 78, '0.0000', 0, '2018-06-22 17:01:57', '2018-06-22 17:01:57', NULL),
(1323, 'crozet islands', 'Crozet Islands', 78, '0.0000', 0, '2018-06-22 17:01:57', '2018-06-22 17:01:57', NULL),
(1324, 'kerguelen', 'Kerguelen', 78, '0.0000', 0, '2018-06-22 17:01:57', '2018-06-22 17:01:57', NULL),
(1325, 'estuaire', 'Estuaire', 79, '0.0000', 0, '2018-06-22 17:01:57', '2018-06-22 17:01:57', NULL),
(1326, 'haut-ogooue', 'Haut-Ogooue', 79, '0.0000', 0, '2018-06-22 17:01:57', '2018-06-22 17:01:57', NULL),
(1327, 'moyen-ogooue', 'Moyen-Ogooue', 79, '0.0000', 0, '2018-06-22 17:01:57', '2018-06-22 17:01:57', NULL),
(1328, 'ngounie', 'Ngounie', 79, '0.0000', 0, '2018-06-22 17:01:57', '2018-06-22 17:01:57', NULL),
(1329, 'nyanga', 'Nyanga', 79, '0.0000', 0, '2018-06-22 17:01:57', '2018-06-22 17:01:57', NULL),
(1330, 'ogooue-ivindo', 'Ogooue-Ivindo', 79, '0.0000', 0, '2018-06-22 17:01:57', '2018-06-22 17:01:57', NULL),
(1331, 'ogooue-lolo', 'Ogooue-Lolo', 79, '0.0000', 0, '2018-06-22 17:01:57', '2018-06-22 17:01:57', NULL),
(1332, 'ogooue-maritime', 'Ogooue-Maritime', 79, '0.0000', 0, '2018-06-22 17:01:57', '2018-06-22 17:01:57', NULL),
(1333, 'woleu-ntem', 'Woleu-Ntem', 79, '0.0000', 0, '2018-06-22 17:01:57', '2018-06-22 17:01:57', NULL),
(1334, 'banjul', 'Banjul', 80, '0.0000', 0, '2018-06-22 17:01:57', '2018-06-22 17:01:57', NULL),
(1335, 'basse', 'Basse', 80, '0.0000', 0, '2018-06-22 17:01:57', '2018-06-22 17:01:57', NULL),
(1336, 'brikama', 'Brikama', 80, '0.0000', 0, '2018-06-22 17:01:57', '2018-06-22 17:01:57', NULL),
(1337, 'janjanbureh', 'Janjanbureh', 80, '0.0000', 0, '2018-06-22 17:01:57', '2018-06-22 17:01:57', NULL),
(1338, 'kanifing', 'Kanifing', 80, '0.0000', 0, '2018-06-22 17:01:57', '2018-06-22 17:01:57', NULL),
(1339, 'kerewan', 'Kerewan', 80, '0.0000', 0, '2018-06-22 17:01:57', '2018-06-22 17:01:57', NULL),
(1340, 'kuntaur', 'Kuntaur', 80, '0.0000', 0, '2018-06-22 17:01:57', '2018-06-22 17:01:57', NULL),
(1341, 'mansakonko', 'Mansakonko', 80, '0.0000', 0, '2018-06-22 17:01:57', '2018-06-22 17:01:57', NULL),
(1342, 'abhasia', 'Abhasia', 81, '0.0000', 0, '2018-06-22 17:01:57', '2018-06-22 17:01:57', NULL),
(1343, 'ajaria', 'Ajaria', 81, '0.0000', 0, '2018-06-22 17:01:57', '2018-06-22 17:01:57', NULL),
(1344, 'guria', 'Guria', 81, '0.0000', 0, '2018-06-22 17:01:57', '2018-06-22 17:01:57', NULL),
(1345, 'imereti', 'Imereti', 81, '0.0000', 0, '2018-06-22 17:01:57', '2018-06-22 17:01:57', NULL),
(1346, 'kaheti', 'Kaheti', 81, '0.0000', 0, '2018-06-22 17:01:57', '2018-06-22 17:01:57', NULL),
(1347, 'kvemo kartli', 'Kvemo Kartli', 81, '0.0000', 0, '2018-06-22 17:01:57', '2018-06-22 17:01:57', NULL),
(1348, 'mcheta-mtianeti', 'Mcheta-Mtianeti', 81, '0.0000', 0, '2018-06-22 17:01:57', '2018-06-22 17:01:57', NULL),
(1349, 'racha', 'Racha', 81, '0.0000', 0, '2018-06-22 17:01:57', '2018-06-22 17:01:57', NULL),
(1350, 'samagrelo-zemo svaneti', 'Samagrelo-Zemo Svaneti', 81, '0.0000', 0, '2018-06-22 17:01:57', '2018-06-22 17:01:57', NULL),
(1351, 'samche-zhavaheti', 'Samche-Zhavaheti', 81, '0.0000', 0, '2018-06-22 17:01:57', '2018-06-22 17:01:57', NULL),
(1352, 'shida kartli', 'Shida Kartli', 81, '0.0000', 0, '2018-06-22 17:01:57', '2018-06-22 17:01:57', NULL),
(1353, 'tbilisi', 'Tbilisi', 81, '0.0000', 0, '2018-06-22 17:01:57', '2018-06-22 17:01:57', NULL),
(1354, 'auvergne', 'Auvergne', 82, '0.0000', 0, '2018-06-22 17:01:57', '2018-06-22 17:01:57', NULL),
(1355, 'baden-wurttemberg', 'Baden-Wurttemberg', 82, '0.0000', 0, '2018-06-22 17:01:57', '2018-06-22 17:01:57', NULL),
(1356, 'bavaria', 'Bavaria', 82, '0.0000', 0, '2018-06-22 17:01:57', '2018-06-22 17:01:57', NULL),
(1357, 'bayern', 'Bayern', 82, '0.0000', 0, '2018-06-22 17:01:57', '2018-06-22 17:01:57', NULL),
(1358, 'beilstein wurtt', 'Beilstein Wurtt', 82, '0.0000', 0, '2018-06-22 17:01:57', '2018-06-22 17:01:57', NULL),
(1359, 'berlin', 'Berlin', 82, '0.0000', 0, '2018-06-22 17:01:57', '2018-06-22 17:01:57', NULL),
(1360, 'brandenburg', 'Brandenburg', 82, '0.0000', 0, '2018-06-22 17:01:57', '2018-06-22 17:01:57', NULL),
(1361, 'bremen', 'Bremen', 82, '0.0000', 0, '2018-06-22 17:01:57', '2018-06-22 17:01:57', NULL),
(1362, 'dreisbach', 'Dreisbach', 82, '0.0000', 0, '2018-06-22 17:01:57', '2018-06-22 17:01:57', NULL),
(1363, 'freistaat bayern', 'Freistaat Bayern', 82, '0.0000', 0, '2018-06-22 17:01:57', '2018-06-22 17:01:57', NULL),
(1364, 'hamburg', 'Hamburg', 82, '0.0000', 0, '2018-06-22 17:01:57', '2018-06-22 17:01:57', NULL),
(1365, 'hannover', 'Hannover', 82, '0.0000', 0, '2018-06-22 17:01:57', '2018-06-22 17:01:57', NULL),
(1366, 'heroldstatt', 'Heroldstatt', 82, '0.0000', 0, '2018-06-22 17:01:57', '2018-06-22 17:01:57', NULL),
(1367, 'hessen', 'Hessen', 82, '0.0000', 0, '2018-06-22 17:01:57', '2018-06-22 17:01:57', NULL),
(1368, 'kortenberg', 'Kortenberg', 82, '0.0000', 0, '2018-06-22 17:01:57', '2018-06-22 17:01:57', NULL),
(1369, 'laasdorf', 'Laasdorf', 82, '0.0000', 0, '2018-06-22 17:01:57', '2018-06-22 17:01:57', NULL),
(1370, 'land baden-wurttemberg', 'Land Baden-Wurttemberg', 82, '0.0000', 0, '2018-06-22 17:01:57', '2018-06-22 17:01:57', NULL),
(1371, 'land bayern', 'Land Bayern', 82, '0.0000', 0, '2018-06-22 17:01:57', '2018-06-22 17:01:57', NULL),
(1372, 'land brandenburg', 'Land Brandenburg', 82, '0.0000', 0, '2018-06-22 17:01:57', '2018-06-22 17:01:57', NULL),
(1373, 'land hessen', 'Land Hessen', 82, '0.0000', 0, '2018-06-22 17:01:57', '2018-06-22 17:01:57', NULL),
(1374, 'land mecklenburg-vorpomme', 'Land Mecklenburg-Vorpommern', 82, '0.0000', 0, '2018-06-22 17:01:57', '2018-06-22 17:01:57', NULL),
(1375, 'land nordrhein-westfalen', 'Land Nordrhein-Westfalen', 82, '0.0000', 0, '2018-06-22 17:01:57', '2018-06-22 17:01:57', NULL),
(1376, 'land rheinland-pfalz', 'Land Rheinland-Pfalz', 82, '0.0000', 0, '2018-06-22 17:01:57', '2018-06-22 17:01:57', NULL),
(1377, 'land sachsen', 'Land Sachsen', 82, '0.0000', 0, '2018-06-22 17:01:57', '2018-06-22 17:01:57', NULL),
(1378, 'land sachsen-anhalt', 'Land Sachsen-Anhalt', 82, '0.0000', 0, '2018-06-22 17:01:57', '2018-06-22 17:01:57', NULL),
(1379, 'land thuringen', 'Land Thuringen', 82, '0.0000', 0, '2018-06-22 17:01:57', '2018-06-22 17:01:57', NULL),
(1380, 'lower saxony', 'Lower Saxony', 82, '0.0000', 0, '2018-06-22 17:01:57', '2018-06-22 17:01:57', NULL),
(1381, 'mecklenburg-vorpommern', 'Mecklenburg-Vorpommern', 82, '0.0000', 0, '2018-06-22 17:01:57', '2018-06-22 17:01:57', NULL),
(1382, 'mulfingen', 'Mulfingen', 82, '0.0000', 0, '2018-06-22 17:01:57', '2018-06-22 17:01:57', NULL),
(1383, 'munich', 'Munich', 82, '0.0000', 0, '2018-06-22 17:01:57', '2018-06-22 17:01:57', NULL),
(1384, 'neubeuern', 'Neubeuern', 82, '0.0000', 0, '2018-06-22 17:01:57', '2018-06-22 17:01:57', NULL),
(1385, 'niedersachsen', 'Niedersachsen', 82, '0.0000', 0, '2018-06-22 17:01:57', '2018-06-22 17:01:57', NULL),
(1386, 'noord-holland', 'Noord-Holland', 82, '0.0000', 0, '2018-06-22 17:01:57', '2018-06-22 17:01:57', NULL),
(1387, 'nordrhein-westfalen', 'Nordrhein-Westfalen', 82, '0.0000', 0, '2018-06-22 17:01:57', '2018-06-22 17:01:57', NULL),
(1388, 'north rhine-westphalia', 'North Rhine-Westphalia', 82, '0.0000', 0, '2018-06-22 17:01:57', '2018-06-22 17:01:57', NULL),
(1389, 'osterode', 'Osterode', 82, '0.0000', 0, '2018-06-22 17:01:57', '2018-06-22 17:01:57', NULL),
(1390, 'rheinland-pfalz', 'Rheinland-Pfalz', 82, '0.0000', 0, '2018-06-22 17:01:57', '2018-06-22 17:01:57', NULL),
(1391, 'rhineland-palatinate', 'Rhineland-Palatinate', 82, '0.0000', 0, '2018-06-22 17:01:57', '2018-06-22 17:01:57', NULL),
(1392, 'saarland', 'Saarland', 82, '0.0000', 0, '2018-06-22 17:01:57', '2018-06-22 17:01:57', NULL),
(1393, 'sachsen', 'Sachsen', 82, '0.0000', 0, '2018-06-22 17:01:57', '2018-06-22 17:01:57', NULL),
(1394, 'sachsen-anhalt', 'Sachsen-Anhalt', 82, '0.0000', 0, '2018-06-22 17:01:57', '2018-06-22 17:01:57', NULL),
(1395, 'saxony', 'Saxony', 82, '0.0000', 0, '2018-06-22 17:01:57', '2018-06-22 17:01:57', NULL),
(1396, 'schleswig-holstein', 'Schleswig-Holstein', 82, '0.0000', 0, '2018-06-22 17:01:57', '2018-06-22 17:01:57', NULL),
(1397, 'thuringia', 'Thuringia', 82, '0.0000', 0, '2018-06-22 17:01:57', '2018-06-22 17:01:57', NULL),
(1398, 'webling', 'Webling', 82, '0.0000', 0, '2018-06-22 17:01:57', '2018-06-22 17:01:57', NULL),
(1399, 'weinstrabe', 'Weinstrabe', 82, '0.0000', 0, '2018-06-22 17:01:57', '2018-06-22 17:01:57', NULL),
(1400, 'schlobborn', 'schlobborn', 82, '0.0000', 0, '2018-06-22 17:01:57', '2018-06-22 17:01:57', NULL),
(1401, 'ashanti', 'Ashanti', 83, '0.0000', 0, '2018-06-22 17:01:57', '2018-06-22 17:01:57', NULL),
(1402, 'brong-ahafo', 'Brong-Ahafo', 83, '0.0000', 0, '2018-06-22 17:01:57', '2018-06-22 17:01:57', NULL),
(1403, 'central', 'Central', 83, '0.0000', 0, '2018-06-22 17:01:57', '2018-06-22 17:01:57', NULL),
(1404, 'eastern', 'Eastern', 83, '0.0000', 0, '2018-06-22 17:01:57', '2018-06-22 17:01:57', NULL),
(1405, 'greater accra', 'Greater Accra', 83, '0.0000', 0, '2018-06-22 17:01:57', '2018-06-22 17:01:57', NULL),
(1406, 'northern', 'Northern', 83, '0.0000', 0, '2018-06-22 17:01:57', '2018-06-22 17:01:57', NULL),
(1407, 'upper east', 'Upper East', 83, '0.0000', 0, '2018-06-22 17:01:57', '2018-06-22 17:01:57', NULL),
(1408, 'upper west', 'Upper West', 83, '0.0000', 0, '2018-06-22 17:01:57', '2018-06-22 17:01:57', NULL),
(1409, 'volta', 'Volta', 83, '0.0000', 0, '2018-06-22 17:01:57', '2018-06-22 17:01:57', NULL),
(1410, 'western', 'Western', 83, '0.0000', 0, '2018-06-22 17:01:57', '2018-06-22 17:01:57', NULL),
(1411, 'gibraltar', 'Gibraltar', 84, '0.0000', 0, '2018-06-22 17:01:57', '2018-06-22 17:01:57', NULL),
(1412, 'acharnes', 'Acharnes', 85, '0.0000', 0, '2018-06-22 17:01:57', '2018-06-22 17:01:57', NULL),
(1413, 'ahaia', 'Ahaia', 85, '0.0000', 0, '2018-06-22 17:01:57', '2018-06-22 17:01:57', NULL),
(1414, 'aitolia kai akarnania', 'Aitolia kai Akarnania', 85, '0.0000', 0, '2018-06-22 17:01:57', '2018-06-22 17:01:57', NULL),
(1415, 'argolis', 'Argolis', 85, '0.0000', 0, '2018-06-22 17:01:57', '2018-06-22 17:01:57', NULL),
(1416, 'arkadia', 'Arkadia', 85, '0.0000', 0, '2018-06-22 17:01:57', '2018-06-22 17:01:57', NULL),
(1417, 'arta', 'Arta', 85, '0.0000', 0, '2018-06-22 17:01:57', '2018-06-22 17:01:57', NULL),
(1418, 'attica', 'Attica', 85, '0.0000', 0, '2018-06-22 17:01:57', '2018-06-22 17:01:57', NULL),
(1419, 'attiki', 'Attiki', 85, '0.0000', 0, '2018-06-22 17:01:57', '2018-06-22 17:01:57', NULL),
(1420, 'ayion oros', 'Ayion Oros', 85, '0.0000', 0, '2018-06-22 17:01:57', '2018-06-22 17:01:57', NULL),
(1421, 'crete', 'Crete', 85, '0.0000', 0, '2018-06-22 17:01:57', '2018-06-22 17:01:57', NULL),
(1422, 'dodekanisos', 'Dodekanisos', 85, '0.0000', 0, '2018-06-22 17:01:57', '2018-06-22 17:01:57', NULL),
(1423, 'drama', 'Drama', 85, '0.0000', 0, '2018-06-22 17:01:57', '2018-06-22 17:01:57', NULL),
(1424, 'evia', 'Evia', 85, '0.0000', 0, '2018-06-22 17:01:57', '2018-06-22 17:01:57', NULL),
(1425, 'evritania', 'Evritania', 85, '0.0000', 0, '2018-06-22 17:01:57', '2018-06-22 17:01:57', NULL),
(1426, 'evros', 'Evros', 85, '0.0000', 0, '2018-06-22 17:01:57', '2018-06-22 17:01:57', NULL),
(1427, 'evvoia', 'Evvoia', 85, '0.0000', 0, '2018-06-22 17:01:57', '2018-06-22 17:01:57', NULL),
(1428, 'florina', 'Florina', 85, '0.0000', 0, '2018-06-22 17:01:57', '2018-06-22 17:01:57', NULL),
(1429, 'fokis', 'Fokis', 85, '0.0000', 0, '2018-06-22 17:01:57', '2018-06-22 17:01:57', NULL),
(1430, 'fthiotis', 'Fthiotis', 85, '0.0000', 0, '2018-06-22 17:01:57', '2018-06-22 17:01:57', NULL),
(1431, 'grevena', 'Grevena', 85, '0.0000', 0, '2018-06-22 17:01:57', '2018-06-22 17:01:57', NULL),
(1432, 'halandri', 'Halandri', 85, '0.0000', 0, '2018-06-22 17:01:57', '2018-06-22 17:01:57', NULL),
(1433, 'halkidiki', 'Halkidiki', 85, '0.0000', 0, '2018-06-22 17:01:57', '2018-06-22 17:01:57', NULL),
(1434, 'hania', 'Hania', 85, '0.0000', 0, '2018-06-22 17:01:57', '2018-06-22 17:01:57', NULL),
(1435, 'heraklion', 'Heraklion', 85, '0.0000', 0, '2018-06-22 17:01:57', '2018-06-22 17:01:57', NULL),
(1436, 'hios', 'Hios', 85, '0.0000', 0, '2018-06-22 17:01:57', '2018-06-22 17:01:57', NULL),
(1437, 'ilia', 'Ilia', 85, '0.0000', 0, '2018-06-22 17:01:57', '2018-06-22 17:01:57', NULL),
(1438, 'imathia', 'Imathia', 85, '0.0000', 0, '2018-06-22 17:01:57', '2018-06-22 17:01:57', NULL),
(1439, 'ioannina', 'Ioannina', 85, '0.0000', 0, '2018-06-22 17:01:57', '2018-06-22 17:01:57', NULL),
(1440, 'iraklion', 'Iraklion', 85, '0.0000', 0, '2018-06-22 17:01:57', '2018-06-22 17:01:57', NULL),
(1441, 'karditsa', 'Karditsa', 85, '0.0000', 0, '2018-06-22 17:01:57', '2018-06-22 17:01:57', NULL),
(1442, 'kastoria', 'Kastoria', 85, '0.0000', 0, '2018-06-22 17:01:57', '2018-06-22 17:01:57', NULL),
(1443, 'kavala', 'Kavala', 85, '0.0000', 0, '2018-06-22 17:01:57', '2018-06-22 17:01:57', NULL),
(1444, 'kefallinia', 'Kefallinia', 85, '0.0000', 0, '2018-06-22 17:01:57', '2018-06-22 17:01:57', NULL),
(1445, 'kerkira', 'Kerkira', 85, '0.0000', 0, '2018-06-22 17:01:57', '2018-06-22 17:01:57', NULL),
(1446, 'kiklades', 'Kiklades', 85, '0.0000', 0, '2018-06-22 17:01:57', '2018-06-22 17:01:57', NULL),
(1447, 'kilkis', 'Kilkis', 85, '0.0000', 0, '2018-06-22 17:01:57', '2018-06-22 17:01:57', NULL),
(1448, 'korinthia', 'Korinthia', 85, '0.0000', 0, '2018-06-22 17:01:57', '2018-06-22 17:01:57', NULL),
(1449, 'kozani', 'Kozani', 85, '0.0000', 0, '2018-06-22 17:01:57', '2018-06-22 17:01:57', NULL),
(1450, 'lakonia', 'Lakonia', 85, '0.0000', 0, '2018-06-22 17:01:57', '2018-06-22 17:01:57', NULL),
(1451, 'larisa', 'Larisa', 85, '0.0000', 0, '2018-06-22 17:01:57', '2018-06-22 17:01:57', NULL),
(1452, 'lasithi', 'Lasithi', 85, '0.0000', 0, '2018-06-22 17:01:57', '2018-06-22 17:01:57', NULL),
(1453, 'lesvos', 'Lesvos', 85, '0.0000', 0, '2018-06-22 17:01:57', '2018-06-22 17:01:57', NULL),
(1454, 'levkas', 'Levkas', 85, '0.0000', 0, '2018-06-22 17:01:57', '2018-06-22 17:01:57', NULL),
(1455, 'magnisia', 'Magnisia', 85, '0.0000', 0, '2018-06-22 17:01:57', '2018-06-22 17:01:57', NULL),
(1456, 'messinia', 'Messinia', 85, '0.0000', 0, '2018-06-22 17:01:57', '2018-06-22 17:01:57', NULL),
(1457, 'nomos attikis', 'Nomos Attikis', 85, '0.0000', 0, '2018-06-22 17:01:57', '2018-06-22 17:01:57', NULL),
(1458, 'nomos zakynthou', 'Nomos Zakynthou', 85, '0.0000', 0, '2018-06-22 17:01:57', '2018-06-22 17:01:57', NULL),
(1459, 'pella', 'Pella', 85, '0.0000', 0, '2018-06-22 17:01:57', '2018-06-22 17:01:57', NULL),
(1460, 'pieria', 'Pieria', 85, '0.0000', 0, '2018-06-22 17:01:57', '2018-06-22 17:01:57', NULL),
(1461, 'piraios', 'Piraios', 85, '0.0000', 0, '2018-06-22 17:01:57', '2018-06-22 17:01:57', NULL),
(1462, 'preveza', 'Preveza', 85, '0.0000', 0, '2018-06-22 17:01:57', '2018-06-22 17:01:57', NULL),
(1463, 'rethimni', 'Rethimni', 85, '0.0000', 0, '2018-06-22 17:01:57', '2018-06-22 17:01:57', NULL),
(1464, 'rodopi', 'Rodopi', 85, '0.0000', 0, '2018-06-22 17:01:57', '2018-06-22 17:01:57', NULL),
(1465, 'samos', 'Samos', 85, '0.0000', 0, '2018-06-22 17:01:57', '2018-06-22 17:01:57', NULL),
(1466, 'serrai', 'Serrai', 85, '0.0000', 0, '2018-06-22 17:01:57', '2018-06-22 17:01:57', NULL),
(1467, 'thesprotia', 'Thesprotia', 85, '0.0000', 0, '2018-06-22 17:01:57', '2018-06-22 17:01:57', NULL),
(1468, 'thessaloniki', 'Thessaloniki', 85, '0.0000', 0, '2018-06-22 17:01:57', '2018-06-22 17:01:57', NULL),
(1469, 'trikala', 'Trikala', 85, '0.0000', 0, '2018-06-22 17:01:57', '2018-06-22 17:01:57', NULL),
(1470, 'voiotia', 'Voiotia', 85, '0.0000', 0, '2018-06-22 17:01:57', '2018-06-22 17:01:57', NULL),
(1471, 'west greece', 'West Greece', 85, '0.0000', 0, '2018-06-22 17:01:57', '2018-06-22 17:01:57', NULL),
(1472, 'xanthi', 'Xanthi', 85, '0.0000', 0, '2018-06-22 17:01:57', '2018-06-22 17:01:57', NULL),
(1473, 'zakinthos', 'Zakinthos', 85, '0.0000', 0, '2018-06-22 17:01:57', '2018-06-22 17:01:57', NULL),
(1474, 'aasiaat', 'Aasiaat', 86, '0.0000', 0, '2018-06-22 17:01:57', '2018-06-22 17:01:57', NULL),
(1475, 'ammassalik', 'Ammassalik', 86, '0.0000', 0, '2018-06-22 17:01:57', '2018-06-22 17:01:57', NULL),
(1476, 'illoqqortoormiut', 'Illoqqortoormiut', 86, '0.0000', 0, '2018-06-22 17:01:57', '2018-06-22 17:01:57', NULL),
(1477, 'ilulissat', 'Ilulissat', 86, '0.0000', 0, '2018-06-22 17:01:57', '2018-06-22 17:01:57', NULL),
(1478, 'ivittuut', 'Ivittuut', 86, '0.0000', 0, '2018-06-22 17:01:57', '2018-06-22 17:01:57', NULL),
(1479, 'kangaatsiaq', 'Kangaatsiaq', 86, '0.0000', 0, '2018-06-22 17:01:57', '2018-06-22 17:01:57', NULL),
(1480, 'maniitsoq', 'Maniitsoq', 86, '0.0000', 0, '2018-06-22 17:01:57', '2018-06-22 17:01:57', NULL),
(1481, 'nanortalik', 'Nanortalik', 86, '0.0000', 0, '2018-06-22 17:01:57', '2018-06-22 17:01:57', NULL),
(1482, 'narsaq', 'Narsaq', 86, '0.0000', 0, '2018-06-22 17:01:57', '2018-06-22 17:01:57', NULL);
INSERT INTO `states` (`id`, `code`, `name`, `country_id`, `tax`, `is_default`, `created_at`, `updated_at`, `deleted_at`) VALUES
(1483, 'nuuk', 'Nuuk', 86, '0.0000', 0, '2018-06-22 17:01:57', '2018-06-22 17:01:57', NULL),
(1484, 'paamiut', 'Paamiut', 86, '0.0000', 0, '2018-06-22 17:01:57', '2018-06-22 17:01:57', NULL),
(1485, 'qaanaaq', 'Qaanaaq', 86, '0.0000', 0, '2018-06-22 17:01:57', '2018-06-22 17:01:57', NULL),
(1486, 'qaqortoq', 'Qaqortoq', 86, '0.0000', 0, '2018-06-22 17:01:57', '2018-06-22 17:01:57', NULL),
(1487, 'qasigiannguit', 'Qasigiannguit', 86, '0.0000', 0, '2018-06-22 17:01:57', '2018-06-22 17:01:57', NULL),
(1488, 'qeqertarsuaq', 'Qeqertarsuaq', 86, '0.0000', 0, '2018-06-22 17:01:57', '2018-06-22 17:01:57', NULL),
(1489, 'sisimiut', 'Sisimiut', 86, '0.0000', 0, '2018-06-22 17:01:57', '2018-06-22 17:01:57', NULL),
(1490, 'udenfor kommunal inddelin', 'Udenfor kommunal inddeling', 86, '0.0000', 0, '2018-06-22 17:01:57', '2018-06-22 17:01:57', NULL),
(1491, 'upernavik', 'Upernavik', 86, '0.0000', 0, '2018-06-22 17:01:57', '2018-06-22 17:01:57', NULL),
(1492, 'uummannaq', 'Uummannaq', 86, '0.0000', 0, '2018-06-22 17:01:57', '2018-06-22 17:01:57', NULL),
(1493, 'carriacou-petite martiniq', 'Carriacou-Petite Martinique', 87, '0.0000', 0, '2018-06-22 17:01:57', '2018-06-22 17:01:57', NULL),
(1494, 'saint andrew', 'Saint Andrew', 87, '0.0000', 0, '2018-06-22 17:01:57', '2018-06-22 17:01:57', NULL),
(1495, 'saint davids', 'Saint Davids', 87, '0.0000', 0, '2018-06-22 17:01:57', '2018-06-22 17:01:57', NULL),
(1496, 'saint george''''s', 'Saint George''''s', 87, '0.0000', 0, '2018-06-22 17:01:57', '2018-06-22 17:01:57', NULL),
(1497, 'saint john', 'Saint John', 87, '0.0000', 0, '2018-06-22 17:01:57', '2018-06-22 17:01:57', NULL),
(1498, 'saint mark', 'Saint Mark', 87, '0.0000', 0, '2018-06-22 17:01:57', '2018-06-22 17:01:57', NULL),
(1499, 'saint patrick', 'Saint Patrick', 87, '0.0000', 0, '2018-06-22 17:01:57', '2018-06-22 17:01:57', NULL),
(1500, 'basse-terre', 'Basse-Terre', 88, '0.0000', 0, '2018-06-22 17:01:57', '2018-06-22 17:01:57', NULL),
(1501, 'grande-terre', 'Grande-Terre', 88, '0.0000', 0, '2018-06-22 17:01:57', '2018-06-22 17:01:57', NULL),
(1502, 'iles des saintes', 'Iles des Saintes', 88, '0.0000', 0, '2018-06-22 17:01:57', '2018-06-22 17:01:57', NULL),
(1503, 'la desirade', 'La Desirade', 88, '0.0000', 0, '2018-06-22 17:01:57', '2018-06-22 17:01:57', NULL),
(1504, 'marie-galante', 'Marie-Galante', 88, '0.0000', 0, '2018-06-22 17:01:57', '2018-06-22 17:01:57', NULL),
(1505, 'saint barthelemy', 'Saint Barthelemy', 88, '0.0000', 0, '2018-06-22 17:01:57', '2018-06-22 17:01:57', NULL),
(1506, 'saint martin', 'Saint Martin', 88, '0.0000', 0, '2018-06-22 17:01:57', '2018-06-22 17:01:57', NULL),
(1507, 'agana heights', 'Agana Heights', 89, '0.0000', 0, '2018-06-22 17:01:57', '2018-06-22 17:01:57', NULL),
(1508, 'agat', 'Agat', 89, '0.0000', 0, '2018-06-22 17:01:57', '2018-06-22 17:01:57', NULL),
(1509, 'barrigada', 'Barrigada', 89, '0.0000', 0, '2018-06-22 17:01:57', '2018-06-22 17:01:57', NULL),
(1510, 'chalan-pago-ordot', 'Chalan-Pago-Ordot', 89, '0.0000', 0, '2018-06-22 17:01:57', '2018-06-22 17:01:57', NULL),
(1511, 'dededo', 'Dededo', 89, '0.0000', 0, '2018-06-22 17:01:57', '2018-06-22 17:01:57', NULL),
(1512, 'hagatna', 'Hagatna', 89, '0.0000', 0, '2018-06-22 17:01:57', '2018-06-22 17:01:57', NULL),
(1513, 'inarajan', 'Inarajan', 89, '0.0000', 0, '2018-06-22 17:01:57', '2018-06-22 17:01:57', NULL),
(1514, 'mangilao', 'Mangilao', 89, '0.0000', 0, '2018-06-22 17:01:57', '2018-06-22 17:01:57', NULL),
(1515, 'merizo', 'Merizo', 89, '0.0000', 0, '2018-06-22 17:01:57', '2018-06-22 17:01:57', NULL),
(1516, 'mongmong-toto-maite', 'Mongmong-Toto-Maite', 89, '0.0000', 0, '2018-06-22 17:01:57', '2018-06-22 17:01:57', NULL),
(1517, 'santa rita', 'Santa Rita', 89, '0.0000', 0, '2018-06-22 17:01:57', '2018-06-22 17:01:57', NULL),
(1518, 'sinajana', 'Sinajana', 89, '0.0000', 0, '2018-06-22 17:01:57', '2018-06-22 17:01:57', NULL),
(1519, 'talofofo', 'Talofofo', 89, '0.0000', 0, '2018-06-22 17:01:57', '2018-06-22 17:01:57', NULL),
(1520, 'tamuning', 'Tamuning', 89, '0.0000', 0, '2018-06-22 17:01:57', '2018-06-22 17:01:57', NULL),
(1521, 'yigo', 'Yigo', 89, '0.0000', 0, '2018-06-22 17:01:57', '2018-06-22 17:01:57', NULL),
(1522, 'yona', 'Yona', 89, '0.0000', 0, '2018-06-22 17:01:57', '2018-06-22 17:01:57', NULL),
(1523, 'alta verapaz', 'Alta Verapaz', 90, '0.0000', 0, '2018-06-22 17:01:57', '2018-06-22 17:01:57', NULL),
(1524, 'baja verapaz', 'Baja Verapaz', 90, '0.0000', 0, '2018-06-22 17:01:57', '2018-06-22 17:01:57', NULL),
(1525, 'chimaltenango', 'Chimaltenango', 90, '0.0000', 0, '2018-06-22 17:01:57', '2018-06-22 17:01:57', NULL),
(1526, 'chiquimula', 'Chiquimula', 90, '0.0000', 0, '2018-06-22 17:01:57', '2018-06-22 17:01:57', NULL),
(1527, 'el progreso', 'El Progreso', 90, '0.0000', 0, '2018-06-22 17:01:57', '2018-06-22 17:01:57', NULL),
(1528, 'escuintla', 'Escuintla', 90, '0.0000', 0, '2018-06-22 17:01:57', '2018-06-22 17:01:57', NULL),
(1529, 'guatemala', 'Guatemala', 90, '0.0000', 0, '2018-06-22 17:01:57', '2018-06-22 17:01:57', NULL),
(1530, 'huehuetenango', 'Huehuetenango', 90, '0.0000', 0, '2018-06-22 17:01:57', '2018-06-22 17:01:57', NULL),
(1531, 'izabal', 'Izabal', 90, '0.0000', 0, '2018-06-22 17:01:57', '2018-06-22 17:01:57', NULL),
(1532, 'jalapa', 'Jalapa', 90, '0.0000', 0, '2018-06-22 17:01:57', '2018-06-22 17:01:57', NULL),
(1533, 'jutiapa', 'Jutiapa', 90, '0.0000', 0, '2018-06-22 17:01:57', '2018-06-22 17:01:57', NULL),
(1534, 'peten', 'Peten', 90, '0.0000', 0, '2018-06-22 17:01:57', '2018-06-22 17:01:57', NULL),
(1535, 'quezaltenango', 'Quezaltenango', 90, '0.0000', 0, '2018-06-22 17:01:57', '2018-06-22 17:01:57', NULL),
(1536, 'quiche', 'Quiche', 90, '0.0000', 0, '2018-06-22 17:01:57', '2018-06-22 17:01:57', NULL),
(1537, 'retalhuleu', 'Retalhuleu', 90, '0.0000', 0, '2018-06-22 17:01:57', '2018-06-22 17:01:57', NULL),
(1538, 'sacatepequez', 'Sacatepequez', 90, '0.0000', 0, '2018-06-22 17:01:57', '2018-06-22 17:01:57', NULL),
(1539, 'san marcos', 'San Marcos', 90, '0.0000', 0, '2018-06-22 17:01:57', '2018-06-22 17:01:57', NULL),
(1540, 'santa rosa', 'Santa Rosa', 90, '0.0000', 0, '2018-06-22 17:01:57', '2018-06-22 17:01:57', NULL),
(1541, 'solola', 'Solola', 90, '0.0000', 0, '2018-06-22 17:01:57', '2018-06-22 17:01:57', NULL),
(1542, 'suchitepequez', 'Suchitepequez', 90, '0.0000', 0, '2018-06-22 17:01:57', '2018-06-22 17:01:57', NULL),
(1543, 'totonicapan', 'Totonicapan', 90, '0.0000', 0, '2018-06-22 17:01:57', '2018-06-22 17:01:57', NULL),
(1544, 'zacapa', 'Zacapa', 90, '0.0000', 0, '2018-06-22 17:01:57', '2018-06-22 17:01:57', NULL),
(1545, 'alderney', 'Alderney', 91, '0.0000', 0, '2018-06-22 17:01:57', '2018-06-22 17:01:57', NULL),
(1546, 'castel', 'Castel', 91, '0.0000', 0, '2018-06-22 17:01:57', '2018-06-22 17:01:57', NULL),
(1547, 'forest', 'Forest', 91, '0.0000', 0, '2018-06-22 17:01:57', '2018-06-22 17:01:57', NULL),
(1548, 'saint andrew', 'Saint Andrew', 91, '0.0000', 0, '2018-06-22 17:01:57', '2018-06-22 17:01:57', NULL),
(1549, 'saint martin', 'Saint Martin', 91, '0.0000', 0, '2018-06-22 17:01:57', '2018-06-22 17:01:57', NULL),
(1550, 'saint peter port', 'Saint Peter Port', 91, '0.0000', 0, '2018-06-22 17:01:57', '2018-06-22 17:01:57', NULL),
(1551, 'saint pierre du bois', 'Saint Pierre du Bois', 91, '0.0000', 0, '2018-06-22 17:01:57', '2018-06-22 17:01:57', NULL),
(1552, 'saint sampson', 'Saint Sampson', 91, '0.0000', 0, '2018-06-22 17:01:57', '2018-06-22 17:01:57', NULL),
(1553, 'saint saviour', 'Saint Saviour', 91, '0.0000', 0, '2018-06-22 17:01:57', '2018-06-22 17:01:57', NULL),
(1554, 'sark', 'Sark', 91, '0.0000', 0, '2018-06-22 17:01:57', '2018-06-22 17:01:57', NULL),
(1555, 'torteval', 'Torteval', 91, '0.0000', 0, '2018-06-22 17:01:57', '2018-06-22 17:01:57', NULL),
(1556, 'vale', 'Vale', 91, '0.0000', 0, '2018-06-22 17:01:57', '2018-06-22 17:01:57', NULL),
(1557, 'beyla', 'Beyla', 92, '0.0000', 0, '2018-06-22 17:01:57', '2018-06-22 17:01:57', NULL),
(1558, 'boffa', 'Boffa', 92, '0.0000', 0, '2018-06-22 17:01:57', '2018-06-22 17:01:57', NULL),
(1559, 'boke', 'Boke', 92, '0.0000', 0, '2018-06-22 17:01:57', '2018-06-22 17:01:57', NULL),
(1560, 'conakry', 'Conakry', 92, '0.0000', 0, '2018-06-22 17:01:57', '2018-06-22 17:01:57', NULL),
(1561, 'coyah', 'Coyah', 92, '0.0000', 0, '2018-06-22 17:01:57', '2018-06-22 17:01:57', NULL),
(1562, 'dabola', 'Dabola', 92, '0.0000', 0, '2018-06-22 17:01:57', '2018-06-22 17:01:57', NULL),
(1563, 'dalaba', 'Dalaba', 92, '0.0000', 0, '2018-06-22 17:01:57', '2018-06-22 17:01:57', NULL),
(1564, 'dinguiraye', 'Dinguiraye', 92, '0.0000', 0, '2018-06-22 17:01:57', '2018-06-22 17:01:57', NULL),
(1565, 'faranah', 'Faranah', 92, '0.0000', 0, '2018-06-22 17:01:57', '2018-06-22 17:01:57', NULL),
(1566, 'forecariah', 'Forecariah', 92, '0.0000', 0, '2018-06-22 17:01:57', '2018-06-22 17:01:57', NULL),
(1567, 'fria', 'Fria', 92, '0.0000', 0, '2018-06-22 17:01:57', '2018-06-22 17:01:57', NULL),
(1568, 'gaoual', 'Gaoual', 92, '0.0000', 0, '2018-06-22 17:01:57', '2018-06-22 17:01:57', NULL),
(1569, 'gueckedou', 'Gueckedou', 92, '0.0000', 0, '2018-06-22 17:01:57', '2018-06-22 17:01:57', NULL),
(1570, 'kankan', 'Kankan', 92, '0.0000', 0, '2018-06-22 17:01:57', '2018-06-22 17:01:57', NULL),
(1571, 'kerouane', 'Kerouane', 92, '0.0000', 0, '2018-06-22 17:01:57', '2018-06-22 17:01:57', NULL),
(1572, 'kindia', 'Kindia', 92, '0.0000', 0, '2018-06-22 17:01:57', '2018-06-22 17:01:57', NULL),
(1573, 'kissidougou', 'Kissidougou', 92, '0.0000', 0, '2018-06-22 17:01:57', '2018-06-22 17:01:57', NULL),
(1574, 'koubia', 'Koubia', 92, '0.0000', 0, '2018-06-22 17:01:57', '2018-06-22 17:01:57', NULL),
(1575, 'koundara', 'Koundara', 92, '0.0000', 0, '2018-06-22 17:01:57', '2018-06-22 17:01:57', NULL),
(1576, 'kouroussa', 'Kouroussa', 92, '0.0000', 0, '2018-06-22 17:01:57', '2018-06-22 17:01:57', NULL),
(1577, 'labe', 'Labe', 92, '0.0000', 0, '2018-06-22 17:01:57', '2018-06-22 17:01:57', NULL),
(1578, 'lola', 'Lola', 92, '0.0000', 0, '2018-06-22 17:01:57', '2018-06-22 17:01:57', NULL),
(1579, 'macenta', 'Macenta', 92, '0.0000', 0, '2018-06-22 17:01:57', '2018-06-22 17:01:57', NULL),
(1580, 'mali', 'Mali', 92, '0.0000', 0, '2018-06-22 17:01:57', '2018-06-22 17:01:57', NULL),
(1581, 'mamou', 'Mamou', 92, '0.0000', 0, '2018-06-22 17:01:57', '2018-06-22 17:01:57', NULL),
(1582, 'mandiana', 'Mandiana', 92, '0.0000', 0, '2018-06-22 17:01:57', '2018-06-22 17:01:57', NULL),
(1583, 'nzerekore', 'Nzerekore', 92, '0.0000', 0, '2018-06-22 17:01:57', '2018-06-22 17:01:57', NULL),
(1584, 'pita', 'Pita', 92, '0.0000', 0, '2018-06-22 17:01:57', '2018-06-22 17:01:57', NULL),
(1585, 'siguiri', 'Siguiri', 92, '0.0000', 0, '2018-06-22 17:01:57', '2018-06-22 17:01:57', NULL),
(1586, 'telimele', 'Telimele', 92, '0.0000', 0, '2018-06-22 17:01:57', '2018-06-22 17:01:57', NULL),
(1587, 'tougue', 'Tougue', 92, '0.0000', 0, '2018-06-22 17:01:57', '2018-06-22 17:01:57', NULL),
(1588, 'yomou', 'Yomou', 92, '0.0000', 0, '2018-06-22 17:01:57', '2018-06-22 17:01:57', NULL),
(1589, 'bafata', 'Bafata', 93, '0.0000', 0, '2018-06-22 17:01:57', '2018-06-22 17:01:57', NULL),
(1590, 'bissau', 'Bissau', 93, '0.0000', 0, '2018-06-22 17:01:57', '2018-06-22 17:01:57', NULL),
(1591, 'bolama', 'Bolama', 93, '0.0000', 0, '2018-06-22 17:01:57', '2018-06-22 17:01:57', NULL),
(1592, 'cacheu', 'Cacheu', 93, '0.0000', 0, '2018-06-22 17:01:57', '2018-06-22 17:01:57', NULL),
(1593, 'gabu', 'Gabu', 93, '0.0000', 0, '2018-06-22 17:01:57', '2018-06-22 17:01:57', NULL),
(1594, 'oio', 'Oio', 93, '0.0000', 0, '2018-06-22 17:01:57', '2018-06-22 17:01:57', NULL),
(1595, 'quinara', 'Quinara', 93, '0.0000', 0, '2018-06-22 17:01:57', '2018-06-22 17:01:57', NULL),
(1596, 'tombali', 'Tombali', 93, '0.0000', 0, '2018-06-22 17:01:57', '2018-06-22 17:01:57', NULL),
(1597, 'barima-waini', 'Barima-Waini', 94, '0.0000', 0, '2018-06-22 17:01:57', '2018-06-22 17:01:57', NULL),
(1598, 'cuyuni-mazaruni', 'Cuyuni-Mazaruni', 94, '0.0000', 0, '2018-06-22 17:01:57', '2018-06-22 17:01:57', NULL),
(1599, 'demerara-mahaica', 'Demerara-Mahaica', 94, '0.0000', 0, '2018-06-22 17:01:57', '2018-06-22 17:01:57', NULL),
(1600, 'east berbice-corentyne', 'East Berbice-Corentyne', 94, '0.0000', 0, '2018-06-22 17:01:57', '2018-06-22 17:01:57', NULL),
(1601, 'essequibo islands-west de', 'Essequibo Islands-West Demerar', 94, '0.0000', 0, '2018-06-22 17:01:57', '2018-06-22 17:01:57', NULL),
(1602, 'mahaica-berbice', 'Mahaica-Berbice', 94, '0.0000', 0, '2018-06-22 17:01:57', '2018-06-22 17:01:57', NULL),
(1603, 'pomeroon-supenaam', 'Pomeroon-Supenaam', 94, '0.0000', 0, '2018-06-22 17:01:57', '2018-06-22 17:01:57', NULL),
(1604, 'potaro-siparuni', 'Potaro-Siparuni', 94, '0.0000', 0, '2018-06-22 17:01:57', '2018-06-22 17:01:57', NULL),
(1605, 'upper demerara-berbice', 'Upper Demerara-Berbice', 94, '0.0000', 0, '2018-06-22 17:01:57', '2018-06-22 17:01:57', NULL),
(1606, 'upper takutu-upper essequ', 'Upper Takutu-Upper Essequibo', 94, '0.0000', 0, '2018-06-22 17:01:57', '2018-06-22 17:01:57', NULL),
(1607, 'artibonite', 'Artibonite', 95, '0.0000', 0, '2018-06-22 17:01:57', '2018-06-22 17:01:57', NULL),
(1608, 'centre', 'Centre', 95, '0.0000', 0, '2018-06-22 17:01:57', '2018-06-22 17:01:57', NULL),
(1609, 'grand''''anse', 'Grand''''Anse', 95, '0.0000', 0, '2018-06-22 17:01:57', '2018-06-22 17:01:57', NULL),
(1610, 'nord', 'Nord', 95, '0.0000', 0, '2018-06-22 17:01:57', '2018-06-22 17:01:57', NULL),
(1611, 'nord-est', 'Nord-Est', 95, '0.0000', 0, '2018-06-22 17:01:57', '2018-06-22 17:01:57', NULL),
(1612, 'nord-ouest', 'Nord-Ouest', 95, '0.0000', 0, '2018-06-22 17:01:57', '2018-06-22 17:01:57', NULL),
(1613, 'ouest', 'Ouest', 95, '0.0000', 0, '2018-06-22 17:01:57', '2018-06-22 17:01:57', NULL),
(1614, 'sud', 'Sud', 95, '0.0000', 0, '2018-06-22 17:01:57', '2018-06-22 17:01:57', NULL),
(1615, 'sud-est', 'Sud-Est', 95, '0.0000', 0, '2018-06-22 17:01:57', '2018-06-22 17:01:57', NULL),
(1616, 'heard and mcdonald island', 'Heard and McDonald Islands', 96, '0.0000', 0, '2018-06-22 17:01:57', '2018-06-22 17:01:57', NULL),
(1617, 'atlantida', 'Atlantida', 97, '0.0000', 0, '2018-06-22 17:01:57', '2018-06-22 17:01:57', NULL),
(1618, 'choluteca', 'Choluteca', 97, '0.0000', 0, '2018-06-22 17:01:57', '2018-06-22 17:01:57', NULL),
(1619, 'colon', 'Colon', 97, '0.0000', 0, '2018-06-22 17:01:57', '2018-06-22 17:01:57', NULL),
(1620, 'comayagua', 'Comayagua', 97, '0.0000', 0, '2018-06-22 17:01:57', '2018-06-22 17:01:57', NULL),
(1621, 'copan', 'Copan', 97, '0.0000', 0, '2018-06-22 17:01:57', '2018-06-22 17:01:57', NULL),
(1622, 'cortes', 'Cortes', 97, '0.0000', 0, '2018-06-22 17:01:57', '2018-06-22 17:01:57', NULL),
(1623, 'distrito central', 'Distrito Central', 97, '0.0000', 0, '2018-06-22 17:01:57', '2018-06-22 17:01:57', NULL),
(1624, 'el paraiso', 'El Paraiso', 97, '0.0000', 0, '2018-06-22 17:01:57', '2018-06-22 17:01:57', NULL),
(1625, 'francisco morazan', 'Francisco Morazan', 97, '0.0000', 0, '2018-06-22 17:01:57', '2018-06-22 17:01:57', NULL),
(1626, 'gracias a dios', 'Gracias a Dios', 97, '0.0000', 0, '2018-06-22 17:01:57', '2018-06-22 17:01:57', NULL),
(1627, 'intibuca', 'Intibuca', 97, '0.0000', 0, '2018-06-22 17:01:57', '2018-06-22 17:01:57', NULL),
(1628, 'islas de la bahia', 'Islas de la Bahia', 97, '0.0000', 0, '2018-06-22 17:01:57', '2018-06-22 17:01:57', NULL),
(1629, 'la paz', 'La Paz', 97, '0.0000', 0, '2018-06-22 17:01:57', '2018-06-22 17:01:57', NULL),
(1630, 'lempira', 'Lempira', 97, '0.0000', 0, '2018-06-22 17:01:57', '2018-06-22 17:01:57', NULL),
(1631, 'ocotepeque', 'Ocotepeque', 97, '0.0000', 0, '2018-06-22 17:01:57', '2018-06-22 17:01:57', NULL),
(1632, 'olancho', 'Olancho', 97, '0.0000', 0, '2018-06-22 17:01:57', '2018-06-22 17:01:57', NULL),
(1633, 'santa barbara', 'Santa Barbara', 97, '0.0000', 0, '2018-06-22 17:01:57', '2018-06-22 17:01:57', NULL),
(1634, 'valle', 'Valle', 97, '0.0000', 0, '2018-06-22 17:01:57', '2018-06-22 17:01:57', NULL),
(1635, 'yoro', 'Yoro', 97, '0.0000', 0, '2018-06-22 17:01:57', '2018-06-22 17:01:57', NULL),
(1636, 'hong kong', 'Hong Kong', 98, '0.0000', 0, '2018-06-22 17:01:57', '2018-06-22 17:01:57', NULL),
(1637, 'bacs-kiskun', 'Bacs-Kiskun', 99, '0.0000', 0, '2018-06-22 17:01:57', '2018-06-22 17:01:57', NULL),
(1638, 'baranya', 'Baranya', 99, '0.0000', 0, '2018-06-22 17:01:57', '2018-06-22 17:01:57', NULL),
(1639, 'bekes', 'Bekes', 99, '0.0000', 0, '2018-06-22 17:01:57', '2018-06-22 17:01:57', NULL),
(1640, 'borsod-abauj-zemplen', 'Borsod-Abauj-Zemplen', 99, '0.0000', 0, '2018-06-22 17:01:57', '2018-06-22 17:01:57', NULL),
(1641, 'budapest', 'Budapest', 99, '0.0000', 0, '2018-06-22 17:01:57', '2018-06-22 17:01:57', NULL),
(1642, 'csongrad', 'Csongrad', 99, '0.0000', 0, '2018-06-22 17:01:57', '2018-06-22 17:01:57', NULL),
(1643, 'fejer', 'Fejer', 99, '0.0000', 0, '2018-06-22 17:01:57', '2018-06-22 17:01:57', NULL),
(1644, 'gyor-moson-sopron', 'Gyor-Moson-Sopron', 99, '0.0000', 0, '2018-06-22 17:01:57', '2018-06-22 17:01:57', NULL),
(1645, 'hajdu-bihar', 'Hajdu-Bihar', 99, '0.0000', 0, '2018-06-22 17:01:57', '2018-06-22 17:01:57', NULL),
(1646, 'heves', 'Heves', 99, '0.0000', 0, '2018-06-22 17:01:57', '2018-06-22 17:01:57', NULL),
(1647, 'jasz-nagykun-szolnok', 'Jasz-Nagykun-Szolnok', 99, '0.0000', 0, '2018-06-22 17:01:57', '2018-06-22 17:01:57', NULL),
(1648, 'komarom-esztergom', 'Komarom-Esztergom', 99, '0.0000', 0, '2018-06-22 17:01:57', '2018-06-22 17:01:57', NULL),
(1649, 'nograd', 'Nograd', 99, '0.0000', 0, '2018-06-22 17:01:57', '2018-06-22 17:01:57', NULL),
(1650, 'pest', 'Pest', 99, '0.0000', 0, '2018-06-22 17:01:57', '2018-06-22 17:01:57', NULL),
(1651, 'somogy', 'Somogy', 99, '0.0000', 0, '2018-06-22 17:01:57', '2018-06-22 17:01:57', NULL),
(1652, 'szabolcs-szatmar-bereg', 'Szabolcs-Szatmar-Bereg', 99, '0.0000', 0, '2018-06-22 17:01:57', '2018-06-22 17:01:57', NULL),
(1653, 'tolna', 'Tolna', 99, '0.0000', 0, '2018-06-22 17:01:57', '2018-06-22 17:01:57', NULL),
(1654, 'vas', 'Vas', 99, '0.0000', 0, '2018-06-22 17:01:57', '2018-06-22 17:01:57', NULL),
(1655, 'veszprem', 'Veszprem', 99, '0.0000', 0, '2018-06-22 17:01:57', '2018-06-22 17:01:57', NULL),
(1656, 'zala', 'Zala', 99, '0.0000', 0, '2018-06-22 17:01:57', '2018-06-22 17:01:57', NULL),
(1657, 'austurland', 'Austurland', 100, '0.0000', 0, '2018-06-22 17:01:57', '2018-06-22 17:01:57', NULL),
(1658, 'gullbringusysla', 'Gullbringusysla', 100, '0.0000', 0, '2018-06-22 17:01:57', '2018-06-22 17:01:57', NULL),
(1659, 'hofu borgarsva i', 'Hofu borgarsva i', 100, '0.0000', 0, '2018-06-22 17:01:57', '2018-06-22 17:01:57', NULL),
(1660, 'nor urland eystra', 'Nor urland eystra', 100, '0.0000', 0, '2018-06-22 17:01:57', '2018-06-22 17:01:57', NULL),
(1661, 'nor urland vestra', 'Nor urland vestra', 100, '0.0000', 0, '2018-06-22 17:01:57', '2018-06-22 17:01:57', NULL),
(1662, 'su urland', 'Su urland', 100, '0.0000', 0, '2018-06-22 17:01:57', '2018-06-22 17:01:57', NULL),
(1663, 'su urnes', 'Su urnes', 100, '0.0000', 0, '2018-06-22 17:01:57', '2018-06-22 17:01:57', NULL),
(1664, 'vestfir ir', 'Vestfir ir', 100, '0.0000', 0, '2018-06-22 17:01:57', '2018-06-22 17:01:57', NULL),
(1665, 'vesturland', 'Vesturland', 100, '0.0000', 0, '2018-06-22 17:01:57', '2018-06-22 17:01:57', NULL),
(1666, 'aceh', 'Aceh', 102, '0.0000', 0, '2018-06-22 17:01:57', '2018-06-22 17:01:57', NULL),
(1667, 'bali', 'Bali', 102, '0.0000', 0, '2018-06-22 17:01:57', '2018-06-22 17:01:57', NULL),
(1668, 'bangka-belitung', 'Bangka-Belitung', 102, '0.0000', 0, '2018-06-22 17:01:57', '2018-06-22 17:01:57', NULL),
(1669, 'banten', 'Banten', 102, '0.0000', 0, '2018-06-22 17:01:57', '2018-06-22 17:01:57', NULL),
(1670, 'bengkulu', 'Bengkulu', 102, '0.0000', 0, '2018-06-22 17:01:57', '2018-06-22 17:01:57', NULL),
(1671, 'gandaria', 'Gandaria', 102, '0.0000', 0, '2018-06-22 17:01:57', '2018-06-22 17:01:57', NULL),
(1672, 'gorontalo', 'Gorontalo', 102, '0.0000', 0, '2018-06-22 17:01:57', '2018-06-22 17:01:57', NULL),
(1673, 'jakarta', 'Jakarta', 102, '0.0000', 0, '2018-06-22 17:01:57', '2018-06-22 17:01:57', NULL),
(1674, 'jambi', 'Jambi', 102, '0.0000', 0, '2018-06-22 17:01:57', '2018-06-22 17:01:57', NULL),
(1675, 'jawa barat', 'Jawa Barat', 102, '0.0000', 0, '2018-06-22 17:01:57', '2018-06-22 17:01:57', NULL),
(1676, 'jawa tengah', 'Jawa Tengah', 102, '0.0000', 0, '2018-06-22 17:01:57', '2018-06-22 17:01:57', NULL),
(1677, 'jawa timur', 'Jawa Timur', 102, '0.0000', 0, '2018-06-22 17:01:57', '2018-06-22 17:01:57', NULL),
(1678, 'kalimantan barat', 'Kalimantan Barat', 102, '0.0000', 0, '2018-06-22 17:01:57', '2018-06-22 17:01:57', NULL),
(1679, 'kalimantan selatan', 'Kalimantan Selatan', 102, '0.0000', 0, '2018-06-22 17:01:57', '2018-06-22 17:01:57', NULL),
(1680, 'kalimantan tengah', 'Kalimantan Tengah', 102, '0.0000', 0, '2018-06-22 17:01:57', '2018-06-22 17:01:57', NULL),
(1681, 'kalimantan timur', 'Kalimantan Timur', 102, '0.0000', 0, '2018-06-22 17:01:57', '2018-06-22 17:01:57', NULL),
(1682, 'kendal', 'Kendal', 102, '0.0000', 0, '2018-06-22 17:01:57', '2018-06-22 17:01:57', NULL),
(1683, 'lampung', 'Lampung', 102, '0.0000', 0, '2018-06-22 17:01:57', '2018-06-22 17:01:57', NULL),
(1684, 'maluku', 'Maluku', 102, '0.0000', 0, '2018-06-22 17:01:57', '2018-06-22 17:01:57', NULL),
(1685, 'maluku utara', 'Maluku Utara', 102, '0.0000', 0, '2018-06-22 17:01:57', '2018-06-22 17:01:57', NULL),
(1686, 'nusa tenggara barat', 'Nusa Tenggara Barat', 102, '0.0000', 0, '2018-06-22 17:01:57', '2018-06-22 17:01:57', NULL),
(1687, 'nusa tenggara timur', 'Nusa Tenggara Timur', 102, '0.0000', 0, '2018-06-22 17:01:57', '2018-06-22 17:01:57', NULL),
(1688, 'papua', 'Papua', 102, '0.0000', 0, '2018-06-22 17:01:57', '2018-06-22 17:01:57', NULL),
(1689, 'riau', 'Riau', 102, '0.0000', 0, '2018-06-22 17:01:57', '2018-06-22 17:01:57', NULL),
(1690, 'riau kepulauan', 'Riau Kepulauan', 102, '0.0000', 0, '2018-06-22 17:01:57', '2018-06-22 17:01:57', NULL),
(1691, 'solo', 'Solo', 102, '0.0000', 0, '2018-06-22 17:01:57', '2018-06-22 17:01:57', NULL),
(1692, 'sulawesi selatan', 'Sulawesi Selatan', 102, '0.0000', 0, '2018-06-22 17:01:57', '2018-06-22 17:01:57', NULL),
(1693, 'sulawesi tengah', 'Sulawesi Tengah', 102, '0.0000', 0, '2018-06-22 17:01:57', '2018-06-22 17:01:57', NULL),
(1694, 'sulawesi tenggara', 'Sulawesi Tenggara', 102, '0.0000', 0, '2018-06-22 17:01:57', '2018-06-22 17:01:57', NULL),
(1695, 'sulawesi utara', 'Sulawesi Utara', 102, '0.0000', 0, '2018-06-22 17:01:57', '2018-06-22 17:01:57', NULL),
(1696, 'sumatera barat', 'Sumatera Barat', 102, '0.0000', 0, '2018-06-22 17:01:57', '2018-06-22 17:01:57', NULL),
(1697, 'sumatera selatan', 'Sumatera Selatan', 102, '0.0000', 0, '2018-06-22 17:01:57', '2018-06-22 17:01:57', NULL),
(1698, 'sumatera utara', 'Sumatera Utara', 102, '0.0000', 0, '2018-06-22 17:01:57', '2018-06-22 17:01:57', NULL),
(1699, 'yogyakarta', 'Yogyakarta', 102, '0.0000', 0, '2018-06-22 17:01:57', '2018-06-22 17:01:57', NULL),
(1700, 'ardabil', 'Ardabil', 103, '0.0000', 0, '2018-06-22 17:01:57', '2018-06-22 17:01:57', NULL),
(1701, 'azarbayjan-e bakhtari', 'Azarbayjan-e Bakhtari', 103, '0.0000', 0, '2018-06-22 17:01:57', '2018-06-22 17:01:57', NULL),
(1702, 'azarbayjan-e khavari', 'Azarbayjan-e Khavari', 103, '0.0000', 0, '2018-06-22 17:01:57', '2018-06-22 17:01:57', NULL),
(1703, 'bushehr', 'Bushehr', 103, '0.0000', 0, '2018-06-22 17:01:57', '2018-06-22 17:01:57', NULL),
(1704, 'chahar mahal-e bakhtiari', 'Chahar Mahal-e Bakhtiari', 103, '0.0000', 0, '2018-06-22 17:01:57', '2018-06-22 17:01:57', NULL),
(1705, 'esfahan', 'Esfahan', 103, '0.0000', 0, '2018-06-22 17:01:57', '2018-06-22 17:01:57', NULL),
(1706, 'fars', 'Fars', 103, '0.0000', 0, '2018-06-22 17:01:57', '2018-06-22 17:01:57', NULL),
(1707, 'gilan', 'Gilan', 103, '0.0000', 0, '2018-06-22 17:01:57', '2018-06-22 17:01:57', NULL),
(1708, 'golestan', 'Golestan', 103, '0.0000', 0, '2018-06-22 17:01:57', '2018-06-22 17:01:57', NULL),
(1709, 'hamadan', 'Hamadan', 103, '0.0000', 0, '2018-06-22 17:01:57', '2018-06-22 17:01:57', NULL),
(1710, 'hormozgan', 'Hormozgan', 103, '0.0000', 0, '2018-06-22 17:01:57', '2018-06-22 17:01:57', NULL),
(1711, 'ilam', 'Ilam', 103, '0.0000', 0, '2018-06-22 17:01:57', '2018-06-22 17:01:57', NULL),
(1712, 'kerman', 'Kerman', 103, '0.0000', 0, '2018-06-22 17:01:57', '2018-06-22 17:01:57', NULL),
(1713, 'kermanshah', 'Kermanshah', 103, '0.0000', 0, '2018-06-22 17:01:57', '2018-06-22 17:01:57', NULL),
(1714, 'khorasan', 'Khorasan', 103, '0.0000', 0, '2018-06-22 17:01:57', '2018-06-22 17:01:57', NULL),
(1715, 'khuzestan', 'Khuzestan', 103, '0.0000', 0, '2018-06-22 17:01:57', '2018-06-22 17:01:57', NULL),
(1716, 'kohgiluyeh-e boyerahmad', 'Kohgiluyeh-e Boyerahmad', 103, '0.0000', 0, '2018-06-22 17:01:57', '2018-06-22 17:01:57', NULL),
(1717, 'kordestan', 'Kordestan', 103, '0.0000', 0, '2018-06-22 17:01:57', '2018-06-22 17:01:57', NULL),
(1718, 'lorestan', 'Lorestan', 103, '0.0000', 0, '2018-06-22 17:01:57', '2018-06-22 17:01:57', NULL),
(1719, 'markazi', 'Markazi', 103, '0.0000', 0, '2018-06-22 17:01:57', '2018-06-22 17:01:57', NULL),
(1720, 'mazandaran', 'Mazandaran', 103, '0.0000', 0, '2018-06-22 17:01:57', '2018-06-22 17:01:57', NULL),
(1721, 'ostan-e esfahan', 'Ostan-e Esfahan', 103, '0.0000', 0, '2018-06-22 17:01:57', '2018-06-22 17:01:57', NULL),
(1722, 'qazvin', 'Qazvin', 103, '0.0000', 0, '2018-06-22 17:01:57', '2018-06-22 17:01:57', NULL),
(1723, 'qom', 'Qom', 103, '0.0000', 0, '2018-06-22 17:01:57', '2018-06-22 17:01:57', NULL),
(1724, 'semnan', 'Semnan', 103, '0.0000', 0, '2018-06-22 17:01:57', '2018-06-22 17:01:57', NULL),
(1725, 'sistan-e baluchestan', 'Sistan-e Baluchestan', 103, '0.0000', 0, '2018-06-22 17:01:57', '2018-06-22 17:01:57', NULL),
(1726, 'tehran', 'Tehran', 103, '0.0000', 0, '2018-06-22 17:01:57', '2018-06-22 17:01:57', NULL),
(1727, 'yazd', 'Yazd', 103, '0.0000', 0, '2018-06-22 17:01:57', '2018-06-22 17:01:57', NULL),
(1728, 'zanjan', 'Zanjan', 103, '0.0000', 0, '2018-06-22 17:01:57', '2018-06-22 17:01:57', NULL),
(1729, 'babil', 'Babil', 104, '0.0000', 0, '2018-06-22 17:01:57', '2018-06-22 17:01:57', NULL),
(1730, 'baghdad', 'Baghdad', 104, '0.0000', 0, '2018-06-22 17:01:57', '2018-06-22 17:01:57', NULL),
(1731, 'dahuk', 'Dahuk', 104, '0.0000', 0, '2018-06-22 17:01:57', '2018-06-22 17:01:57', NULL),
(1732, 'dhi qar', 'Dhi Qar', 104, '0.0000', 0, '2018-06-22 17:01:57', '2018-06-22 17:01:57', NULL),
(1733, 'diyala', 'Diyala', 104, '0.0000', 0, '2018-06-22 17:01:57', '2018-06-22 17:01:57', NULL),
(1734, 'erbil', 'Erbil', 104, '0.0000', 0, '2018-06-22 17:01:57', '2018-06-22 17:01:57', NULL),
(1735, 'irbil', 'Irbil', 104, '0.0000', 0, '2018-06-22 17:01:57', '2018-06-22 17:01:57', NULL),
(1736, 'karbala', 'Karbala', 104, '0.0000', 0, '2018-06-22 17:01:57', '2018-06-22 17:01:57', NULL),
(1737, 'kurdistan', 'Kurdistan', 104, '0.0000', 0, '2018-06-22 17:01:57', '2018-06-22 17:01:57', NULL),
(1738, 'maysan', 'Maysan', 104, '0.0000', 0, '2018-06-22 17:01:57', '2018-06-22 17:01:57', NULL),
(1739, 'ninawa', 'Ninawa', 104, '0.0000', 0, '2018-06-22 17:01:57', '2018-06-22 17:01:57', NULL),
(1740, 'salah-ad-din', 'Salah-ad-Din', 104, '0.0000', 0, '2018-06-22 17:01:57', '2018-06-22 17:01:57', NULL),
(1741, 'wasit', 'Wasit', 104, '0.0000', 0, '2018-06-22 17:01:57', '2018-06-22 17:01:57', NULL),
(1742, 'al-anbar', 'al-Anbar', 104, '0.0000', 0, '2018-06-22 17:01:57', '2018-06-22 17:01:57', NULL),
(1743, 'al-basrah', 'al-Basrah', 104, '0.0000', 0, '2018-06-22 17:01:57', '2018-06-22 17:01:57', NULL),
(1744, 'al-muthanna', 'al-Muthanna', 104, '0.0000', 0, '2018-06-22 17:01:57', '2018-06-22 17:01:57', NULL),
(1745, 'al-qadisiyah', 'al-Qadisiyah', 104, '0.0000', 0, '2018-06-22 17:01:57', '2018-06-22 17:01:57', NULL),
(1746, 'an-najaf', 'an-Najaf', 104, '0.0000', 0, '2018-06-22 17:01:57', '2018-06-22 17:01:57', NULL),
(1747, 'as-sulaymaniyah', 'as-Sulaymaniyah', 104, '0.0000', 0, '2018-06-22 17:01:57', '2018-06-22 17:01:57', NULL),
(1748, 'at-ta''''mim', 'at-Ta''''mim', 104, '0.0000', 0, '2018-06-22 17:01:57', '2018-06-22 17:01:57', NULL),
(1749, 'armagh', 'Armagh', 105, '0.0000', 0, '2018-06-22 17:01:57', '2018-06-22 17:01:57', NULL),
(1750, 'carlow', 'Carlow', 105, '0.0000', 0, '2018-06-22 17:01:57', '2018-06-22 17:01:57', NULL),
(1751, 'cavan', 'Cavan', 105, '0.0000', 0, '2018-06-22 17:01:57', '2018-06-22 17:01:57', NULL),
(1752, 'clare', 'Clare', 105, '0.0000', 0, '2018-06-22 17:01:57', '2018-06-22 17:01:57', NULL),
(1753, 'cork', 'Cork', 105, '0.0000', 0, '2018-06-22 17:01:57', '2018-06-22 17:01:57', NULL),
(1754, 'donegal', 'Donegal', 105, '0.0000', 0, '2018-06-22 17:01:57', '2018-06-22 17:01:57', NULL),
(1755, 'dublin', 'Dublin', 105, '0.0000', 0, '2018-06-22 17:01:57', '2018-06-22 17:01:57', NULL),
(1756, 'galway', 'Galway', 105, '0.0000', 0, '2018-06-22 17:01:57', '2018-06-22 17:01:57', NULL),
(1757, 'kerry', 'Kerry', 105, '0.0000', 0, '2018-06-22 17:01:57', '2018-06-22 17:01:57', NULL),
(1758, 'kildare', 'Kildare', 105, '0.0000', 0, '2018-06-22 17:01:57', '2018-06-22 17:01:57', NULL),
(1759, 'kilkenny', 'Kilkenny', 105, '0.0000', 0, '2018-06-22 17:01:57', '2018-06-22 17:01:57', NULL),
(1760, 'laois', 'Laois', 105, '0.0000', 0, '2018-06-22 17:01:57', '2018-06-22 17:01:57', NULL),
(1761, 'leinster', 'Leinster', 105, '0.0000', 0, '2018-06-22 17:01:57', '2018-06-22 17:01:57', NULL),
(1762, 'leitrim', 'Leitrim', 105, '0.0000', 0, '2018-06-22 17:01:57', '2018-06-22 17:01:57', NULL),
(1763, 'limerick', 'Limerick', 105, '0.0000', 0, '2018-06-22 17:01:57', '2018-06-22 17:01:57', NULL),
(1764, 'loch garman', 'Loch Garman', 105, '0.0000', 0, '2018-06-22 17:01:57', '2018-06-22 17:01:57', NULL),
(1765, 'longford', 'Longford', 105, '0.0000', 0, '2018-06-22 17:01:57', '2018-06-22 17:01:57', NULL),
(1766, 'louth', 'Louth', 105, '0.0000', 0, '2018-06-22 17:01:57', '2018-06-22 17:01:57', NULL),
(1767, 'mayo', 'Mayo', 105, '0.0000', 0, '2018-06-22 17:01:57', '2018-06-22 17:01:57', NULL),
(1768, 'meath', 'Meath', 105, '0.0000', 0, '2018-06-22 17:01:57', '2018-06-22 17:01:57', NULL),
(1769, 'monaghan', 'Monaghan', 105, '0.0000', 0, '2018-06-22 17:01:57', '2018-06-22 17:01:57', NULL),
(1770, 'offaly', 'Offaly', 105, '0.0000', 0, '2018-06-22 17:01:57', '2018-06-22 17:01:57', NULL),
(1771, 'roscommon', 'Roscommon', 105, '0.0000', 0, '2018-06-22 17:01:57', '2018-06-22 17:01:57', NULL),
(1772, 'sligo', 'Sligo', 105, '0.0000', 0, '2018-06-22 17:01:57', '2018-06-22 17:01:57', NULL),
(1773, 'tipperary north riding', 'Tipperary North Riding', 105, '0.0000', 0, '2018-06-22 17:01:57', '2018-06-22 17:01:57', NULL),
(1774, 'tipperary south riding', 'Tipperary South Riding', 105, '0.0000', 0, '2018-06-22 17:01:57', '2018-06-22 17:01:57', NULL),
(1775, 'ulster', 'Ulster', 105, '0.0000', 0, '2018-06-22 17:01:57', '2018-06-22 17:01:57', NULL),
(1776, 'waterford', 'Waterford', 105, '0.0000', 0, '2018-06-22 17:01:57', '2018-06-22 17:01:57', NULL),
(1777, 'westmeath', 'Westmeath', 105, '0.0000', 0, '2018-06-22 17:01:57', '2018-06-22 17:01:57', NULL),
(1778, 'wexford', 'Wexford', 105, '0.0000', 0, '2018-06-22 17:01:57', '2018-06-22 17:01:57', NULL),
(1779, 'wicklow', 'Wicklow', 105, '0.0000', 0, '2018-06-22 17:01:57', '2018-06-22 17:01:57', NULL),
(1780, 'beit hanania', 'Beit Hanania', 106, '0.0000', 0, '2018-06-22 17:01:57', '2018-06-22 17:01:57', NULL),
(1781, 'ben gurion airport', 'Ben Gurion Airport', 106, '0.0000', 0, '2018-06-22 17:01:57', '2018-06-22 17:01:57', NULL),
(1782, 'bethlehem', 'Bethlehem', 106, '0.0000', 0, '2018-06-22 17:01:57', '2018-06-22 17:01:57', NULL),
(1783, 'caesarea', 'Caesarea', 106, '0.0000', 0, '2018-06-22 17:01:57', '2018-06-22 17:01:57', NULL),
(1784, 'centre', 'Centre', 106, '0.0000', 0, '2018-06-22 17:01:57', '2018-06-22 17:01:57', NULL),
(1785, 'gaza', 'Gaza', 106, '0.0000', 0, '2018-06-22 17:01:57', '2018-06-22 17:01:57', NULL),
(1786, 'hadaron', 'Hadaron', 106, '0.0000', 0, '2018-06-22 17:01:57', '2018-06-22 17:01:57', NULL),
(1787, 'haifa district', 'Haifa District', 106, '0.0000', 0, '2018-06-22 17:01:57', '2018-06-22 17:01:57', NULL),
(1788, 'hamerkaz', 'Hamerkaz', 106, '0.0000', 0, '2018-06-22 17:01:57', '2018-06-22 17:01:57', NULL),
(1789, 'hazafon', 'Hazafon', 106, '0.0000', 0, '2018-06-22 17:01:57', '2018-06-22 17:01:57', NULL),
(1790, 'hebron', 'Hebron', 106, '0.0000', 0, '2018-06-22 17:01:57', '2018-06-22 17:01:57', NULL),
(1791, 'jaffa', 'Jaffa', 106, '0.0000', 0, '2018-06-22 17:01:57', '2018-06-22 17:01:57', NULL),
(1792, 'jerusalem', 'Jerusalem', 106, '0.0000', 0, '2018-06-22 17:01:57', '2018-06-22 17:01:57', NULL),
(1793, 'khefa', 'Khefa', 106, '0.0000', 0, '2018-06-22 17:01:57', '2018-06-22 17:01:57', NULL),
(1794, 'kiryat yam', 'Kiryat Yam', 106, '0.0000', 0, '2018-06-22 17:01:57', '2018-06-22 17:01:57', NULL),
(1795, 'lower galilee', 'Lower Galilee', 106, '0.0000', 0, '2018-06-22 17:01:57', '2018-06-22 17:01:57', NULL),
(1796, 'qalqilya', 'Qalqilya', 106, '0.0000', 0, '2018-06-22 17:01:57', '2018-06-22 17:01:57', NULL),
(1797, 'talme elazar', 'Talme Elazar', 106, '0.0000', 0, '2018-06-22 17:01:57', '2018-06-22 17:01:57', NULL),
(1798, 'tel aviv', 'Tel Aviv', 106, '0.0000', 0, '2018-06-22 17:01:57', '2018-06-22 17:01:57', NULL),
(1799, 'tsafon', 'Tsafon', 106, '0.0000', 0, '2018-06-22 17:01:57', '2018-06-22 17:01:57', NULL),
(1800, 'umm el fahem', 'Umm El Fahem', 106, '0.0000', 0, '2018-06-22 17:01:57', '2018-06-22 17:01:57', NULL),
(1801, 'yerushalayim', 'Yerushalayim', 106, '0.0000', 0, '2018-06-22 17:01:57', '2018-06-22 17:01:57', NULL),
(1802, 'abruzzi', 'Abruzzi', 107, '0.0000', 0, '2018-06-22 17:01:57', '2018-06-22 17:01:57', NULL),
(1803, 'abruzzo', 'Abruzzo', 107, '0.0000', 0, '2018-06-22 17:01:57', '2018-06-22 17:01:57', NULL),
(1804, 'agrigento', 'Agrigento', 107, '0.0000', 0, '2018-06-22 17:01:57', '2018-06-22 17:01:57', NULL),
(1805, 'alessandria', 'Alessandria', 107, '0.0000', 0, '2018-06-22 17:01:57', '2018-06-22 17:01:57', NULL),
(1806, 'ancona', 'Ancona', 107, '0.0000', 0, '2018-06-22 17:01:57', '2018-06-22 17:01:57', NULL),
(1807, 'arezzo', 'Arezzo', 107, '0.0000', 0, '2018-06-22 17:01:57', '2018-06-22 17:01:57', NULL),
(1808, 'ascoli piceno', 'Ascoli Piceno', 107, '0.0000', 0, '2018-06-22 17:01:57', '2018-06-22 17:01:57', NULL),
(1809, 'asti', 'Asti', 107, '0.0000', 0, '2018-06-22 17:01:57', '2018-06-22 17:01:57', NULL),
(1810, 'avellino', 'Avellino', 107, '0.0000', 0, '2018-06-22 17:01:57', '2018-06-22 17:01:57', NULL),
(1811, 'bari', 'Bari', 107, '0.0000', 0, '2018-06-22 17:01:57', '2018-06-22 17:01:57', NULL),
(1812, 'basilicata', 'Basilicata', 107, '0.0000', 0, '2018-06-22 17:01:57', '2018-06-22 17:01:57', NULL),
(1813, 'belluno', 'Belluno', 107, '0.0000', 0, '2018-06-22 17:01:57', '2018-06-22 17:01:57', NULL),
(1814, 'benevento', 'Benevento', 107, '0.0000', 0, '2018-06-22 17:01:57', '2018-06-22 17:01:57', NULL),
(1815, 'bergamo', 'Bergamo', 107, '0.0000', 0, '2018-06-22 17:01:57', '2018-06-22 17:01:57', NULL),
(1816, 'biella', 'Biella', 107, '0.0000', 0, '2018-06-22 17:01:57', '2018-06-22 17:01:57', NULL),
(1817, 'bologna', 'Bologna', 107, '0.0000', 0, '2018-06-22 17:01:57', '2018-06-22 17:01:57', NULL),
(1818, 'bolzano', 'Bolzano', 107, '0.0000', 0, '2018-06-22 17:01:57', '2018-06-22 17:01:57', NULL),
(1819, 'brescia', 'Brescia', 107, '0.0000', 0, '2018-06-22 17:01:57', '2018-06-22 17:01:57', NULL),
(1820, 'brindisi', 'Brindisi', 107, '0.0000', 0, '2018-06-22 17:01:57', '2018-06-22 17:01:57', NULL),
(1821, 'calabria', 'Calabria', 107, '0.0000', 0, '2018-06-22 17:01:57', '2018-06-22 17:01:57', NULL),
(1822, 'campania', 'Campania', 107, '0.0000', 0, '2018-06-22 17:01:57', '2018-06-22 17:01:57', NULL),
(1823, 'cartoceto', 'Cartoceto', 107, '0.0000', 0, '2018-06-22 17:01:57', '2018-06-22 17:01:57', NULL),
(1824, 'caserta', 'Caserta', 107, '0.0000', 0, '2018-06-22 17:01:57', '2018-06-22 17:01:57', NULL),
(1825, 'catania', 'Catania', 107, '0.0000', 0, '2018-06-22 17:01:57', '2018-06-22 17:01:57', NULL),
(1826, 'chieti', 'Chieti', 107, '0.0000', 0, '2018-06-22 17:01:57', '2018-06-22 17:01:57', NULL),
(1827, 'como', 'Como', 107, '0.0000', 0, '2018-06-22 17:01:57', '2018-06-22 17:01:57', NULL),
(1828, 'cosenza', 'Cosenza', 107, '0.0000', 0, '2018-06-22 17:01:57', '2018-06-22 17:01:57', NULL),
(1829, 'cremona', 'Cremona', 107, '0.0000', 0, '2018-06-22 17:01:57', '2018-06-22 17:01:57', NULL),
(1830, 'cuneo', 'Cuneo', 107, '0.0000', 0, '2018-06-22 17:01:57', '2018-06-22 17:01:57', NULL),
(1831, 'emilia-romagna', 'Emilia-Romagna', 107, '0.0000', 0, '2018-06-22 17:01:57', '2018-06-22 17:01:57', NULL),
(1832, 'ferrara', 'Ferrara', 107, '0.0000', 0, '2018-06-22 17:01:57', '2018-06-22 17:01:57', NULL),
(1833, 'firenze', 'Firenze', 107, '0.0000', 0, '2018-06-22 17:01:57', '2018-06-22 17:01:57', NULL),
(1834, 'florence', 'Florence', 107, '0.0000', 0, '2018-06-22 17:01:57', '2018-06-22 17:01:57', NULL),
(1835, 'forli-cesena', 'Forli-Cesena', 107, '0.0000', 0, '2018-06-22 17:01:57', '2018-06-22 17:01:57', NULL),
(1836, 'friuli-venezia giulia', 'Friuli-Venezia Giulia', 107, '0.0000', 0, '2018-06-22 17:01:57', '2018-06-22 17:01:57', NULL),
(1837, 'frosinone', 'Frosinone', 107, '0.0000', 0, '2018-06-22 17:01:57', '2018-06-22 17:01:57', NULL),
(1838, 'genoa', 'Genoa', 107, '0.0000', 0, '2018-06-22 17:01:57', '2018-06-22 17:01:57', NULL),
(1839, 'gorizia', 'Gorizia', 107, '0.0000', 0, '2018-06-22 17:01:57', '2018-06-22 17:01:57', NULL),
(1840, 'l''''aquila', 'L''''Aquila', 107, '0.0000', 0, '2018-06-22 17:01:57', '2018-06-22 17:01:57', NULL),
(1841, 'lazio', 'Lazio', 107, '0.0000', 0, '2018-06-22 17:01:57', '2018-06-22 17:01:57', NULL),
(1842, 'lecce', 'Lecce', 107, '0.0000', 0, '2018-06-22 17:01:57', '2018-06-22 17:01:57', NULL),
(1843, 'lecco', 'Lecco', 107, '0.0000', 0, '2018-06-22 17:01:57', '2018-06-22 17:01:57', NULL),
(1844, 'lecco province', 'Lecco Province', 107, '0.0000', 0, '2018-06-22 17:01:57', '2018-06-22 17:01:57', NULL),
(1845, 'liguria', 'Liguria', 107, '0.0000', 0, '2018-06-22 17:01:57', '2018-06-22 17:01:57', NULL),
(1846, 'lodi', 'Lodi', 107, '0.0000', 0, '2018-06-22 17:01:57', '2018-06-22 17:01:57', NULL),
(1847, 'lombardia', 'Lombardia', 107, '0.0000', 0, '2018-06-22 17:01:57', '2018-06-22 17:01:57', NULL),
(1848, 'lombardy', 'Lombardy', 107, '0.0000', 0, '2018-06-22 17:01:57', '2018-06-22 17:01:57', NULL),
(1849, 'macerata', 'Macerata', 107, '0.0000', 0, '2018-06-22 17:01:57', '2018-06-22 17:01:57', NULL),
(1850, 'mantova', 'Mantova', 107, '0.0000', 0, '2018-06-22 17:01:57', '2018-06-22 17:01:57', NULL),
(1851, 'marche', 'Marche', 107, '0.0000', 0, '2018-06-22 17:01:57', '2018-06-22 17:01:57', NULL),
(1852, 'messina', 'Messina', 107, '0.0000', 0, '2018-06-22 17:01:57', '2018-06-22 17:01:57', NULL),
(1853, 'milan', 'Milan', 107, '0.0000', 0, '2018-06-22 17:01:57', '2018-06-22 17:01:57', NULL),
(1854, 'modena', 'Modena', 107, '0.0000', 0, '2018-06-22 17:01:57', '2018-06-22 17:01:57', NULL),
(1855, 'molise', 'Molise', 107, '0.0000', 0, '2018-06-22 17:01:57', '2018-06-22 17:01:57', NULL),
(1856, 'molteno', 'Molteno', 107, '0.0000', 0, '2018-06-22 17:01:57', '2018-06-22 17:01:57', NULL),
(1857, 'montenegro', 'Montenegro', 107, '0.0000', 0, '2018-06-22 17:01:57', '2018-06-22 17:01:57', NULL),
(1858, 'monza and brianza', 'Monza and Brianza', 107, '0.0000', 0, '2018-06-22 17:01:57', '2018-06-22 17:01:57', NULL),
(1859, 'naples', 'Naples', 107, '0.0000', 0, '2018-06-22 17:01:57', '2018-06-22 17:01:57', NULL),
(1860, 'novara', 'Novara', 107, '0.0000', 0, '2018-06-22 17:01:57', '2018-06-22 17:01:57', NULL),
(1861, 'padova', 'Padova', 107, '0.0000', 0, '2018-06-22 17:01:57', '2018-06-22 17:01:57', NULL),
(1862, 'parma', 'Parma', 107, '0.0000', 0, '2018-06-22 17:01:57', '2018-06-22 17:01:57', NULL),
(1863, 'pavia', 'Pavia', 107, '0.0000', 0, '2018-06-22 17:01:57', '2018-06-22 17:01:57', NULL),
(1864, 'perugia', 'Perugia', 107, '0.0000', 0, '2018-06-22 17:01:57', '2018-06-22 17:01:57', NULL),
(1865, 'pesaro-urbino', 'Pesaro-Urbino', 107, '0.0000', 0, '2018-06-22 17:01:57', '2018-06-22 17:01:57', NULL),
(1866, 'piacenza', 'Piacenza', 107, '0.0000', 0, '2018-06-22 17:01:57', '2018-06-22 17:01:57', NULL),
(1867, 'piedmont', 'Piedmont', 107, '0.0000', 0, '2018-06-22 17:01:57', '2018-06-22 17:01:57', NULL),
(1868, 'piemonte', 'Piemonte', 107, '0.0000', 0, '2018-06-22 17:01:57', '2018-06-22 17:01:57', NULL),
(1869, 'pisa', 'Pisa', 107, '0.0000', 0, '2018-06-22 17:01:57', '2018-06-22 17:01:57', NULL),
(1870, 'pordenone', 'Pordenone', 107, '0.0000', 0, '2018-06-22 17:01:57', '2018-06-22 17:01:57', NULL),
(1871, 'potenza', 'Potenza', 107, '0.0000', 0, '2018-06-22 17:01:57', '2018-06-22 17:01:57', NULL),
(1872, 'puglia', 'Puglia', 107, '0.0000', 0, '2018-06-22 17:01:57', '2018-06-22 17:01:57', NULL),
(1873, 'reggio emilia', 'Reggio Emilia', 107, '0.0000', 0, '2018-06-22 17:01:57', '2018-06-22 17:01:57', NULL),
(1874, 'rimini', 'Rimini', 107, '0.0000', 0, '2018-06-22 17:01:57', '2018-06-22 17:01:57', NULL),
(1875, 'roma', 'Roma', 107, '0.0000', 0, '2018-06-22 17:01:57', '2018-06-22 17:01:57', NULL),
(1876, 'salerno', 'Salerno', 107, '0.0000', 0, '2018-06-22 17:01:57', '2018-06-22 17:01:57', NULL),
(1877, 'sardegna', 'Sardegna', 107, '0.0000', 0, '2018-06-22 17:01:57', '2018-06-22 17:01:57', NULL),
(1878, 'sassari', 'Sassari', 107, '0.0000', 0, '2018-06-22 17:01:57', '2018-06-22 17:01:57', NULL),
(1879, 'savona', 'Savona', 107, '0.0000', 0, '2018-06-22 17:01:57', '2018-06-22 17:01:57', NULL),
(1880, 'sicilia', 'Sicilia', 107, '0.0000', 0, '2018-06-22 17:01:57', '2018-06-22 17:01:57', NULL),
(1881, 'siena', 'Siena', 107, '0.0000', 0, '2018-06-22 17:01:57', '2018-06-22 17:01:57', NULL),
(1882, 'sondrio', 'Sondrio', 107, '0.0000', 0, '2018-06-22 17:01:57', '2018-06-22 17:01:57', NULL),
(1883, 'south tyrol', 'South Tyrol', 107, '0.0000', 0, '2018-06-22 17:01:57', '2018-06-22 17:01:57', NULL),
(1884, 'taranto', 'Taranto', 107, '0.0000', 0, '2018-06-22 17:01:57', '2018-06-22 17:01:57', NULL),
(1885, 'teramo', 'Teramo', 107, '0.0000', 0, '2018-06-22 17:01:57', '2018-06-22 17:01:57', NULL),
(1886, 'torino', 'Torino', 107, '0.0000', 0, '2018-06-22 17:01:57', '2018-06-22 17:01:57', NULL),
(1887, 'toscana', 'Toscana', 107, '0.0000', 0, '2018-06-22 17:01:57', '2018-06-22 17:01:57', NULL),
(1888, 'trapani', 'Trapani', 107, '0.0000', 0, '2018-06-22 17:01:57', '2018-06-22 17:01:57', NULL),
(1889, 'trentino-alto adige', 'Trentino-Alto Adige', 107, '0.0000', 0, '2018-06-22 17:01:57', '2018-06-22 17:01:57', NULL),
(1890, 'trento', 'Trento', 107, '0.0000', 0, '2018-06-22 17:01:57', '2018-06-22 17:01:57', NULL),
(1891, 'treviso', 'Treviso', 107, '0.0000', 0, '2018-06-22 17:01:57', '2018-06-22 17:01:57', NULL),
(1892, 'udine', 'Udine', 107, '0.0000', 0, '2018-06-22 17:01:57', '2018-06-22 17:01:57', NULL),
(1893, 'umbria', 'Umbria', 107, '0.0000', 0, '2018-06-22 17:01:57', '2018-06-22 17:01:57', NULL),
(1894, 'valle d''''aosta', 'Valle d''''Aosta', 107, '0.0000', 0, '2018-06-22 17:01:57', '2018-06-22 17:01:57', NULL),
(1895, 'varese', 'Varese', 107, '0.0000', 0, '2018-06-22 17:01:57', '2018-06-22 17:01:57', NULL),
(1896, 'veneto', 'Veneto', 107, '0.0000', 0, '2018-06-22 17:01:57', '2018-06-22 17:01:57', NULL),
(1897, 'venezia', 'Venezia', 107, '0.0000', 0, '2018-06-22 17:01:57', '2018-06-22 17:01:57', NULL),
(1898, 'verbano-cusio-ossola', 'Verbano-Cusio-Ossola', 107, '0.0000', 0, '2018-06-22 17:01:57', '2018-06-22 17:01:57', NULL),
(1899, 'vercelli', 'Vercelli', 107, '0.0000', 0, '2018-06-22 17:01:57', '2018-06-22 17:01:57', NULL),
(1900, 'verona', 'Verona', 107, '0.0000', 0, '2018-06-22 17:01:57', '2018-06-22 17:01:57', NULL),
(1901, 'vicenza', 'Vicenza', 107, '0.0000', 0, '2018-06-22 17:01:57', '2018-06-22 17:01:57', NULL),
(1902, 'viterbo', 'Viterbo', 107, '0.0000', 0, '2018-06-22 17:01:57', '2018-06-22 17:01:57', NULL),
(1903, 'buxoro viloyati', 'Buxoro Viloyati', 108, '0.0000', 0, '2018-06-22 17:01:57', '2018-06-22 17:01:57', NULL),
(1904, 'clarendon', 'Clarendon', 108, '0.0000', 0, '2018-06-22 17:01:57', '2018-06-22 17:01:57', NULL),
(1905, 'hanover', 'Hanover', 108, '0.0000', 0, '2018-06-22 17:01:57', '2018-06-22 17:01:57', NULL),
(1906, 'kingston', 'Kingston', 108, '0.0000', 0, '2018-06-22 17:01:57', '2018-06-22 17:01:57', NULL),
(1907, 'manchester', 'Manchester', 108, '0.0000', 0, '2018-06-22 17:01:57', '2018-06-22 17:01:57', NULL),
(1908, 'portland', 'Portland', 108, '0.0000', 0, '2018-06-22 17:01:57', '2018-06-22 17:01:57', NULL),
(1909, 'saint andrews', 'Saint Andrews', 108, '0.0000', 0, '2018-06-22 17:01:57', '2018-06-22 17:01:57', NULL),
(1910, 'saint ann', 'Saint Ann', 108, '0.0000', 0, '2018-06-22 17:01:57', '2018-06-22 17:01:57', NULL),
(1911, 'saint catherine', 'Saint Catherine', 108, '0.0000', 0, '2018-06-22 17:01:57', '2018-06-22 17:01:57', NULL),
(1912, 'saint elizabeth', 'Saint Elizabeth', 108, '0.0000', 0, '2018-06-22 17:01:57', '2018-06-22 17:01:57', NULL),
(1913, 'saint james', 'Saint James', 108, '0.0000', 0, '2018-06-22 17:01:57', '2018-06-22 17:01:57', NULL),
(1914, 'saint mary', 'Saint Mary', 108, '0.0000', 0, '2018-06-22 17:01:57', '2018-06-22 17:01:57', NULL),
(1915, 'saint thomas', 'Saint Thomas', 108, '0.0000', 0, '2018-06-22 17:01:57', '2018-06-22 17:01:57', NULL),
(1916, 'trelawney', 'Trelawney', 108, '0.0000', 0, '2018-06-22 17:01:57', '2018-06-22 17:01:57', NULL),
(1917, 'westmoreland', 'Westmoreland', 108, '0.0000', 0, '2018-06-22 17:01:57', '2018-06-22 17:01:57', NULL),
(1918, 'aichi', 'Aichi', 109, '0.0000', 0, '2018-06-22 17:01:57', '2018-06-22 17:01:57', NULL),
(1919, 'akita', 'Akita', 109, '0.0000', 0, '2018-06-22 17:01:57', '2018-06-22 17:01:57', NULL),
(1920, 'aomori', 'Aomori', 109, '0.0000', 0, '2018-06-22 17:01:57', '2018-06-22 17:01:57', NULL),
(1921, 'chiba', 'Chiba', 109, '0.0000', 0, '2018-06-22 17:01:57', '2018-06-22 17:01:57', NULL),
(1922, 'ehime', 'Ehime', 109, '0.0000', 0, '2018-06-22 17:01:57', '2018-06-22 17:01:57', NULL),
(1923, 'fukui', 'Fukui', 109, '0.0000', 0, '2018-06-22 17:01:57', '2018-06-22 17:01:57', NULL),
(1924, 'fukuoka', 'Fukuoka', 109, '0.0000', 0, '2018-06-22 17:01:57', '2018-06-22 17:01:57', NULL),
(1925, 'fukushima', 'Fukushima', 109, '0.0000', 0, '2018-06-22 17:01:57', '2018-06-22 17:01:57', NULL),
(1926, 'gifu', 'Gifu', 109, '0.0000', 0, '2018-06-22 17:01:57', '2018-06-22 17:01:57', NULL),
(1927, 'gumma', 'Gumma', 109, '0.0000', 0, '2018-06-22 17:01:57', '2018-06-22 17:01:57', NULL),
(1928, 'hiroshima', 'Hiroshima', 109, '0.0000', 0, '2018-06-22 17:01:57', '2018-06-22 17:01:57', NULL),
(1929, 'hokkaido', 'Hokkaido', 109, '0.0000', 0, '2018-06-22 17:01:57', '2018-06-22 17:01:57', NULL),
(1930, 'hyogo', 'Hyogo', 109, '0.0000', 0, '2018-06-22 17:01:57', '2018-06-22 17:01:57', NULL),
(1931, 'ibaraki', 'Ibaraki', 109, '0.0000', 0, '2018-06-22 17:01:57', '2018-06-22 17:01:57', NULL),
(1932, 'ishikawa', 'Ishikawa', 109, '0.0000', 0, '2018-06-22 17:01:57', '2018-06-22 17:01:57', NULL),
(1933, 'iwate', 'Iwate', 109, '0.0000', 0, '2018-06-22 17:01:57', '2018-06-22 17:01:57', NULL),
(1934, 'kagawa', 'Kagawa', 109, '0.0000', 0, '2018-06-22 17:01:57', '2018-06-22 17:01:57', NULL),
(1935, 'kagoshima', 'Kagoshima', 109, '0.0000', 0, '2018-06-22 17:01:57', '2018-06-22 17:01:57', NULL),
(1936, 'kanagawa', 'Kanagawa', 109, '0.0000', 0, '2018-06-22 17:01:57', '2018-06-22 17:01:57', NULL),
(1937, 'kanto', 'Kanto', 109, '0.0000', 0, '2018-06-22 17:01:57', '2018-06-22 17:01:57', NULL),
(1938, 'kochi', 'Kochi', 109, '0.0000', 0, '2018-06-22 17:01:57', '2018-06-22 17:01:57', NULL),
(1939, 'kumamoto', 'Kumamoto', 109, '0.0000', 0, '2018-06-22 17:01:57', '2018-06-22 17:01:57', NULL),
(1940, 'kyoto', 'Kyoto', 109, '0.0000', 0, '2018-06-22 17:01:57', '2018-06-22 17:01:57', NULL),
(1941, 'mie', 'Mie', 109, '0.0000', 0, '2018-06-22 17:01:57', '2018-06-22 17:01:57', NULL),
(1942, 'miyagi', 'Miyagi', 109, '0.0000', 0, '2018-06-22 17:01:57', '2018-06-22 17:01:57', NULL),
(1943, 'miyazaki', 'Miyazaki', 109, '0.0000', 0, '2018-06-22 17:01:57', '2018-06-22 17:01:57', NULL),
(1944, 'nagano', 'Nagano', 109, '0.0000', 0, '2018-06-22 17:01:57', '2018-06-22 17:01:57', NULL),
(1945, 'nagasaki', 'Nagasaki', 109, '0.0000', 0, '2018-06-22 17:01:57', '2018-06-22 17:01:57', NULL),
(1946, 'nara', 'Nara', 109, '0.0000', 0, '2018-06-22 17:01:57', '2018-06-22 17:01:57', NULL),
(1947, 'niigata', 'Niigata', 109, '0.0000', 0, '2018-06-22 17:01:57', '2018-06-22 17:01:57', NULL),
(1948, 'oita', 'Oita', 109, '0.0000', 0, '2018-06-22 17:01:57', '2018-06-22 17:01:57', NULL),
(1949, 'okayama', 'Okayama', 109, '0.0000', 0, '2018-06-22 17:01:57', '2018-06-22 17:01:57', NULL),
(1950, 'okinawa', 'Okinawa', 109, '0.0000', 0, '2018-06-22 17:01:57', '2018-06-22 17:01:57', NULL),
(1951, 'osaka', 'Osaka', 109, '0.0000', 0, '2018-06-22 17:01:57', '2018-06-22 17:01:57', NULL),
(1952, 'saga', 'Saga', 109, '0.0000', 0, '2018-06-22 17:01:57', '2018-06-22 17:01:57', NULL),
(1953, 'saitama', 'Saitama', 109, '0.0000', 0, '2018-06-22 17:01:57', '2018-06-22 17:01:57', NULL),
(1954, 'shiga', 'Shiga', 109, '0.0000', 0, '2018-06-22 17:01:57', '2018-06-22 17:01:57', NULL),
(1955, 'shimane', 'Shimane', 109, '0.0000', 0, '2018-06-22 17:01:57', '2018-06-22 17:01:57', NULL),
(1956, 'shizuoka', 'Shizuoka', 109, '0.0000', 0, '2018-06-22 17:01:57', '2018-06-22 17:01:57', NULL),
(1957, 'tochigi', 'Tochigi', 109, '0.0000', 0, '2018-06-22 17:01:57', '2018-06-22 17:01:57', NULL),
(1958, 'tokushima', 'Tokushima', 109, '0.0000', 0, '2018-06-22 17:01:57', '2018-06-22 17:01:57', NULL),
(1959, 'tokyo', 'Tokyo', 109, '0.0000', 0, '2018-06-22 17:01:57', '2018-06-22 17:01:57', NULL),
(1960, 'tottori', 'Tottori', 109, '0.0000', 0, '2018-06-22 17:01:57', '2018-06-22 17:01:57', NULL),
(1961, 'toyama', 'Toyama', 109, '0.0000', 0, '2018-06-22 17:01:57', '2018-06-22 17:01:57', NULL),
(1962, 'wakayama', 'Wakayama', 109, '0.0000', 0, '2018-06-22 17:01:57', '2018-06-22 17:01:57', NULL),
(1963, 'yamagata', 'Yamagata', 109, '0.0000', 0, '2018-06-22 17:01:57', '2018-06-22 17:01:57', NULL),
(1964, 'yamaguchi', 'Yamaguchi', 109, '0.0000', 0, '2018-06-22 17:01:57', '2018-06-22 17:01:57', NULL),
(1965, 'yamanashi', 'Yamanashi', 109, '0.0000', 0, '2018-06-22 17:01:57', '2018-06-22 17:01:57', NULL),
(1966, 'grouville', 'Grouville', 110, '0.0000', 0, '2018-06-22 17:01:57', '2018-06-22 17:01:57', NULL),
(1967, 'saint brelade', 'Saint Brelade', 110, '0.0000', 0, '2018-06-22 17:01:57', '2018-06-22 17:01:57', NULL),
(1968, 'saint clement', 'Saint Clement', 110, '0.0000', 0, '2018-06-22 17:01:57', '2018-06-22 17:01:57', NULL),
(1969, 'saint helier', 'Saint Helier', 110, '0.0000', 0, '2018-06-22 17:01:57', '2018-06-22 17:01:57', NULL),
(1970, 'saint john', 'Saint John', 110, '0.0000', 0, '2018-06-22 17:01:57', '2018-06-22 17:01:57', NULL),
(1971, 'saint lawrence', 'Saint Lawrence', 110, '0.0000', 0, '2018-06-22 17:01:57', '2018-06-22 17:01:57', NULL),
(1972, 'saint martin', 'Saint Martin', 110, '0.0000', 0, '2018-06-22 17:01:57', '2018-06-22 17:01:57', NULL),
(1973, 'saint mary', 'Saint Mary', 110, '0.0000', 0, '2018-06-22 17:01:57', '2018-06-22 17:01:57', NULL);
INSERT INTO `states` (`id`, `code`, `name`, `country_id`, `tax`, `is_default`, `created_at`, `updated_at`, `deleted_at`) VALUES
(1974, 'saint peter', 'Saint Peter', 110, '0.0000', 0, '2018-06-22 17:01:57', '2018-06-22 17:01:57', NULL),
(1975, 'saint saviour', 'Saint Saviour', 110, '0.0000', 0, '2018-06-22 17:01:57', '2018-06-22 17:01:57', NULL),
(1976, 'trinity', 'Trinity', 110, '0.0000', 0, '2018-06-22 17:01:57', '2018-06-22 17:01:57', NULL),
(1977, 'ajlun', 'Ajlun', 111, '0.0000', 0, '2018-06-22 17:01:57', '2018-06-22 17:01:57', NULL),
(1978, 'amman', 'Amman', 111, '0.0000', 0, '2018-06-22 17:01:57', '2018-06-22 17:01:57', NULL),
(1979, 'irbid', 'Irbid', 111, '0.0000', 0, '2018-06-22 17:01:57', '2018-06-22 17:01:57', NULL),
(1980, 'jarash', 'Jarash', 111, '0.0000', 0, '2018-06-22 17:01:57', '2018-06-22 17:01:57', NULL),
(1981, 'ma''''an', 'Ma''''an', 111, '0.0000', 0, '2018-06-22 17:01:57', '2018-06-22 17:01:57', NULL),
(1982, 'madaba', 'Madaba', 111, '0.0000', 0, '2018-06-22 17:01:57', '2018-06-22 17:01:57', NULL),
(1983, 'al-''''aqabah', 'al-''''Aqabah', 111, '0.0000', 0, '2018-06-22 17:01:57', '2018-06-22 17:01:57', NULL),
(1984, 'al-balqa', 'al-Balqa', 111, '0.0000', 0, '2018-06-22 17:01:57', '2018-06-22 17:01:57', NULL),
(1985, 'al-karak', 'al-Karak', 111, '0.0000', 0, '2018-06-22 17:01:57', '2018-06-22 17:01:57', NULL),
(1986, 'al-mafraq', 'al-Mafraq', 111, '0.0000', 0, '2018-06-22 17:01:57', '2018-06-22 17:01:57', NULL),
(1987, 'at-tafilah', 'at-Tafilah', 111, '0.0000', 0, '2018-06-22 17:01:57', '2018-06-22 17:01:57', NULL),
(1988, 'az-zarqa', 'az-Zarqa', 111, '0.0000', 0, '2018-06-22 17:01:57', '2018-06-22 17:01:57', NULL),
(1989, 'akmecet', 'Akmecet', 112, '0.0000', 0, '2018-06-22 17:01:57', '2018-06-22 17:01:57', NULL),
(1990, 'akmola', 'Akmola', 112, '0.0000', 0, '2018-06-22 17:01:57', '2018-06-22 17:01:57', NULL),
(1991, 'aktobe', 'Aktobe', 112, '0.0000', 0, '2018-06-22 17:01:57', '2018-06-22 17:01:57', NULL),
(1992, 'almati', 'Almati', 112, '0.0000', 0, '2018-06-22 17:01:57', '2018-06-22 17:01:57', NULL),
(1993, 'atirau', 'Atirau', 112, '0.0000', 0, '2018-06-22 17:01:57', '2018-06-22 17:01:57', NULL),
(1994, 'batis kazakstan', 'Batis Kazakstan', 112, '0.0000', 0, '2018-06-22 17:01:57', '2018-06-22 17:01:57', NULL),
(1995, 'burlinsky region', 'Burlinsky Region', 112, '0.0000', 0, '2018-06-22 17:01:57', '2018-06-22 17:01:57', NULL),
(1996, 'karagandi', 'Karagandi', 112, '0.0000', 0, '2018-06-22 17:01:57', '2018-06-22 17:01:57', NULL),
(1997, 'kostanay', 'Kostanay', 112, '0.0000', 0, '2018-06-22 17:01:57', '2018-06-22 17:01:57', NULL),
(1998, 'mankistau', 'Mankistau', 112, '0.0000', 0, '2018-06-22 17:01:57', '2018-06-22 17:01:57', NULL),
(1999, 'ontustik kazakstan', 'Ontustik Kazakstan', 112, '0.0000', 0, '2018-06-22 17:01:57', '2018-06-22 17:01:57', NULL),
(2000, 'pavlodar', 'Pavlodar', 112, '0.0000', 0, '2018-06-22 17:01:57', '2018-06-22 17:01:57', NULL),
(2001, 'sigis kazakstan', 'Sigis Kazakstan', 112, '0.0000', 0, '2018-06-22 17:01:57', '2018-06-22 17:01:57', NULL),
(2002, 'soltustik kazakstan', 'Soltustik Kazakstan', 112, '0.0000', 0, '2018-06-22 17:01:57', '2018-06-22 17:01:57', NULL),
(2003, 'taraz', 'Taraz', 112, '0.0000', 0, '2018-06-22 17:01:57', '2018-06-22 17:01:57', NULL),
(2004, 'central', 'Central', 113, '0.0000', 0, '2018-06-22 17:01:57', '2018-06-22 17:01:57', NULL),
(2005, 'coast', 'Coast', 113, '0.0000', 0, '2018-06-22 17:01:57', '2018-06-22 17:01:57', NULL),
(2006, 'eastern', 'Eastern', 113, '0.0000', 0, '2018-06-22 17:01:57', '2018-06-22 17:01:57', NULL),
(2007, 'nairobi', 'Nairobi', 113, '0.0000', 0, '2018-06-22 17:01:57', '2018-06-22 17:01:57', NULL),
(2008, 'north eastern', 'North Eastern', 113, '0.0000', 0, '2018-06-22 17:01:57', '2018-06-22 17:01:57', NULL),
(2009, 'nyanza', 'Nyanza', 113, '0.0000', 0, '2018-06-22 17:01:57', '2018-06-22 17:01:57', NULL),
(2010, 'rift valley', 'Rift Valley', 113, '0.0000', 0, '2018-06-22 17:01:57', '2018-06-22 17:01:57', NULL),
(2011, 'western', 'Western', 113, '0.0000', 0, '2018-06-22 17:01:57', '2018-06-22 17:01:57', NULL),
(2012, 'abaiang', 'Abaiang', 114, '0.0000', 0, '2018-06-22 17:01:57', '2018-06-22 17:01:57', NULL),
(2013, 'abemana', 'Abemana', 114, '0.0000', 0, '2018-06-22 17:01:57', '2018-06-22 17:01:57', NULL),
(2014, 'aranuka', 'Aranuka', 114, '0.0000', 0, '2018-06-22 17:01:57', '2018-06-22 17:01:57', NULL),
(2015, 'arorae', 'Arorae', 114, '0.0000', 0, '2018-06-22 17:01:57', '2018-06-22 17:01:57', NULL),
(2016, 'banaba', 'Banaba', 114, '0.0000', 0, '2018-06-22 17:01:57', '2018-06-22 17:01:57', NULL),
(2017, 'beru', 'Beru', 114, '0.0000', 0, '2018-06-22 17:01:57', '2018-06-22 17:01:57', NULL),
(2018, 'butaritari', 'Butaritari', 114, '0.0000', 0, '2018-06-22 17:01:57', '2018-06-22 17:01:57', NULL),
(2019, 'kiritimati', 'Kiritimati', 114, '0.0000', 0, '2018-06-22 17:01:57', '2018-06-22 17:01:57', NULL),
(2020, 'kuria', 'Kuria', 114, '0.0000', 0, '2018-06-22 17:01:57', '2018-06-22 17:01:57', NULL),
(2021, 'maiana', 'Maiana', 114, '0.0000', 0, '2018-06-22 17:01:57', '2018-06-22 17:01:57', NULL),
(2022, 'makin', 'Makin', 114, '0.0000', 0, '2018-06-22 17:01:57', '2018-06-22 17:01:57', NULL),
(2023, 'marakei', 'Marakei', 114, '0.0000', 0, '2018-06-22 17:01:57', '2018-06-22 17:01:57', NULL),
(2024, 'nikunau', 'Nikunau', 114, '0.0000', 0, '2018-06-22 17:01:57', '2018-06-22 17:01:57', NULL),
(2025, 'nonouti', 'Nonouti', 114, '0.0000', 0, '2018-06-22 17:01:57', '2018-06-22 17:01:57', NULL),
(2026, 'onotoa', 'Onotoa', 114, '0.0000', 0, '2018-06-22 17:01:57', '2018-06-22 17:01:57', NULL),
(2027, 'phoenix islands', 'Phoenix Islands', 114, '0.0000', 0, '2018-06-22 17:01:57', '2018-06-22 17:01:57', NULL),
(2028, 'tabiteuea north', 'Tabiteuea North', 114, '0.0000', 0, '2018-06-22 17:01:57', '2018-06-22 17:01:57', NULL),
(2029, 'tabiteuea south', 'Tabiteuea South', 114, '0.0000', 0, '2018-06-22 17:01:57', '2018-06-22 17:01:57', NULL),
(2030, 'tabuaeran', 'Tabuaeran', 114, '0.0000', 0, '2018-06-22 17:01:57', '2018-06-22 17:01:57', NULL),
(2031, 'tamana', 'Tamana', 114, '0.0000', 0, '2018-06-22 17:01:57', '2018-06-22 17:01:57', NULL),
(2032, 'tarawa north', 'Tarawa North', 114, '0.0000', 0, '2018-06-22 17:01:57', '2018-06-22 17:01:57', NULL),
(2033, 'tarawa south', 'Tarawa South', 114, '0.0000', 0, '2018-06-22 17:01:57', '2018-06-22 17:01:57', NULL),
(2034, 'teraina', 'Teraina', 114, '0.0000', 0, '2018-06-22 17:01:57', '2018-06-22 17:01:57', NULL),
(2035, 'chagangdo', 'Chagangdo', 115, '0.0000', 0, '2018-06-22 17:01:57', '2018-06-22 17:01:57', NULL),
(2036, 'hamgyeongbukto', 'Hamgyeongbukto', 115, '0.0000', 0, '2018-06-22 17:01:57', '2018-06-22 17:01:57', NULL),
(2037, 'hamgyeongnamdo', 'Hamgyeongnamdo', 115, '0.0000', 0, '2018-06-22 17:01:57', '2018-06-22 17:01:57', NULL),
(2038, 'hwanghaebukto', 'Hwanghaebukto', 115, '0.0000', 0, '2018-06-22 17:01:57', '2018-06-22 17:01:57', NULL),
(2039, 'hwanghaenamdo', 'Hwanghaenamdo', 115, '0.0000', 0, '2018-06-22 17:01:57', '2018-06-22 17:01:57', NULL),
(2040, 'kaeseong', 'Kaeseong', 115, '0.0000', 0, '2018-06-22 17:01:57', '2018-06-22 17:01:57', NULL),
(2041, 'kangweon', 'Kangweon', 115, '0.0000', 0, '2018-06-22 17:01:57', '2018-06-22 17:01:57', NULL),
(2042, 'nampo', 'Nampo', 115, '0.0000', 0, '2018-06-22 17:01:57', '2018-06-22 17:01:57', NULL),
(2043, 'pyeonganbukto', 'Pyeonganbukto', 115, '0.0000', 0, '2018-06-22 17:01:57', '2018-06-22 17:01:57', NULL),
(2044, 'pyeongannamdo', 'Pyeongannamdo', 115, '0.0000', 0, '2018-06-22 17:01:57', '2018-06-22 17:01:57', NULL),
(2045, 'pyeongyang', 'Pyeongyang', 115, '0.0000', 0, '2018-06-22 17:01:57', '2018-06-22 17:01:57', NULL),
(2046, 'yanggang', 'Yanggang', 115, '0.0000', 0, '2018-06-22 17:01:57', '2018-06-22 17:01:57', NULL),
(2047, 'busan', 'Busan', 116, '0.0000', 0, '2018-06-22 17:01:57', '2018-06-22 17:01:57', NULL),
(2048, 'cheju', 'Cheju', 116, '0.0000', 0, '2018-06-22 17:01:57', '2018-06-22 17:01:57', NULL),
(2049, 'chollabuk', 'Chollabuk', 116, '0.0000', 0, '2018-06-22 17:01:57', '2018-06-22 17:01:57', NULL),
(2050, 'chollanam', 'Chollanam', 116, '0.0000', 0, '2018-06-22 17:01:57', '2018-06-22 17:01:57', NULL),
(2051, 'chungbuk', 'Chungbuk', 116, '0.0000', 0, '2018-06-22 17:01:57', '2018-06-22 17:01:57', NULL),
(2052, 'chungcheongbuk', 'Chungcheongbuk', 116, '0.0000', 0, '2018-06-22 17:01:57', '2018-06-22 17:01:57', NULL),
(2053, 'chungcheongnam', 'Chungcheongnam', 116, '0.0000', 0, '2018-06-22 17:01:57', '2018-06-22 17:01:57', NULL),
(2054, 'chungnam', 'Chungnam', 116, '0.0000', 0, '2018-06-22 17:01:57', '2018-06-22 17:01:57', NULL),
(2055, 'daegu', 'Daegu', 116, '0.0000', 0, '2018-06-22 17:01:57', '2018-06-22 17:01:57', NULL),
(2056, 'gangwon-do', 'Gangwon-do', 116, '0.0000', 0, '2018-06-22 17:01:57', '2018-06-22 17:01:57', NULL),
(2057, 'goyang-si', 'Goyang-si', 116, '0.0000', 0, '2018-06-22 17:01:57', '2018-06-22 17:01:57', NULL),
(2058, 'gyeonggi-do', 'Gyeonggi-do', 116, '0.0000', 0, '2018-06-22 17:01:57', '2018-06-22 17:01:57', NULL),
(2059, 'gyeongsang', 'Gyeongsang', 116, '0.0000', 0, '2018-06-22 17:01:57', '2018-06-22 17:01:57', NULL),
(2060, 'gyeongsangnam-do', 'Gyeongsangnam-do', 116, '0.0000', 0, '2018-06-22 17:01:57', '2018-06-22 17:01:57', NULL),
(2061, 'incheon', 'Incheon', 116, '0.0000', 0, '2018-06-22 17:01:57', '2018-06-22 17:01:57', NULL),
(2062, 'jeju-si', 'Jeju-Si', 116, '0.0000', 0, '2018-06-22 17:01:57', '2018-06-22 17:01:57', NULL),
(2063, 'jeonbuk', 'Jeonbuk', 116, '0.0000', 0, '2018-06-22 17:01:57', '2018-06-22 17:01:57', NULL),
(2064, 'kangweon', 'Kangweon', 116, '0.0000', 0, '2018-06-22 17:01:57', '2018-06-22 17:01:57', NULL),
(2065, 'kwangju', 'Kwangju', 116, '0.0000', 0, '2018-06-22 17:01:57', '2018-06-22 17:01:57', NULL),
(2066, 'kyeonggi', 'Kyeonggi', 116, '0.0000', 0, '2018-06-22 17:01:57', '2018-06-22 17:01:57', NULL),
(2067, 'kyeongsangbuk', 'Kyeongsangbuk', 116, '0.0000', 0, '2018-06-22 17:01:57', '2018-06-22 17:01:57', NULL),
(2068, 'kyeongsangnam', 'Kyeongsangnam', 116, '0.0000', 0, '2018-06-22 17:01:57', '2018-06-22 17:01:57', NULL),
(2069, 'kyonggi-do', 'Kyonggi-do', 116, '0.0000', 0, '2018-06-22 17:01:57', '2018-06-22 17:01:57', NULL),
(2070, 'kyungbuk-do', 'Kyungbuk-Do', 116, '0.0000', 0, '2018-06-22 17:01:57', '2018-06-22 17:01:57', NULL),
(2071, 'kyunggi-do', 'Kyunggi-Do', 116, '0.0000', 0, '2018-06-22 17:01:57', '2018-06-22 17:01:57', NULL),
(2072, 'kyunggi-do', 'Kyunggi-do', 116, '0.0000', 0, '2018-06-22 17:01:57', '2018-06-22 17:01:57', NULL),
(2073, 'pusan', 'Pusan', 116, '0.0000', 0, '2018-06-22 17:01:57', '2018-06-22 17:01:57', NULL),
(2074, 'seoul', 'Seoul', 116, '0.0000', 0, '2018-06-22 17:01:57', '2018-06-22 17:01:57', NULL),
(2075, 'sudogwon', 'Sudogwon', 116, '0.0000', 0, '2018-06-22 17:01:57', '2018-06-22 17:01:57', NULL),
(2076, 'taegu', 'Taegu', 116, '0.0000', 0, '2018-06-22 17:01:57', '2018-06-22 17:01:57', NULL),
(2077, 'taejeon', 'Taejeon', 116, '0.0000', 0, '2018-06-22 17:01:57', '2018-06-22 17:01:57', NULL),
(2078, 'taejon-gwangyoksi', 'Taejon-gwangyoksi', 116, '0.0000', 0, '2018-06-22 17:01:57', '2018-06-22 17:01:57', NULL),
(2079, 'ulsan', 'Ulsan', 116, '0.0000', 0, '2018-06-22 17:01:57', '2018-06-22 17:01:57', NULL),
(2080, 'wonju', 'Wonju', 116, '0.0000', 0, '2018-06-22 17:01:57', '2018-06-22 17:01:57', NULL),
(2081, 'gwangyoksi', 'gwangyoksi', 116, '0.0000', 0, '2018-06-22 17:01:57', '2018-06-22 17:01:57', NULL),
(2082, 'al asimah', 'Al Asimah', 117, '0.0000', 0, '2018-06-22 17:01:57', '2018-06-22 17:01:57', NULL),
(2083, 'hawalli', 'Hawalli', 117, '0.0000', 0, '2018-06-22 17:01:57', '2018-06-22 17:01:57', NULL),
(2084, 'mishref', 'Mishref', 117, '0.0000', 0, '2018-06-22 17:01:57', '2018-06-22 17:01:57', NULL),
(2085, 'qadesiya', 'Qadesiya', 117, '0.0000', 0, '2018-06-22 17:01:57', '2018-06-22 17:01:57', NULL),
(2086, 'safat', 'Safat', 117, '0.0000', 0, '2018-06-22 17:01:57', '2018-06-22 17:01:57', NULL),
(2087, 'salmiya', 'Salmiya', 117, '0.0000', 0, '2018-06-22 17:01:57', '2018-06-22 17:01:57', NULL),
(2088, 'al-ahmadi', 'al-Ahmadi', 117, '0.0000', 0, '2018-06-22 17:01:57', '2018-06-22 17:01:57', NULL),
(2089, 'al-farwaniyah', 'al-Farwaniyah', 117, '0.0000', 0, '2018-06-22 17:01:57', '2018-06-22 17:01:57', NULL),
(2090, 'al-jahra', 'al-Jahra', 117, '0.0000', 0, '2018-06-22 17:01:57', '2018-06-22 17:01:57', NULL),
(2091, 'al-kuwayt', 'al-Kuwayt', 117, '0.0000', 0, '2018-06-22 17:01:57', '2018-06-22 17:01:57', NULL),
(2092, 'batken', 'Batken', 118, '0.0000', 0, '2018-06-22 17:01:57', '2018-06-22 17:01:57', NULL),
(2093, 'bishkek', 'Bishkek', 118, '0.0000', 0, '2018-06-22 17:01:57', '2018-06-22 17:01:57', NULL),
(2094, 'chui', 'Chui', 118, '0.0000', 0, '2018-06-22 17:01:57', '2018-06-22 17:01:57', NULL),
(2095, 'issyk-kul', 'Issyk-Kul', 118, '0.0000', 0, '2018-06-22 17:01:57', '2018-06-22 17:01:57', NULL),
(2096, 'jalal-abad', 'Jalal-Abad', 118, '0.0000', 0, '2018-06-22 17:01:57', '2018-06-22 17:01:57', NULL),
(2097, 'naryn', 'Naryn', 118, '0.0000', 0, '2018-06-22 17:01:57', '2018-06-22 17:01:57', NULL),
(2098, 'osh', 'Osh', 118, '0.0000', 0, '2018-06-22 17:01:57', '2018-06-22 17:01:57', NULL),
(2099, 'talas', 'Talas', 118, '0.0000', 0, '2018-06-22 17:01:57', '2018-06-22 17:01:57', NULL),
(2100, 'attopu', 'Attopu', 119, '0.0000', 0, '2018-06-22 17:01:57', '2018-06-22 17:01:57', NULL),
(2101, 'bokeo', 'Bokeo', 119, '0.0000', 0, '2018-06-22 17:01:57', '2018-06-22 17:01:57', NULL),
(2102, 'bolikhamsay', 'Bolikhamsay', 119, '0.0000', 0, '2018-06-22 17:01:57', '2018-06-22 17:01:57', NULL),
(2103, 'champasak', 'Champasak', 119, '0.0000', 0, '2018-06-22 17:01:57', '2018-06-22 17:01:57', NULL),
(2104, 'houaphanh', 'Houaphanh', 119, '0.0000', 0, '2018-06-22 17:01:57', '2018-06-22 17:01:57', NULL),
(2105, 'khammouane', 'Khammouane', 119, '0.0000', 0, '2018-06-22 17:01:57', '2018-06-22 17:01:57', NULL),
(2106, 'luang nam tha', 'Luang Nam Tha', 119, '0.0000', 0, '2018-06-22 17:01:57', '2018-06-22 17:01:57', NULL),
(2107, 'luang prabang', 'Luang Prabang', 119, '0.0000', 0, '2018-06-22 17:01:57', '2018-06-22 17:01:57', NULL),
(2108, 'oudomxay', 'Oudomxay', 119, '0.0000', 0, '2018-06-22 17:01:57', '2018-06-22 17:01:57', NULL),
(2109, 'phongsaly', 'Phongsaly', 119, '0.0000', 0, '2018-06-22 17:01:57', '2018-06-22 17:01:57', NULL),
(2110, 'saravan', 'Saravan', 119, '0.0000', 0, '2018-06-22 17:01:57', '2018-06-22 17:01:57', NULL),
(2111, 'savannakhet', 'Savannakhet', 119, '0.0000', 0, '2018-06-22 17:01:57', '2018-06-22 17:01:57', NULL),
(2112, 'sekong', 'Sekong', 119, '0.0000', 0, '2018-06-22 17:01:57', '2018-06-22 17:01:57', NULL),
(2113, 'viangchan prefecture', 'Viangchan Prefecture', 119, '0.0000', 0, '2018-06-22 17:01:57', '2018-06-22 17:01:57', NULL),
(2114, 'viangchan province', 'Viangchan Province', 119, '0.0000', 0, '2018-06-22 17:01:57', '2018-06-22 17:01:57', NULL),
(2115, 'xaignabury', 'Xaignabury', 119, '0.0000', 0, '2018-06-22 17:01:57', '2018-06-22 17:01:57', NULL),
(2116, 'xiang khuang', 'Xiang Khuang', 119, '0.0000', 0, '2018-06-22 17:01:57', '2018-06-22 17:01:57', NULL),
(2117, 'aizkraukles', 'Aizkraukles', 120, '0.0000', 0, '2018-06-22 17:01:57', '2018-06-22 17:01:57', NULL),
(2118, 'aluksnes', 'Aluksnes', 120, '0.0000', 0, '2018-06-22 17:01:57', '2018-06-22 17:01:57', NULL),
(2119, 'balvu', 'Balvu', 120, '0.0000', 0, '2018-06-22 17:01:57', '2018-06-22 17:01:57', NULL),
(2120, 'bauskas', 'Bauskas', 120, '0.0000', 0, '2018-06-22 17:01:57', '2018-06-22 17:01:57', NULL),
(2121, 'cesu', 'Cesu', 120, '0.0000', 0, '2018-06-22 17:01:57', '2018-06-22 17:01:57', NULL),
(2122, 'daugavpils', 'Daugavpils', 120, '0.0000', 0, '2018-06-22 17:01:57', '2018-06-22 17:01:57', NULL),
(2123, 'daugavpils city', 'Daugavpils City', 120, '0.0000', 0, '2018-06-22 17:01:57', '2018-06-22 17:01:57', NULL),
(2124, 'dobeles', 'Dobeles', 120, '0.0000', 0, '2018-06-22 17:01:57', '2018-06-22 17:01:57', NULL),
(2125, 'gulbenes', 'Gulbenes', 120, '0.0000', 0, '2018-06-22 17:01:57', '2018-06-22 17:01:57', NULL),
(2126, 'jekabspils', 'Jekabspils', 120, '0.0000', 0, '2018-06-22 17:01:57', '2018-06-22 17:01:57', NULL),
(2127, 'jelgava', 'Jelgava', 120, '0.0000', 0, '2018-06-22 17:01:57', '2018-06-22 17:01:57', NULL),
(2128, 'jelgavas', 'Jelgavas', 120, '0.0000', 0, '2018-06-22 17:01:57', '2018-06-22 17:01:57', NULL),
(2129, 'jurmala city', 'Jurmala City', 120, '0.0000', 0, '2018-06-22 17:01:57', '2018-06-22 17:01:57', NULL),
(2130, 'kraslavas', 'Kraslavas', 120, '0.0000', 0, '2018-06-22 17:01:57', '2018-06-22 17:01:57', NULL),
(2131, 'kuldigas', 'Kuldigas', 120, '0.0000', 0, '2018-06-22 17:01:57', '2018-06-22 17:01:57', NULL),
(2132, 'liepaja', 'Liepaja', 120, '0.0000', 0, '2018-06-22 17:01:57', '2018-06-22 17:01:57', NULL),
(2133, 'liepajas', 'Liepajas', 120, '0.0000', 0, '2018-06-22 17:01:57', '2018-06-22 17:01:57', NULL),
(2134, 'limbazhu', 'Limbazhu', 120, '0.0000', 0, '2018-06-22 17:01:57', '2018-06-22 17:01:57', NULL),
(2135, 'ludzas', 'Ludzas', 120, '0.0000', 0, '2018-06-22 17:01:57', '2018-06-22 17:01:57', NULL),
(2136, 'madonas', 'Madonas', 120, '0.0000', 0, '2018-06-22 17:01:57', '2018-06-22 17:01:57', NULL),
(2137, 'ogres', 'Ogres', 120, '0.0000', 0, '2018-06-22 17:01:57', '2018-06-22 17:01:57', NULL),
(2138, 'preilu', 'Preilu', 120, '0.0000', 0, '2018-06-22 17:01:57', '2018-06-22 17:01:57', NULL),
(2139, 'rezekne', 'Rezekne', 120, '0.0000', 0, '2018-06-22 17:01:57', '2018-06-22 17:01:57', NULL),
(2140, 'rezeknes', 'Rezeknes', 120, '0.0000', 0, '2018-06-22 17:01:57', '2018-06-22 17:01:57', NULL),
(2141, 'riga', 'Riga', 120, '0.0000', 0, '2018-06-22 17:01:57', '2018-06-22 17:01:57', NULL),
(2142, 'rigas', 'Rigas', 120, '0.0000', 0, '2018-06-22 17:01:57', '2018-06-22 17:01:57', NULL),
(2143, 'saldus', 'Saldus', 120, '0.0000', 0, '2018-06-22 17:01:57', '2018-06-22 17:01:57', NULL),
(2144, 'talsu', 'Talsu', 120, '0.0000', 0, '2018-06-22 17:01:57', '2018-06-22 17:01:57', NULL),
(2145, 'tukuma', 'Tukuma', 120, '0.0000', 0, '2018-06-22 17:01:57', '2018-06-22 17:01:57', NULL),
(2146, 'valkas', 'Valkas', 120, '0.0000', 0, '2018-06-22 17:01:57', '2018-06-22 17:01:57', NULL),
(2147, 'valmieras', 'Valmieras', 120, '0.0000', 0, '2018-06-22 17:01:57', '2018-06-22 17:01:57', NULL),
(2148, 'ventspils', 'Ventspils', 120, '0.0000', 0, '2018-06-22 17:01:57', '2018-06-22 17:01:57', NULL),
(2149, 'ventspils city', 'Ventspils City', 120, '0.0000', 0, '2018-06-22 17:01:57', '2018-06-22 17:01:57', NULL),
(2150, 'beirut', 'Beirut', 121, '0.0000', 0, '2018-06-22 17:01:57', '2018-06-22 17:01:57', NULL),
(2151, 'jabal lubnan', 'Jabal Lubnan', 121, '0.0000', 0, '2018-06-22 17:01:57', '2018-06-22 17:01:57', NULL),
(2152, 'mohafazat liban-nord', 'Mohafazat Liban-Nord', 121, '0.0000', 0, '2018-06-22 17:01:57', '2018-06-22 17:01:57', NULL),
(2153, 'mohafazat mont-liban', 'Mohafazat Mont-Liban', 121, '0.0000', 0, '2018-06-22 17:01:57', '2018-06-22 17:01:57', NULL),
(2154, 'sidon', 'Sidon', 121, '0.0000', 0, '2018-06-22 17:01:57', '2018-06-22 17:01:57', NULL),
(2155, 'al-biqa', 'al-Biqa', 121, '0.0000', 0, '2018-06-22 17:01:57', '2018-06-22 17:01:57', NULL),
(2156, 'al-janub', 'al-Janub', 121, '0.0000', 0, '2018-06-22 17:01:57', '2018-06-22 17:01:57', NULL),
(2157, 'an-nabatiyah', 'an-Nabatiyah', 121, '0.0000', 0, '2018-06-22 17:01:57', '2018-06-22 17:01:57', NULL),
(2158, 'ash-shamal', 'ash-Shamal', 121, '0.0000', 0, '2018-06-22 17:01:57', '2018-06-22 17:01:57', NULL),
(2159, 'berea', 'Berea', 122, '0.0000', 0, '2018-06-22 17:01:57', '2018-06-22 17:01:57', NULL),
(2160, 'butha-buthe', 'Butha-Buthe', 122, '0.0000', 0, '2018-06-22 17:01:57', '2018-06-22 17:01:57', NULL),
(2161, 'leribe', 'Leribe', 122, '0.0000', 0, '2018-06-22 17:01:57', '2018-06-22 17:01:57', NULL),
(2162, 'mafeteng', 'Mafeteng', 122, '0.0000', 0, '2018-06-22 17:01:57', '2018-06-22 17:01:57', NULL),
(2163, 'maseru', 'Maseru', 122, '0.0000', 0, '2018-06-22 17:01:57', '2018-06-22 17:01:57', NULL),
(2164, 'mohale''''s hoek', 'Mohale''''s Hoek', 122, '0.0000', 0, '2018-06-22 17:01:57', '2018-06-22 17:01:57', NULL),
(2165, 'mokhotlong', 'Mokhotlong', 122, '0.0000', 0, '2018-06-22 17:01:57', '2018-06-22 17:01:57', NULL),
(2166, 'qacha''''s nek', 'Qacha''''s Nek', 122, '0.0000', 0, '2018-06-22 17:01:57', '2018-06-22 17:01:57', NULL),
(2167, 'quthing', 'Quthing', 122, '0.0000', 0, '2018-06-22 17:01:57', '2018-06-22 17:01:57', NULL),
(2168, 'thaba-tseka', 'Thaba-Tseka', 122, '0.0000', 0, '2018-06-22 17:01:57', '2018-06-22 17:01:57', NULL),
(2169, 'bomi', 'Bomi', 123, '0.0000', 0, '2018-06-22 17:01:57', '2018-06-22 17:01:57', NULL),
(2170, 'bong', 'Bong', 123, '0.0000', 0, '2018-06-22 17:01:57', '2018-06-22 17:01:57', NULL),
(2171, 'grand bassa', 'Grand Bassa', 123, '0.0000', 0, '2018-06-22 17:01:57', '2018-06-22 17:01:57', NULL),
(2172, 'grand cape mount', 'Grand Cape Mount', 123, '0.0000', 0, '2018-06-22 17:01:57', '2018-06-22 17:01:57', NULL),
(2173, 'grand gedeh', 'Grand Gedeh', 123, '0.0000', 0, '2018-06-22 17:01:57', '2018-06-22 17:01:57', NULL),
(2174, 'loffa', 'Loffa', 123, '0.0000', 0, '2018-06-22 17:01:57', '2018-06-22 17:01:57', NULL),
(2175, 'margibi', 'Margibi', 123, '0.0000', 0, '2018-06-22 17:01:57', '2018-06-22 17:01:57', NULL),
(2176, 'maryland and grand kru', 'Maryland and Grand Kru', 123, '0.0000', 0, '2018-06-22 17:01:57', '2018-06-22 17:01:57', NULL),
(2177, 'montserrado', 'Montserrado', 123, '0.0000', 0, '2018-06-22 17:01:57', '2018-06-22 17:01:57', NULL),
(2178, 'nimba', 'Nimba', 123, '0.0000', 0, '2018-06-22 17:01:57', '2018-06-22 17:01:57', NULL),
(2179, 'rivercess', 'Rivercess', 123, '0.0000', 0, '2018-06-22 17:01:57', '2018-06-22 17:01:57', NULL),
(2180, 'sinoe', 'Sinoe', 123, '0.0000', 0, '2018-06-22 17:01:57', '2018-06-22 17:01:57', NULL),
(2181, 'ajdabiya', 'Ajdabiya', 124, '0.0000', 0, '2018-06-22 17:01:57', '2018-06-22 17:01:57', NULL),
(2182, 'fezzan', 'Fezzan', 124, '0.0000', 0, '2018-06-22 17:01:57', '2018-06-22 17:01:57', NULL),
(2183, 'banghazi', 'Banghazi', 124, '0.0000', 0, '2018-06-22 17:01:57', '2018-06-22 17:01:57', NULL),
(2184, 'darnah', 'Darnah', 124, '0.0000', 0, '2018-06-22 17:01:57', '2018-06-22 17:01:57', NULL),
(2185, 'ghadamis', 'Ghadamis', 124, '0.0000', 0, '2018-06-22 17:01:57', '2018-06-22 17:01:57', NULL),
(2186, 'gharyan', 'Gharyan', 124, '0.0000', 0, '2018-06-22 17:01:57', '2018-06-22 17:01:57', NULL),
(2187, 'misratah', 'Misratah', 124, '0.0000', 0, '2018-06-22 17:01:57', '2018-06-22 17:01:57', NULL),
(2188, 'murzuq', 'Murzuq', 124, '0.0000', 0, '2018-06-22 17:01:57', '2018-06-22 17:01:57', NULL),
(2189, 'sabha', 'Sabha', 124, '0.0000', 0, '2018-06-22 17:01:57', '2018-06-22 17:01:57', NULL),
(2190, 'sawfajjin', 'Sawfajjin', 124, '0.0000', 0, '2018-06-22 17:01:57', '2018-06-22 17:01:57', NULL),
(2191, 'surt', 'Surt', 124, '0.0000', 0, '2018-06-22 17:01:57', '2018-06-22 17:01:57', NULL),
(2192, 'tarabulus', 'Tarabulus', 124, '0.0000', 0, '2018-06-22 17:01:57', '2018-06-22 17:01:57', NULL),
(2193, 'tarhunah', 'Tarhunah', 124, '0.0000', 0, '2018-06-22 17:01:57', '2018-06-22 17:01:57', NULL),
(2194, 'tripolitania', 'Tripolitania', 124, '0.0000', 0, '2018-06-22 17:01:57', '2018-06-22 17:01:57', NULL),
(2195, 'tubruq', 'Tubruq', 124, '0.0000', 0, '2018-06-22 17:01:57', '2018-06-22 17:01:57', NULL),
(2196, 'yafran', 'Yafran', 124, '0.0000', 0, '2018-06-22 17:01:57', '2018-06-22 17:01:57', NULL),
(2197, 'zlitan', 'Zlitan', 124, '0.0000', 0, '2018-06-22 17:01:57', '2018-06-22 17:01:57', NULL),
(2198, 'al-''''aziziyah', 'al-''''Aziziyah', 124, '0.0000', 0, '2018-06-22 17:01:57', '2018-06-22 17:01:57', NULL),
(2199, 'al-fatih', 'al-Fatih', 124, '0.0000', 0, '2018-06-22 17:01:57', '2018-06-22 17:01:57', NULL),
(2200, 'al-jabal al akhdar', 'al-Jabal al Akhdar', 124, '0.0000', 0, '2018-06-22 17:01:57', '2018-06-22 17:01:57', NULL),
(2201, 'al-jufrah', 'al-Jufrah', 124, '0.0000', 0, '2018-06-22 17:01:57', '2018-06-22 17:01:57', NULL),
(2202, 'al-khums', 'al-Khums', 124, '0.0000', 0, '2018-06-22 17:01:57', '2018-06-22 17:01:57', NULL),
(2203, 'al-kufrah', 'al-Kufrah', 124, '0.0000', 0, '2018-06-22 17:01:57', '2018-06-22 17:01:57', NULL),
(2204, 'an-nuqat al-khams', 'an-Nuqat al-Khams', 124, '0.0000', 0, '2018-06-22 17:01:57', '2018-06-22 17:01:57', NULL),
(2205, 'ash-shati', 'ash-Shati', 124, '0.0000', 0, '2018-06-22 17:01:57', '2018-06-22 17:01:57', NULL),
(2206, 'az-zawiyah', 'az-Zawiyah', 124, '0.0000', 0, '2018-06-22 17:01:57', '2018-06-22 17:01:57', NULL),
(2207, 'balzers', 'Balzers', 125, '0.0000', 0, '2018-06-22 17:01:57', '2018-06-22 17:01:57', NULL),
(2208, 'eschen', 'Eschen', 125, '0.0000', 0, '2018-06-22 17:01:57', '2018-06-22 17:01:57', NULL),
(2209, 'gamprin', 'Gamprin', 125, '0.0000', 0, '2018-06-22 17:01:57', '2018-06-22 17:01:57', NULL),
(2210, 'mauren', 'Mauren', 125, '0.0000', 0, '2018-06-22 17:01:57', '2018-06-22 17:01:57', NULL),
(2211, 'planken', 'Planken', 125, '0.0000', 0, '2018-06-22 17:01:57', '2018-06-22 17:01:57', NULL),
(2212, 'ruggell', 'Ruggell', 125, '0.0000', 0, '2018-06-22 17:01:57', '2018-06-22 17:01:57', NULL),
(2213, 'schaan', 'Schaan', 125, '0.0000', 0, '2018-06-22 17:01:57', '2018-06-22 17:01:57', NULL),
(2214, 'schellenberg', 'Schellenberg', 125, '0.0000', 0, '2018-06-22 17:01:57', '2018-06-22 17:01:57', NULL),
(2215, 'triesen', 'Triesen', 125, '0.0000', 0, '2018-06-22 17:01:57', '2018-06-22 17:01:57', NULL),
(2216, 'triesenberg', 'Triesenberg', 125, '0.0000', 0, '2018-06-22 17:01:57', '2018-06-22 17:01:57', NULL),
(2217, 'vaduz', 'Vaduz', 125, '0.0000', 0, '2018-06-22 17:01:57', '2018-06-22 17:01:57', NULL),
(2218, 'alytaus', 'Alytaus', 126, '0.0000', 0, '2018-06-22 17:01:57', '2018-06-22 17:01:57', NULL),
(2219, 'anyksciai', 'Anyksciai', 126, '0.0000', 0, '2018-06-22 17:01:57', '2018-06-22 17:01:57', NULL),
(2220, 'kauno', 'Kauno', 126, '0.0000', 0, '2018-06-22 17:01:57', '2018-06-22 17:01:57', NULL),
(2221, 'klaipedos', 'Klaipedos', 126, '0.0000', 0, '2018-06-22 17:01:57', '2018-06-22 17:01:57', NULL),
(2222, 'marijampoles', 'Marijampoles', 126, '0.0000', 0, '2018-06-22 17:01:57', '2018-06-22 17:01:57', NULL),
(2223, 'panevezhio', 'Panevezhio', 126, '0.0000', 0, '2018-06-22 17:01:57', '2018-06-22 17:01:57', NULL),
(2224, 'panevezys', 'Panevezys', 126, '0.0000', 0, '2018-06-22 17:01:57', '2018-06-22 17:01:57', NULL),
(2225, 'shiauliu', 'Shiauliu', 126, '0.0000', 0, '2018-06-22 17:01:57', '2018-06-22 17:01:57', NULL),
(2226, 'taurages', 'Taurages', 126, '0.0000', 0, '2018-06-22 17:01:57', '2018-06-22 17:01:57', NULL),
(2227, 'telshiu', 'Telshiu', 126, '0.0000', 0, '2018-06-22 17:01:57', '2018-06-22 17:01:57', NULL),
(2228, 'telsiai', 'Telsiai', 126, '0.0000', 0, '2018-06-22 17:01:57', '2018-06-22 17:01:57', NULL),
(2229, 'utenos', 'Utenos', 126, '0.0000', 0, '2018-06-22 17:01:57', '2018-06-22 17:01:57', NULL),
(2230, 'vilniaus', 'Vilniaus', 126, '0.0000', 0, '2018-06-22 17:01:57', '2018-06-22 17:01:57', NULL),
(2231, 'capellen', 'Capellen', 127, '0.0000', 0, '2018-06-22 17:01:57', '2018-06-22 17:01:57', NULL),
(2232, 'clervaux', 'Clervaux', 127, '0.0000', 0, '2018-06-22 17:01:57', '2018-06-22 17:01:57', NULL),
(2233, 'diekirch', 'Diekirch', 127, '0.0000', 0, '2018-06-22 17:01:57', '2018-06-22 17:01:57', NULL),
(2234, 'echternach', 'Echternach', 127, '0.0000', 0, '2018-06-22 17:01:57', '2018-06-22 17:01:57', NULL),
(2235, 'esch-sur-alzette', 'Esch-sur-Alzette', 127, '0.0000', 0, '2018-06-22 17:01:57', '2018-06-22 17:01:57', NULL),
(2236, 'grevenmacher', 'Grevenmacher', 127, '0.0000', 0, '2018-06-22 17:01:57', '2018-06-22 17:01:57', NULL),
(2237, 'luxembourg', 'Luxembourg', 127, '0.0000', 0, '2018-06-22 17:01:57', '2018-06-22 17:01:57', NULL),
(2238, 'mersch', 'Mersch', 127, '0.0000', 0, '2018-06-22 17:01:57', '2018-06-22 17:01:57', NULL),
(2239, 'redange', 'Redange', 127, '0.0000', 0, '2018-06-22 17:01:57', '2018-06-22 17:01:57', NULL),
(2240, 'remich', 'Remich', 127, '0.0000', 0, '2018-06-22 17:01:57', '2018-06-22 17:01:57', NULL),
(2241, 'vianden', 'Vianden', 127, '0.0000', 0, '2018-06-22 17:01:57', '2018-06-22 17:01:57', NULL),
(2242, 'wiltz', 'Wiltz', 127, '0.0000', 0, '2018-06-22 17:01:57', '2018-06-22 17:01:57', NULL),
(2243, 'macau', 'Macau', 128, '0.0000', 0, '2018-06-22 17:01:57', '2018-06-22 17:01:57', NULL),
(2244, 'berovo', 'Berovo', 129, '0.0000', 0, '2018-06-22 17:01:57', '2018-06-22 17:01:57', NULL),
(2245, 'bitola', 'Bitola', 129, '0.0000', 0, '2018-06-22 17:01:57', '2018-06-22 17:01:57', NULL),
(2246, 'brod', 'Brod', 129, '0.0000', 0, '2018-06-22 17:01:57', '2018-06-22 17:01:57', NULL),
(2247, 'debar', 'Debar', 129, '0.0000', 0, '2018-06-22 17:01:57', '2018-06-22 17:01:57', NULL),
(2248, 'delchevo', 'Delchevo', 129, '0.0000', 0, '2018-06-22 17:01:57', '2018-06-22 17:01:57', NULL),
(2249, 'demir hisar', 'Demir Hisar', 129, '0.0000', 0, '2018-06-22 17:01:57', '2018-06-22 17:01:57', NULL),
(2250, 'gevgelija', 'Gevgelija', 129, '0.0000', 0, '2018-06-22 17:01:57', '2018-06-22 17:01:57', NULL),
(2251, 'gostivar', 'Gostivar', 129, '0.0000', 0, '2018-06-22 17:01:57', '2018-06-22 17:01:57', NULL),
(2252, 'kavadarci', 'Kavadarci', 129, '0.0000', 0, '2018-06-22 17:01:57', '2018-06-22 17:01:57', NULL),
(2253, 'kichevo', 'Kichevo', 129, '0.0000', 0, '2018-06-22 17:01:57', '2018-06-22 17:01:57', NULL),
(2254, 'kochani', 'Kochani', 129, '0.0000', 0, '2018-06-22 17:01:57', '2018-06-22 17:01:57', NULL),
(2255, 'kratovo', 'Kratovo', 129, '0.0000', 0, '2018-06-22 17:01:57', '2018-06-22 17:01:57', NULL),
(2256, 'kriva palanka', 'Kriva Palanka', 129, '0.0000', 0, '2018-06-22 17:01:57', '2018-06-22 17:01:57', NULL),
(2257, 'krushevo', 'Krushevo', 129, '0.0000', 0, '2018-06-22 17:01:57', '2018-06-22 17:01:57', NULL),
(2258, 'kumanovo', 'Kumanovo', 129, '0.0000', 0, '2018-06-22 17:01:57', '2018-06-22 17:01:57', NULL),
(2259, 'negotino', 'Negotino', 129, '0.0000', 0, '2018-06-22 17:01:57', '2018-06-22 17:01:57', NULL),
(2260, 'ohrid', 'Ohrid', 129, '0.0000', 0, '2018-06-22 17:01:57', '2018-06-22 17:01:57', NULL),
(2261, 'prilep', 'Prilep', 129, '0.0000', 0, '2018-06-22 17:01:57', '2018-06-22 17:01:57', NULL),
(2262, 'probishtip', 'Probishtip', 129, '0.0000', 0, '2018-06-22 17:01:57', '2018-06-22 17:01:57', NULL),
(2263, 'radovish', 'Radovish', 129, '0.0000', 0, '2018-06-22 17:01:57', '2018-06-22 17:01:57', NULL),
(2264, 'resen', 'Resen', 129, '0.0000', 0, '2018-06-22 17:01:57', '2018-06-22 17:01:57', NULL),
(2265, 'shtip', 'Shtip', 129, '0.0000', 0, '2018-06-22 17:01:57', '2018-06-22 17:01:57', NULL),
(2266, 'skopje', 'Skopje', 129, '0.0000', 0, '2018-06-22 17:01:57', '2018-06-22 17:01:57', NULL),
(2267, 'struga', 'Struga', 129, '0.0000', 0, '2018-06-22 17:01:57', '2018-06-22 17:01:57', NULL),
(2268, 'strumica', 'Strumica', 129, '0.0000', 0, '2018-06-22 17:01:57', '2018-06-22 17:01:57', NULL),
(2269, 'sveti nikole', 'Sveti Nikole', 129, '0.0000', 0, '2018-06-22 17:01:57', '2018-06-22 17:01:57', NULL),
(2270, 'tetovo', 'Tetovo', 129, '0.0000', 0, '2018-06-22 17:01:57', '2018-06-22 17:01:57', NULL),
(2271, 'valandovo', 'Valandovo', 129, '0.0000', 0, '2018-06-22 17:01:57', '2018-06-22 17:01:57', NULL),
(2272, 'veles', 'Veles', 129, '0.0000', 0, '2018-06-22 17:01:57', '2018-06-22 17:01:57', NULL),
(2273, 'vinica', 'Vinica', 129, '0.0000', 0, '2018-06-22 17:01:57', '2018-06-22 17:01:57', NULL),
(2274, 'antananarivo', 'Antananarivo', 130, '0.0000', 0, '2018-06-22 17:01:57', '2018-06-22 17:01:57', NULL),
(2275, 'antsiranana', 'Antsiranana', 130, '0.0000', 0, '2018-06-22 17:01:57', '2018-06-22 17:01:57', NULL),
(2276, 'fianarantsoa', 'Fianarantsoa', 130, '0.0000', 0, '2018-06-22 17:01:57', '2018-06-22 17:01:57', NULL),
(2277, 'mahajanga', 'Mahajanga', 130, '0.0000', 0, '2018-06-22 17:01:57', '2018-06-22 17:01:57', NULL),
(2278, 'toamasina', 'Toamasina', 130, '0.0000', 0, '2018-06-22 17:01:57', '2018-06-22 17:01:57', NULL),
(2279, 'toliary', 'Toliary', 130, '0.0000', 0, '2018-06-22 17:01:57', '2018-06-22 17:01:57', NULL),
(2280, 'balaka', 'Balaka', 131, '0.0000', 0, '2018-06-22 17:01:57', '2018-06-22 17:01:57', NULL),
(2281, 'blantyre city', 'Blantyre City', 131, '0.0000', 0, '2018-06-22 17:01:57', '2018-06-22 17:01:57', NULL),
(2282, 'chikwawa', 'Chikwawa', 131, '0.0000', 0, '2018-06-22 17:01:57', '2018-06-22 17:01:57', NULL),
(2283, 'chiradzulu', 'Chiradzulu', 131, '0.0000', 0, '2018-06-22 17:01:57', '2018-06-22 17:01:57', NULL),
(2284, 'chitipa', 'Chitipa', 131, '0.0000', 0, '2018-06-22 17:01:57', '2018-06-22 17:01:57', NULL),
(2285, 'dedza', 'Dedza', 131, '0.0000', 0, '2018-06-22 17:01:57', '2018-06-22 17:01:57', NULL),
(2286, 'dowa', 'Dowa', 131, '0.0000', 0, '2018-06-22 17:01:57', '2018-06-22 17:01:57', NULL),
(2287, 'karonga', 'Karonga', 131, '0.0000', 0, '2018-06-22 17:01:57', '2018-06-22 17:01:57', NULL),
(2288, 'kasungu', 'Kasungu', 131, '0.0000', 0, '2018-06-22 17:01:57', '2018-06-22 17:01:57', NULL),
(2289, 'lilongwe city', 'Lilongwe City', 131, '0.0000', 0, '2018-06-22 17:01:57', '2018-06-22 17:01:57', NULL),
(2290, 'machinga', 'Machinga', 131, '0.0000', 0, '2018-06-22 17:01:57', '2018-06-22 17:01:57', NULL),
(2291, 'mangochi', 'Mangochi', 131, '0.0000', 0, '2018-06-22 17:01:57', '2018-06-22 17:01:57', NULL),
(2292, 'mchinji', 'Mchinji', 131, '0.0000', 0, '2018-06-22 17:01:57', '2018-06-22 17:01:57', NULL),
(2293, 'mulanje', 'Mulanje', 131, '0.0000', 0, '2018-06-22 17:01:57', '2018-06-22 17:01:57', NULL),
(2294, 'mwanza', 'Mwanza', 131, '0.0000', 0, '2018-06-22 17:01:57', '2018-06-22 17:01:57', NULL),
(2295, 'mzimba', 'Mzimba', 131, '0.0000', 0, '2018-06-22 17:01:57', '2018-06-22 17:01:57', NULL),
(2296, 'mzuzu city', 'Mzuzu City', 131, '0.0000', 0, '2018-06-22 17:01:57', '2018-06-22 17:01:57', NULL),
(2297, 'nkhata bay', 'Nkhata Bay', 131, '0.0000', 0, '2018-06-22 17:01:57', '2018-06-22 17:01:57', NULL),
(2298, 'nkhotakota', 'Nkhotakota', 131, '0.0000', 0, '2018-06-22 17:01:57', '2018-06-22 17:01:57', NULL),
(2299, 'nsanje', 'Nsanje', 131, '0.0000', 0, '2018-06-22 17:01:57', '2018-06-22 17:01:57', NULL),
(2300, 'ntcheu', 'Ntcheu', 131, '0.0000', 0, '2018-06-22 17:01:57', '2018-06-22 17:01:57', NULL),
(2301, 'ntchisi', 'Ntchisi', 131, '0.0000', 0, '2018-06-22 17:01:57', '2018-06-22 17:01:57', NULL),
(2302, 'phalombe', 'Phalombe', 131, '0.0000', 0, '2018-06-22 17:01:57', '2018-06-22 17:01:57', NULL),
(2303, 'rumphi', 'Rumphi', 131, '0.0000', 0, '2018-06-22 17:01:57', '2018-06-22 17:01:57', NULL),
(2304, 'salima', 'Salima', 131, '0.0000', 0, '2018-06-22 17:01:57', '2018-06-22 17:01:57', NULL),
(2305, 'thyolo', 'Thyolo', 131, '0.0000', 0, '2018-06-22 17:01:57', '2018-06-22 17:01:57', NULL),
(2306, 'zomba municipality', 'Zomba Municipality', 131, '0.0000', 0, '2018-06-22 17:01:57', '2018-06-22 17:01:57', NULL),
(2307, 'johor', 'Johor', 132, '0.0000', 0, '2018-06-22 17:01:57', '2018-06-22 17:01:57', NULL),
(2308, 'kedah', 'Kedah', 132, '0.0000', 0, '2018-06-22 17:01:57', '2018-06-22 17:01:57', NULL),
(2309, 'kelantan', 'Kelantan', 132, '0.0000', 0, '2018-06-22 17:01:57', '2018-06-22 17:01:57', NULL),
(2310, 'kuala lumpur', 'Kuala Lumpur', 132, '0.0000', 0, '2018-06-22 17:01:57', '2018-06-22 17:01:57', NULL),
(2311, 'labuan', 'Labuan', 132, '0.0000', 0, '2018-06-22 17:01:57', '2018-06-22 17:01:57', NULL),
(2312, 'melaka', 'Melaka', 132, '0.0000', 0, '2018-06-22 17:01:57', '2018-06-22 17:01:57', NULL),
(2313, 'negeri johor', 'Negeri Johor', 132, '0.0000', 0, '2018-06-22 17:01:57', '2018-06-22 17:01:57', NULL),
(2314, 'negeri sembilan', 'Negeri Sembilan', 132, '0.0000', 0, '2018-06-22 17:01:57', '2018-06-22 17:01:57', NULL),
(2315, 'pahang', 'Pahang', 132, '0.0000', 0, '2018-06-22 17:01:57', '2018-06-22 17:01:57', NULL),
(2316, 'penang', 'Penang', 132, '0.0000', 0, '2018-06-22 17:01:57', '2018-06-22 17:01:57', NULL),
(2317, 'perak', 'Perak', 132, '0.0000', 0, '2018-06-22 17:01:57', '2018-06-22 17:01:57', NULL),
(2318, 'perlis', 'Perlis', 132, '0.0000', 0, '2018-06-22 17:01:57', '2018-06-22 17:01:57', NULL),
(2319, 'pulau pinang', 'Pulau Pinang', 132, '0.0000', 0, '2018-06-22 17:01:57', '2018-06-22 17:01:57', NULL),
(2320, 'sabah', 'Sabah', 132, '0.0000', 0, '2018-06-22 17:01:57', '2018-06-22 17:01:57', NULL),
(2321, 'sarawak', 'Sarawak', 132, '0.0000', 0, '2018-06-22 17:01:57', '2018-06-22 17:01:57', NULL),
(2322, 'selangor', 'Selangor', 132, '0.0000', 0, '2018-06-22 17:01:57', '2018-06-22 17:01:57', NULL),
(2323, 'sembilan', 'Sembilan', 132, '0.0000', 0, '2018-06-22 17:01:57', '2018-06-22 17:01:57', NULL),
(2324, 'terengganu', 'Terengganu', 132, '0.0000', 0, '2018-06-22 17:01:57', '2018-06-22 17:01:57', NULL),
(2325, 'alif alif', 'Alif Alif', 133, '0.0000', 0, '2018-06-22 17:01:57', '2018-06-22 17:01:57', NULL),
(2326, 'alif dhaal', 'Alif Dhaal', 133, '0.0000', 0, '2018-06-22 17:01:57', '2018-06-22 17:01:57', NULL),
(2327, 'baa', 'Baa', 133, '0.0000', 0, '2018-06-22 17:01:57', '2018-06-22 17:01:57', NULL),
(2328, 'dhaal', 'Dhaal', 133, '0.0000', 0, '2018-06-22 17:01:57', '2018-06-22 17:01:57', NULL),
(2329, 'faaf', 'Faaf', 133, '0.0000', 0, '2018-06-22 17:01:57', '2018-06-22 17:01:57', NULL),
(2330, 'gaaf alif', 'Gaaf Alif', 133, '0.0000', 0, '2018-06-22 17:01:57', '2018-06-22 17:01:57', NULL),
(2331, 'gaaf dhaal', 'Gaaf Dhaal', 133, '0.0000', 0, '2018-06-22 17:01:57', '2018-06-22 17:01:57', NULL),
(2332, 'ghaviyani', 'Ghaviyani', 133, '0.0000', 0, '2018-06-22 17:01:57', '2018-06-22 17:01:57', NULL),
(2333, 'haa alif', 'Haa Alif', 133, '0.0000', 0, '2018-06-22 17:01:57', '2018-06-22 17:01:57', NULL),
(2334, 'haa dhaal', 'Haa Dhaal', 133, '0.0000', 0, '2018-06-22 17:01:57', '2018-06-22 17:01:57', NULL),
(2335, 'kaaf', 'Kaaf', 133, '0.0000', 0, '2018-06-22 17:01:57', '2018-06-22 17:01:57', NULL),
(2336, 'laam', 'Laam', 133, '0.0000', 0, '2018-06-22 17:01:57', '2018-06-22 17:01:57', NULL),
(2337, 'lhaviyani', 'Lhaviyani', 133, '0.0000', 0, '2018-06-22 17:01:57', '2018-06-22 17:01:57', NULL),
(2338, 'male', 'Male', 133, '0.0000', 0, '2018-06-22 17:01:57', '2018-06-22 17:01:57', NULL),
(2339, 'miim', 'Miim', 133, '0.0000', 0, '2018-06-22 17:01:57', '2018-06-22 17:01:57', NULL),
(2340, 'nuun', 'Nuun', 133, '0.0000', 0, '2018-06-22 17:01:57', '2018-06-22 17:01:57', NULL),
(2341, 'raa', 'Raa', 133, '0.0000', 0, '2018-06-22 17:01:57', '2018-06-22 17:01:57', NULL),
(2342, 'shaviyani', 'Shaviyani', 133, '0.0000', 0, '2018-06-22 17:01:57', '2018-06-22 17:01:57', NULL),
(2343, 'siin', 'Siin', 133, '0.0000', 0, '2018-06-22 17:01:57', '2018-06-22 17:01:57', NULL),
(2344, 'thaa', 'Thaa', 133, '0.0000', 0, '2018-06-22 17:01:57', '2018-06-22 17:01:57', NULL),
(2345, 'vaav', 'Vaav', 133, '0.0000', 0, '2018-06-22 17:01:57', '2018-06-22 17:01:57', NULL),
(2346, 'bamako', 'Bamako', 134, '0.0000', 0, '2018-06-22 17:01:57', '2018-06-22 17:01:57', NULL),
(2347, 'gao', 'Gao', 134, '0.0000', 0, '2018-06-22 17:01:57', '2018-06-22 17:01:57', NULL),
(2348, 'kayes', 'Kayes', 134, '0.0000', 0, '2018-06-22 17:01:57', '2018-06-22 17:01:57', NULL),
(2349, 'kidal', 'Kidal', 134, '0.0000', 0, '2018-06-22 17:01:57', '2018-06-22 17:01:57', NULL),
(2350, 'koulikoro', 'Koulikoro', 134, '0.0000', 0, '2018-06-22 17:01:57', '2018-06-22 17:01:57', NULL),
(2351, 'mopti', 'Mopti', 134, '0.0000', 0, '2018-06-22 17:01:57', '2018-06-22 17:01:57', NULL),
(2352, 'segou', 'Segou', 134, '0.0000', 0, '2018-06-22 17:01:57', '2018-06-22 17:01:57', NULL),
(2353, 'sikasso', 'Sikasso', 134, '0.0000', 0, '2018-06-22 17:01:57', '2018-06-22 17:01:57', NULL),
(2354, 'tombouctou', 'Tombouctou', 134, '0.0000', 0, '2018-06-22 17:01:57', '2018-06-22 17:01:57', NULL),
(2355, 'gozo and comino', 'Gozo and Comino', 135, '0.0000', 0, '2018-06-22 17:01:57', '2018-06-22 17:01:57', NULL),
(2356, 'inner harbour', 'Inner Harbour', 135, '0.0000', 0, '2018-06-22 17:01:57', '2018-06-22 17:01:57', NULL),
(2357, 'northern', 'Northern', 135, '0.0000', 0, '2018-06-22 17:01:57', '2018-06-22 17:01:57', NULL),
(2358, 'outer harbour', 'Outer Harbour', 135, '0.0000', 0, '2018-06-22 17:01:57', '2018-06-22 17:01:57', NULL),
(2359, 'south eastern', 'South Eastern', 135, '0.0000', 0, '2018-06-22 17:01:57', '2018-06-22 17:01:57', NULL),
(2360, 'valletta', 'Valletta', 135, '0.0000', 0, '2018-06-22 17:01:57', '2018-06-22 17:01:57', NULL),
(2361, 'western', 'Western', 135, '0.0000', 0, '2018-06-22 17:01:57', '2018-06-22 17:01:57', NULL),
(2362, 'castletown', 'Castletown', 136, '0.0000', 0, '2018-06-22 17:01:57', '2018-06-22 17:01:57', NULL),
(2363, 'douglas', 'Douglas', 136, '0.0000', 0, '2018-06-22 17:01:57', '2018-06-22 17:01:57', NULL),
(2364, 'laxey', 'Laxey', 136, '0.0000', 0, '2018-06-22 17:01:57', '2018-06-22 17:01:57', NULL),
(2365, 'onchan', 'Onchan', 136, '0.0000', 0, '2018-06-22 17:01:57', '2018-06-22 17:01:57', NULL),
(2366, 'peel', 'Peel', 136, '0.0000', 0, '2018-06-22 17:01:57', '2018-06-22 17:01:57', NULL),
(2367, 'port erin', 'Port Erin', 136, '0.0000', 0, '2018-06-22 17:01:57', '2018-06-22 17:01:57', NULL),
(2368, 'port saint mary', 'Port Saint Mary', 136, '0.0000', 0, '2018-06-22 17:01:57', '2018-06-22 17:01:57', NULL),
(2369, 'ramsey', 'Ramsey', 136, '0.0000', 0, '2018-06-22 17:01:57', '2018-06-22 17:01:57', NULL),
(2370, 'ailinlaplap', 'Ailinlaplap', 137, '0.0000', 0, '2018-06-22 17:01:57', '2018-06-22 17:01:57', NULL),
(2371, 'ailuk', 'Ailuk', 137, '0.0000', 0, '2018-06-22 17:01:57', '2018-06-22 17:01:57', NULL),
(2372, 'arno', 'Arno', 137, '0.0000', 0, '2018-06-22 17:01:57', '2018-06-22 17:01:57', NULL),
(2373, 'aur', 'Aur', 137, '0.0000', 0, '2018-06-22 17:01:57', '2018-06-22 17:01:57', NULL),
(2374, 'bikini', 'Bikini', 137, '0.0000', 0, '2018-06-22 17:01:57', '2018-06-22 17:01:57', NULL),
(2375, 'ebon', 'Ebon', 137, '0.0000', 0, '2018-06-22 17:01:57', '2018-06-22 17:01:57', NULL),
(2376, 'enewetak', 'Enewetak', 137, '0.0000', 0, '2018-06-22 17:01:57', '2018-06-22 17:01:57', NULL),
(2377, 'jabat', 'Jabat', 137, '0.0000', 0, '2018-06-22 17:01:57', '2018-06-22 17:01:57', NULL),
(2378, 'jaluit', 'Jaluit', 137, '0.0000', 0, '2018-06-22 17:01:57', '2018-06-22 17:01:57', NULL),
(2379, 'kili', 'Kili', 137, '0.0000', 0, '2018-06-22 17:01:57', '2018-06-22 17:01:57', NULL),
(2380, 'kwajalein', 'Kwajalein', 137, '0.0000', 0, '2018-06-22 17:01:57', '2018-06-22 17:01:57', NULL),
(2381, 'lae', 'Lae', 137, '0.0000', 0, '2018-06-22 17:01:57', '2018-06-22 17:01:57', NULL),
(2382, 'lib', 'Lib', 137, '0.0000', 0, '2018-06-22 17:01:57', '2018-06-22 17:01:57', NULL),
(2383, 'likiep', 'Likiep', 137, '0.0000', 0, '2018-06-22 17:01:57', '2018-06-22 17:01:57', NULL),
(2384, 'majuro', 'Majuro', 137, '0.0000', 0, '2018-06-22 17:01:57', '2018-06-22 17:01:57', NULL),
(2385, 'maloelap', 'Maloelap', 137, '0.0000', 0, '2018-06-22 17:01:57', '2018-06-22 17:01:57', NULL),
(2386, 'mejit', 'Mejit', 137, '0.0000', 0, '2018-06-22 17:01:57', '2018-06-22 17:01:57', NULL),
(2387, 'mili', 'Mili', 137, '0.0000', 0, '2018-06-22 17:01:57', '2018-06-22 17:01:57', NULL),
(2388, 'namorik', 'Namorik', 137, '0.0000', 0, '2018-06-22 17:01:57', '2018-06-22 17:01:57', NULL),
(2389, 'namu', 'Namu', 137, '0.0000', 0, '2018-06-22 17:01:57', '2018-06-22 17:01:57', NULL),
(2390, 'rongelap', 'Rongelap', 137, '0.0000', 0, '2018-06-22 17:01:57', '2018-06-22 17:01:57', NULL),
(2391, 'ujae', 'Ujae', 137, '0.0000', 0, '2018-06-22 17:01:57', '2018-06-22 17:01:57', NULL),
(2392, 'utrik', 'Utrik', 137, '0.0000', 0, '2018-06-22 17:01:57', '2018-06-22 17:01:57', NULL),
(2393, 'wotho', 'Wotho', 137, '0.0000', 0, '2018-06-22 17:01:57', '2018-06-22 17:01:57', NULL),
(2394, 'wotje', 'Wotje', 137, '0.0000', 0, '2018-06-22 17:01:57', '2018-06-22 17:01:57', NULL),
(2395, 'fort-de-france', 'Fort-de-France', 138, '0.0000', 0, '2018-06-22 17:01:57', '2018-06-22 17:01:57', NULL),
(2396, 'la trinite', 'La Trinite', 138, '0.0000', 0, '2018-06-22 17:01:57', '2018-06-22 17:01:57', NULL),
(2397, 'le marin', 'Le Marin', 138, '0.0000', 0, '2018-06-22 17:01:57', '2018-06-22 17:01:57', NULL),
(2398, 'saint-pierre', 'Saint-Pierre', 138, '0.0000', 0, '2018-06-22 17:01:57', '2018-06-22 17:01:57', NULL),
(2399, 'adrar', 'Adrar', 139, '0.0000', 0, '2018-06-22 17:01:57', '2018-06-22 17:01:57', NULL),
(2400, 'assaba', 'Assaba', 139, '0.0000', 0, '2018-06-22 17:01:57', '2018-06-22 17:01:57', NULL),
(2401, 'brakna', 'Brakna', 139, '0.0000', 0, '2018-06-22 17:01:57', '2018-06-22 17:01:57', NULL),
(2402, 'dhakhlat nawadibu', 'Dhakhlat Nawadibu', 139, '0.0000', 0, '2018-06-22 17:01:57', '2018-06-22 17:01:57', NULL),
(2403, 'hudh-al-gharbi', 'Hudh-al-Gharbi', 139, '0.0000', 0, '2018-06-22 17:01:57', '2018-06-22 17:01:57', NULL),
(2404, 'hudh-ash-sharqi', 'Hudh-ash-Sharqi', 139, '0.0000', 0, '2018-06-22 17:01:57', '2018-06-22 17:01:57', NULL),
(2405, 'inshiri', 'Inshiri', 139, '0.0000', 0, '2018-06-22 17:01:57', '2018-06-22 17:01:57', NULL),
(2406, 'nawakshut', 'Nawakshut', 139, '0.0000', 0, '2018-06-22 17:01:57', '2018-06-22 17:01:57', NULL),
(2407, 'qidimagha', 'Qidimagha', 139, '0.0000', 0, '2018-06-22 17:01:57', '2018-06-22 17:01:57', NULL),
(2408, 'qurqul', 'Qurqul', 139, '0.0000', 0, '2018-06-22 17:01:57', '2018-06-22 17:01:57', NULL),
(2409, 'taqant', 'Taqant', 139, '0.0000', 0, '2018-06-22 17:01:57', '2018-06-22 17:01:57', NULL),
(2410, 'tiris zammur', 'Tiris Zammur', 139, '0.0000', 0, '2018-06-22 17:01:57', '2018-06-22 17:01:57', NULL),
(2411, 'trarza', 'Trarza', 139, '0.0000', 0, '2018-06-22 17:01:57', '2018-06-22 17:01:57', NULL),
(2412, 'black river', 'Black River', 140, '0.0000', 0, '2018-06-22 17:01:57', '2018-06-22 17:01:57', NULL),
(2413, 'eau coulee', 'Eau Coulee', 140, '0.0000', 0, '2018-06-22 17:01:57', '2018-06-22 17:01:57', NULL),
(2414, 'flacq', 'Flacq', 140, '0.0000', 0, '2018-06-22 17:01:57', '2018-06-22 17:01:57', NULL),
(2415, 'floreal', 'Floreal', 140, '0.0000', 0, '2018-06-22 17:01:57', '2018-06-22 17:01:57', NULL),
(2416, 'grand port', 'Grand Port', 140, '0.0000', 0, '2018-06-22 17:01:57', '2018-06-22 17:01:57', NULL),
(2417, 'moka', 'Moka', 140, '0.0000', 0, '2018-06-22 17:01:57', '2018-06-22 17:01:57', NULL),
(2418, 'pamplempousses', 'Pamplempousses', 140, '0.0000', 0, '2018-06-22 17:01:57', '2018-06-22 17:01:57', NULL),
(2419, 'plaines wilhelm', 'Plaines Wilhelm', 140, '0.0000', 0, '2018-06-22 17:01:57', '2018-06-22 17:01:57', NULL),
(2420, 'port louis', 'Port Louis', 140, '0.0000', 0, '2018-06-22 17:01:57', '2018-06-22 17:01:57', NULL),
(2421, 'riviere du rempart', 'Riviere du Rempart', 140, '0.0000', 0, '2018-06-22 17:01:57', '2018-06-22 17:01:57', NULL),
(2422, 'rodrigues', 'Rodrigues', 140, '0.0000', 0, '2018-06-22 17:01:57', '2018-06-22 17:01:57', NULL),
(2423, 'rose hill', 'Rose Hill', 140, '0.0000', 0, '2018-06-22 17:01:57', '2018-06-22 17:01:57', NULL),
(2424, 'savanne', 'Savanne', 140, '0.0000', 0, '2018-06-22 17:01:57', '2018-06-22 17:01:57', NULL),
(2425, 'mayotte', 'Mayotte', 141, '0.0000', 0, '2018-06-22 17:01:57', '2018-06-22 17:01:57', NULL),
(2426, 'pamanzi', 'Pamanzi', 141, '0.0000', 0, '2018-06-22 17:01:57', '2018-06-22 17:01:57', NULL),
(2427, 'aguascalientes', 'Aguascalientes', 142, '0.0000', 0, '2018-06-22 17:01:57', '2018-06-22 17:01:57', NULL),
(2428, 'baja california', 'Baja California', 142, '0.0000', 0, '2018-06-22 17:01:57', '2018-06-22 17:01:57', NULL),
(2429, 'baja california sur', 'Baja California Sur', 142, '0.0000', 0, '2018-06-22 17:01:57', '2018-06-22 17:01:57', NULL),
(2430, 'campeche', 'Campeche', 142, '0.0000', 0, '2018-06-22 17:01:57', '2018-06-22 17:01:57', NULL),
(2431, 'chiapas', 'Chiapas', 142, '0.0000', 0, '2018-06-22 17:01:57', '2018-06-22 17:01:57', NULL),
(2432, 'chihuahua', 'Chihuahua', 142, '0.0000', 0, '2018-06-22 17:01:57', '2018-06-22 17:01:57', NULL),
(2433, 'coahuila', 'Coahuila', 142, '0.0000', 0, '2018-06-22 17:01:57', '2018-06-22 17:01:57', NULL),
(2434, 'colima', 'Colima', 142, '0.0000', 0, '2018-06-22 17:01:57', '2018-06-22 17:01:57', NULL),
(2435, 'distrito federal', 'Distrito Federal', 142, '0.0000', 0, '2018-06-22 17:01:57', '2018-06-22 17:01:57', NULL),
(2436, 'durango', 'Durango', 142, '0.0000', 0, '2018-06-22 17:01:57', '2018-06-22 17:01:57', NULL),
(2437, 'estado de mexico', 'Estado de Mexico', 142, '0.0000', 0, '2018-06-22 17:01:57', '2018-06-22 17:01:57', NULL),
(2438, 'guanajuato', 'Guanajuato', 142, '0.0000', 0, '2018-06-22 17:01:57', '2018-06-22 17:01:57', NULL),
(2439, 'guerrero', 'Guerrero', 142, '0.0000', 0, '2018-06-22 17:01:57', '2018-06-22 17:01:57', NULL),
(2440, 'hidalgo', 'Hidalgo', 142, '0.0000', 0, '2018-06-22 17:01:57', '2018-06-22 17:01:57', NULL),
(2441, 'jalisco', 'Jalisco', 142, '0.0000', 0, '2018-06-22 17:01:57', '2018-06-22 17:01:57', NULL),
(2442, 'mexico', 'Mexico', 142, '0.0000', 0, '2018-06-22 17:01:57', '2018-06-22 17:01:57', NULL),
(2443, 'michoacan', 'Michoacan', 142, '0.0000', 0, '2018-06-22 17:01:57', '2018-06-22 17:01:57', NULL),
(2444, 'morelos', 'Morelos', 142, '0.0000', 0, '2018-06-22 17:01:57', '2018-06-22 17:01:57', NULL),
(2445, 'nayarit', 'Nayarit', 142, '0.0000', 0, '2018-06-22 17:01:57', '2018-06-22 17:01:57', NULL),
(2446, 'nuevo leon', 'Nuevo Leon', 142, '0.0000', 0, '2018-06-22 17:01:57', '2018-06-22 17:01:57', NULL),
(2447, 'oaxaca', 'Oaxaca', 142, '0.0000', 0, '2018-06-22 17:01:57', '2018-06-22 17:01:57', NULL),
(2448, 'puebla', 'Puebla', 142, '0.0000', 0, '2018-06-22 17:01:57', '2018-06-22 17:01:57', NULL),
(2449, 'queretaro', 'Queretaro', 142, '0.0000', 0, '2018-06-22 17:01:57', '2018-06-22 17:01:57', NULL),
(2450, 'quintana roo', 'Quintana Roo', 142, '0.0000', 0, '2018-06-22 17:01:57', '2018-06-22 17:01:57', NULL),
(2451, 'san luis potosi', 'San Luis Potosi', 142, '0.0000', 0, '2018-06-22 17:01:57', '2018-06-22 17:01:57', NULL),
(2452, 'sinaloa', 'Sinaloa', 142, '0.0000', 0, '2018-06-22 17:01:57', '2018-06-22 17:01:57', NULL),
(2453, 'sonora', 'Sonora', 142, '0.0000', 0, '2018-06-22 17:01:57', '2018-06-22 17:01:57', NULL),
(2454, 'tabasco', 'Tabasco', 142, '0.0000', 0, '2018-06-22 17:01:57', '2018-06-22 17:01:57', NULL),
(2455, 'tamaulipas', 'Tamaulipas', 142, '0.0000', 0, '2018-06-22 17:01:57', '2018-06-22 17:01:57', NULL),
(2456, 'tlaxcala', 'Tlaxcala', 142, '0.0000', 0, '2018-06-22 17:01:57', '2018-06-22 17:01:57', NULL),
(2457, 'veracruz', 'Veracruz', 142, '0.0000', 0, '2018-06-22 17:01:57', '2018-06-22 17:01:57', NULL),
(2458, 'yucatan', 'Yucatan', 142, '0.0000', 0, '2018-06-22 17:01:57', '2018-06-22 17:01:57', NULL),
(2459, 'zacatecas', 'Zacatecas', 142, '0.0000', 0, '2018-06-22 17:01:57', '2018-06-22 17:01:57', NULL),
(2460, 'chuuk', 'Chuuk', 143, '0.0000', 0, '2018-06-22 17:01:57', '2018-06-22 17:01:57', NULL),
(2461, 'kusaie', 'Kusaie', 143, '0.0000', 0, '2018-06-22 17:01:57', '2018-06-22 17:01:57', NULL),
(2462, 'pohnpei', 'Pohnpei', 143, '0.0000', 0, '2018-06-22 17:01:57', '2018-06-22 17:01:57', NULL),
(2463, 'yap', 'Yap', 143, '0.0000', 0, '2018-06-22 17:01:57', '2018-06-22 17:01:57', NULL),
(2464, 'balti', 'Balti', 144, '0.0000', 0, '2018-06-22 17:01:57', '2018-06-22 17:01:57', NULL),
(2465, 'cahul', 'Cahul', 144, '0.0000', 0, '2018-06-22 17:01:57', '2018-06-22 17:01:57', NULL),
(2466, 'chisinau', 'Chisinau', 144, '0.0000', 0, '2018-06-22 17:01:57', '2018-06-22 17:01:57', NULL),
(2467, 'chisinau oras', 'Chisinau Oras', 144, '0.0000', 0, '2018-06-22 17:01:57', '2018-06-22 17:01:57', NULL),
(2468, 'edinet', 'Edinet', 144, '0.0000', 0, '2018-06-22 17:01:57', '2018-06-22 17:01:57', NULL);
INSERT INTO `states` (`id`, `code`, `name`, `country_id`, `tax`, `is_default`, `created_at`, `updated_at`, `deleted_at`) VALUES
(2469, 'gagauzia', 'Gagauzia', 144, '0.0000', 0, '2018-06-22 17:01:57', '2018-06-22 17:01:57', NULL),
(2470, 'lapusna', 'Lapusna', 144, '0.0000', 0, '2018-06-22 17:01:57', '2018-06-22 17:01:57', NULL),
(2471, 'orhei', 'Orhei', 144, '0.0000', 0, '2018-06-22 17:01:57', '2018-06-22 17:01:57', NULL),
(2472, 'soroca', 'Soroca', 144, '0.0000', 0, '2018-06-22 17:01:57', '2018-06-22 17:01:57', NULL),
(2473, 'taraclia', 'Taraclia', 144, '0.0000', 0, '2018-06-22 17:01:57', '2018-06-22 17:01:57', NULL),
(2474, 'tighina', 'Tighina', 144, '0.0000', 0, '2018-06-22 17:01:57', '2018-06-22 17:01:57', NULL),
(2475, 'transnistria', 'Transnistria', 144, '0.0000', 0, '2018-06-22 17:01:57', '2018-06-22 17:01:57', NULL),
(2476, 'ungheni', 'Ungheni', 144, '0.0000', 0, '2018-06-22 17:01:57', '2018-06-22 17:01:57', NULL),
(2477, 'fontvieille', 'Fontvieille', 145, '0.0000', 0, '2018-06-22 17:01:57', '2018-06-22 17:01:57', NULL),
(2478, 'la condamine', 'La Condamine', 145, '0.0000', 0, '2018-06-22 17:01:57', '2018-06-22 17:01:57', NULL),
(2479, 'monaco-ville', 'Monaco-Ville', 145, '0.0000', 0, '2018-06-22 17:01:57', '2018-06-22 17:01:57', NULL),
(2480, 'monte carlo', 'Monte Carlo', 145, '0.0000', 0, '2018-06-22 17:01:57', '2018-06-22 17:01:57', NULL),
(2481, 'arhangaj', 'Arhangaj', 146, '0.0000', 0, '2018-06-22 17:01:57', '2018-06-22 17:01:57', NULL),
(2482, 'bajan-olgij', 'Bajan-Olgij', 146, '0.0000', 0, '2018-06-22 17:01:57', '2018-06-22 17:01:57', NULL),
(2483, 'bajanhongor', 'Bajanhongor', 146, '0.0000', 0, '2018-06-22 17:01:57', '2018-06-22 17:01:57', NULL),
(2484, 'bulgan', 'Bulgan', 146, '0.0000', 0, '2018-06-22 17:01:57', '2018-06-22 17:01:57', NULL),
(2485, 'darhan-uul', 'Darhan-Uul', 146, '0.0000', 0, '2018-06-22 17:01:57', '2018-06-22 17:01:57', NULL),
(2486, 'dornod', 'Dornod', 146, '0.0000', 0, '2018-06-22 17:01:57', '2018-06-22 17:01:57', NULL),
(2487, 'dornogovi', 'Dornogovi', 146, '0.0000', 0, '2018-06-22 17:01:57', '2018-06-22 17:01:57', NULL),
(2488, 'dundgovi', 'Dundgovi', 146, '0.0000', 0, '2018-06-22 17:01:57', '2018-06-22 17:01:57', NULL),
(2489, 'govi-altaj', 'Govi-Altaj', 146, '0.0000', 0, '2018-06-22 17:01:57', '2018-06-22 17:01:57', NULL),
(2490, 'govisumber', 'Govisumber', 146, '0.0000', 0, '2018-06-22 17:01:57', '2018-06-22 17:01:57', NULL),
(2491, 'hentij', 'Hentij', 146, '0.0000', 0, '2018-06-22 17:01:57', '2018-06-22 17:01:57', NULL),
(2492, 'hovd', 'Hovd', 146, '0.0000', 0, '2018-06-22 17:01:57', '2018-06-22 17:01:57', NULL),
(2493, 'hovsgol', 'Hovsgol', 146, '0.0000', 0, '2018-06-22 17:01:57', '2018-06-22 17:01:57', NULL),
(2494, 'omnogovi', 'Omnogovi', 146, '0.0000', 0, '2018-06-22 17:01:57', '2018-06-22 17:01:57', NULL),
(2495, 'orhon', 'Orhon', 146, '0.0000', 0, '2018-06-22 17:01:57', '2018-06-22 17:01:57', NULL),
(2496, 'ovorhangaj', 'Ovorhangaj', 146, '0.0000', 0, '2018-06-22 17:01:57', '2018-06-22 17:01:57', NULL),
(2497, 'selenge', 'Selenge', 146, '0.0000', 0, '2018-06-22 17:01:57', '2018-06-22 17:01:57', NULL),
(2498, 'suhbaatar', 'Suhbaatar', 146, '0.0000', 0, '2018-06-22 17:01:57', '2018-06-22 17:01:57', NULL),
(2499, 'tov', 'Tov', 146, '0.0000', 0, '2018-06-22 17:01:57', '2018-06-22 17:01:57', NULL),
(2500, 'ulaanbaatar', 'Ulaanbaatar', 146, '0.0000', 0, '2018-06-22 17:01:57', '2018-06-22 17:01:57', NULL),
(2501, 'uvs', 'Uvs', 146, '0.0000', 0, '2018-06-22 17:01:57', '2018-06-22 17:01:57', NULL),
(2502, 'zavhan', 'Zavhan', 146, '0.0000', 0, '2018-06-22 17:01:57', '2018-06-22 17:01:57', NULL),
(2503, 'montserrat', 'Montserrat', 147, '0.0000', 0, '2018-06-22 17:01:57', '2018-06-22 17:01:57', NULL),
(2504, 'agadir', 'Agadir', 148, '0.0000', 0, '2018-06-22 17:01:57', '2018-06-22 17:01:57', NULL),
(2505, 'casablanca', 'Casablanca', 148, '0.0000', 0, '2018-06-22 17:01:57', '2018-06-22 17:01:57', NULL),
(2506, 'chaouia-ouardigha', 'Chaouia-Ouardigha', 148, '0.0000', 0, '2018-06-22 17:01:57', '2018-06-22 17:01:57', NULL),
(2507, 'doukkala-abda', 'Doukkala-Abda', 148, '0.0000', 0, '2018-06-22 17:01:57', '2018-06-22 17:01:57', NULL),
(2508, 'fes-boulemane', 'Fes-Boulemane', 148, '0.0000', 0, '2018-06-22 17:01:57', '2018-06-22 17:01:57', NULL),
(2509, 'gharb-chrarda-beni hssen', 'Gharb-Chrarda-Beni Hssen', 148, '0.0000', 0, '2018-06-22 17:01:57', '2018-06-22 17:01:57', NULL),
(2510, 'guelmim', 'Guelmim', 148, '0.0000', 0, '2018-06-22 17:01:57', '2018-06-22 17:01:57', NULL),
(2511, 'kenitra', 'Kenitra', 148, '0.0000', 0, '2018-06-22 17:01:57', '2018-06-22 17:01:57', NULL),
(2512, 'marrakech-tensift-al haou', 'Marrakech-Tensift-Al Haouz', 148, '0.0000', 0, '2018-06-22 17:01:57', '2018-06-22 17:01:57', NULL),
(2513, 'meknes-tafilalet', 'Meknes-Tafilalet', 148, '0.0000', 0, '2018-06-22 17:01:57', '2018-06-22 17:01:57', NULL),
(2514, 'oriental', 'Oriental', 148, '0.0000', 0, '2018-06-22 17:01:57', '2018-06-22 17:01:57', NULL),
(2515, 'oujda', 'Oujda', 148, '0.0000', 0, '2018-06-22 17:01:57', '2018-06-22 17:01:57', NULL),
(2516, 'province de tanger', 'Province de Tanger', 148, '0.0000', 0, '2018-06-22 17:01:57', '2018-06-22 17:01:57', NULL),
(2517, 'rabat-sale-zammour-zaer', 'Rabat-Sale-Zammour-Zaer', 148, '0.0000', 0, '2018-06-22 17:01:57', '2018-06-22 17:01:57', NULL),
(2518, 'sala al jadida', 'Sala Al Jadida', 148, '0.0000', 0, '2018-06-22 17:01:57', '2018-06-22 17:01:57', NULL),
(2519, 'settat', 'Settat', 148, '0.0000', 0, '2018-06-22 17:01:57', '2018-06-22 17:01:57', NULL),
(2520, 'souss massa-draa', 'Souss Massa-Draa', 148, '0.0000', 0, '2018-06-22 17:01:57', '2018-06-22 17:01:57', NULL),
(2521, 'tadla-azilal', 'Tadla-Azilal', 148, '0.0000', 0, '2018-06-22 17:01:57', '2018-06-22 17:01:57', NULL),
(2522, 'tangier-tetouan', 'Tangier-Tetouan', 148, '0.0000', 0, '2018-06-22 17:01:57', '2018-06-22 17:01:57', NULL),
(2523, 'taza-al hoceima-taounate', 'Taza-Al Hoceima-Taounate', 148, '0.0000', 0, '2018-06-22 17:01:57', '2018-06-22 17:01:57', NULL),
(2524, 'wilaya de casablanca', 'Wilaya de Casablanca', 148, '0.0000', 0, '2018-06-22 17:01:57', '2018-06-22 17:01:57', NULL),
(2525, 'wilaya de rabat-sale', 'Wilaya de Rabat-Sale', 148, '0.0000', 0, '2018-06-22 17:01:57', '2018-06-22 17:01:57', NULL),
(2526, 'cabo delgado', 'Cabo Delgado', 149, '0.0000', 0, '2018-06-22 17:01:57', '2018-06-22 17:01:57', NULL),
(2527, 'gaza', 'Gaza', 149, '0.0000', 0, '2018-06-22 17:01:57', '2018-06-22 17:01:57', NULL),
(2528, 'inhambane', 'Inhambane', 149, '0.0000', 0, '2018-06-22 17:01:57', '2018-06-22 17:01:57', NULL),
(2529, 'manica', 'Manica', 149, '0.0000', 0, '2018-06-22 17:01:57', '2018-06-22 17:01:57', NULL),
(2530, 'maputo', 'Maputo', 149, '0.0000', 0, '2018-06-22 17:01:57', '2018-06-22 17:01:57', NULL),
(2531, 'maputo provincia', 'Maputo Provincia', 149, '0.0000', 0, '2018-06-22 17:01:57', '2018-06-22 17:01:57', NULL),
(2532, 'nampula', 'Nampula', 149, '0.0000', 0, '2018-06-22 17:01:57', '2018-06-22 17:01:57', NULL),
(2533, 'niassa', 'Niassa', 149, '0.0000', 0, '2018-06-22 17:01:57', '2018-06-22 17:01:57', NULL),
(2534, 'sofala', 'Sofala', 149, '0.0000', 0, '2018-06-22 17:01:57', '2018-06-22 17:01:57', NULL),
(2535, 'tete', 'Tete', 149, '0.0000', 0, '2018-06-22 17:01:57', '2018-06-22 17:01:57', NULL),
(2536, 'zambezia', 'Zambezia', 149, '0.0000', 0, '2018-06-22 17:01:57', '2018-06-22 17:01:57', NULL),
(2537, 'ayeyarwady', 'Ayeyarwady', 150, '0.0000', 0, '2018-06-22 17:01:57', '2018-06-22 17:01:57', NULL),
(2538, 'bago', 'Bago', 150, '0.0000', 0, '2018-06-22 17:01:57', '2018-06-22 17:01:57', NULL),
(2539, 'chin', 'Chin', 150, '0.0000', 0, '2018-06-22 17:01:57', '2018-06-22 17:01:57', NULL),
(2540, 'kachin', 'Kachin', 150, '0.0000', 0, '2018-06-22 17:01:57', '2018-06-22 17:01:57', NULL),
(2541, 'kayah', 'Kayah', 150, '0.0000', 0, '2018-06-22 17:01:57', '2018-06-22 17:01:57', NULL),
(2542, 'kayin', 'Kayin', 150, '0.0000', 0, '2018-06-22 17:01:57', '2018-06-22 17:01:57', NULL),
(2543, 'magway', 'Magway', 150, '0.0000', 0, '2018-06-22 17:01:57', '2018-06-22 17:01:57', NULL),
(2544, 'mandalay', 'Mandalay', 150, '0.0000', 0, '2018-06-22 17:01:57', '2018-06-22 17:01:57', NULL),
(2545, 'mon', 'Mon', 150, '0.0000', 0, '2018-06-22 17:01:57', '2018-06-22 17:01:57', NULL),
(2546, 'nay pyi taw', 'Nay Pyi Taw', 150, '0.0000', 0, '2018-06-22 17:01:57', '2018-06-22 17:01:57', NULL),
(2547, 'rakhine', 'Rakhine', 150, '0.0000', 0, '2018-06-22 17:01:57', '2018-06-22 17:01:57', NULL),
(2548, 'sagaing', 'Sagaing', 150, '0.0000', 0, '2018-06-22 17:01:57', '2018-06-22 17:01:57', NULL),
(2549, 'shan', 'Shan', 150, '0.0000', 0, '2018-06-22 17:01:57', '2018-06-22 17:01:57', NULL),
(2550, 'tanintharyi', 'Tanintharyi', 150, '0.0000', 0, '2018-06-22 17:01:57', '2018-06-22 17:01:57', NULL),
(2551, 'yangon', 'Yangon', 150, '0.0000', 0, '2018-06-22 17:01:57', '2018-06-22 17:01:57', NULL),
(2552, 'caprivi', 'Caprivi', 151, '0.0000', 0, '2018-06-22 17:01:57', '2018-06-22 17:01:57', NULL),
(2553, 'erongo', 'Erongo', 151, '0.0000', 0, '2018-06-22 17:01:57', '2018-06-22 17:01:57', NULL),
(2554, 'hardap', 'Hardap', 151, '0.0000', 0, '2018-06-22 17:01:57', '2018-06-22 17:01:57', NULL),
(2555, 'karas', 'Karas', 151, '0.0000', 0, '2018-06-22 17:01:57', '2018-06-22 17:01:57', NULL),
(2556, 'kavango', 'Kavango', 151, '0.0000', 0, '2018-06-22 17:01:57', '2018-06-22 17:01:57', NULL),
(2557, 'khomas', 'Khomas', 151, '0.0000', 0, '2018-06-22 17:01:57', '2018-06-22 17:01:57', NULL),
(2558, 'kunene', 'Kunene', 151, '0.0000', 0, '2018-06-22 17:01:57', '2018-06-22 17:01:57', NULL),
(2559, 'ohangwena', 'Ohangwena', 151, '0.0000', 0, '2018-06-22 17:01:57', '2018-06-22 17:01:57', NULL),
(2560, 'omaheke', 'Omaheke', 151, '0.0000', 0, '2018-06-22 17:01:57', '2018-06-22 17:01:57', NULL),
(2561, 'omusati', 'Omusati', 151, '0.0000', 0, '2018-06-22 17:01:57', '2018-06-22 17:01:57', NULL),
(2562, 'oshana', 'Oshana', 151, '0.0000', 0, '2018-06-22 17:01:57', '2018-06-22 17:01:57', NULL),
(2563, 'oshikoto', 'Oshikoto', 151, '0.0000', 0, '2018-06-22 17:01:57', '2018-06-22 17:01:57', NULL),
(2564, 'otjozondjupa', 'Otjozondjupa', 151, '0.0000', 0, '2018-06-22 17:01:57', '2018-06-22 17:01:57', NULL),
(2565, 'yaren', 'Yaren', 152, '0.0000', 0, '2018-06-22 17:01:57', '2018-06-22 17:01:57', NULL),
(2566, 'bagmati', 'Bagmati', 153, '0.0000', 0, '2018-06-22 17:01:57', '2018-06-22 17:01:57', NULL),
(2567, 'bheri', 'Bheri', 153, '0.0000', 0, '2018-06-22 17:01:57', '2018-06-22 17:01:57', NULL),
(2568, 'dhawalagiri', 'Dhawalagiri', 153, '0.0000', 0, '2018-06-22 17:01:57', '2018-06-22 17:01:57', NULL),
(2569, 'gandaki', 'Gandaki', 153, '0.0000', 0, '2018-06-22 17:01:57', '2018-06-22 17:01:57', NULL),
(2570, 'janakpur', 'Janakpur', 153, '0.0000', 0, '2018-06-22 17:01:57', '2018-06-22 17:01:57', NULL),
(2571, 'karnali', 'Karnali', 153, '0.0000', 0, '2018-06-22 17:01:57', '2018-06-22 17:01:57', NULL),
(2572, 'koshi', 'Koshi', 153, '0.0000', 0, '2018-06-22 17:01:57', '2018-06-22 17:01:57', NULL),
(2573, 'lumbini', 'Lumbini', 153, '0.0000', 0, '2018-06-22 17:01:57', '2018-06-22 17:01:57', NULL),
(2574, 'mahakali', 'Mahakali', 153, '0.0000', 0, '2018-06-22 17:01:57', '2018-06-22 17:01:57', NULL),
(2575, 'mechi', 'Mechi', 153, '0.0000', 0, '2018-06-22 17:01:57', '2018-06-22 17:01:57', NULL),
(2576, 'narayani', 'Narayani', 153, '0.0000', 0, '2018-06-22 17:01:57', '2018-06-22 17:01:57', NULL),
(2577, 'rapti', 'Rapti', 153, '0.0000', 0, '2018-06-22 17:01:57', '2018-06-22 17:01:57', NULL),
(2578, 'sagarmatha', 'Sagarmatha', 153, '0.0000', 0, '2018-06-22 17:01:57', '2018-06-22 17:01:57', NULL),
(2579, 'seti', 'Seti', 153, '0.0000', 0, '2018-06-22 17:01:57', '2018-06-22 17:01:57', NULL),
(2580, 'bonaire', 'Bonaire', 154, '0.0000', 0, '2018-06-22 17:01:57', '2018-06-22 17:01:57', NULL),
(2581, 'curacao', 'Curacao', 154, '0.0000', 0, '2018-06-22 17:01:57', '2018-06-22 17:01:57', NULL),
(2582, 'saba', 'Saba', 154, '0.0000', 0, '2018-06-22 17:01:57', '2018-06-22 17:01:57', NULL),
(2583, 'sint eustatius', 'Sint Eustatius', 154, '0.0000', 0, '2018-06-22 17:01:57', '2018-06-22 17:01:57', NULL),
(2584, 'sint maarten', 'Sint Maarten', 154, '0.0000', 0, '2018-06-22 17:01:57', '2018-06-22 17:01:57', NULL),
(2585, 'amsterdam', 'Amsterdam', 155, '0.0000', 0, '2018-06-22 17:01:57', '2018-06-22 17:01:57', NULL),
(2586, 'benelux', 'Benelux', 155, '0.0000', 0, '2018-06-22 17:01:57', '2018-06-22 17:01:57', NULL),
(2587, 'drenthe', 'Drenthe', 155, '0.0000', 0, '2018-06-22 17:01:57', '2018-06-22 17:01:57', NULL),
(2588, 'flevoland', 'Flevoland', 155, '0.0000', 0, '2018-06-22 17:01:57', '2018-06-22 17:01:57', NULL),
(2589, 'friesland', 'Friesland', 155, '0.0000', 0, '2018-06-22 17:01:57', '2018-06-22 17:01:57', NULL),
(2590, 'gelderland', 'Gelderland', 155, '0.0000', 0, '2018-06-22 17:01:57', '2018-06-22 17:01:57', NULL),
(2591, 'groningen', 'Groningen', 155, '0.0000', 0, '2018-06-22 17:01:57', '2018-06-22 17:01:57', NULL),
(2592, 'limburg', 'Limburg', 155, '0.0000', 0, '2018-06-22 17:01:57', '2018-06-22 17:01:57', NULL),
(2593, 'noord-brabant', 'Noord-Brabant', 155, '0.0000', 0, '2018-06-22 17:01:57', '2018-06-22 17:01:57', NULL),
(2594, 'noord-holland', 'Noord-Holland', 155, '0.0000', 0, '2018-06-22 17:01:57', '2018-06-22 17:01:57', NULL),
(2595, 'overijssel', 'Overijssel', 155, '0.0000', 0, '2018-06-22 17:01:57', '2018-06-22 17:01:57', NULL),
(2596, 'south holland', 'South Holland', 155, '0.0000', 0, '2018-06-22 17:01:57', '2018-06-22 17:01:57', NULL),
(2597, 'utrecht', 'Utrecht', 155, '0.0000', 0, '2018-06-22 17:01:57', '2018-06-22 17:01:57', NULL),
(2598, 'zeeland', 'Zeeland', 155, '0.0000', 0, '2018-06-22 17:01:57', '2018-06-22 17:01:57', NULL),
(2599, 'zuid-holland', 'Zuid-Holland', 155, '0.0000', 0, '2018-06-22 17:01:57', '2018-06-22 17:01:57', NULL),
(2600, 'iles', 'Iles', 156, '0.0000', 0, '2018-06-22 17:01:57', '2018-06-22 17:01:57', NULL),
(2601, 'nord', 'Nord', 156, '0.0000', 0, '2018-06-22 17:01:57', '2018-06-22 17:01:57', NULL),
(2602, 'sud', 'Sud', 156, '0.0000', 0, '2018-06-22 17:01:57', '2018-06-22 17:01:57', NULL),
(2603, 'area outside region', 'Area Outside Region', 157, '0.0000', 0, '2018-06-22 17:01:57', '2018-06-22 17:01:57', NULL),
(2604, 'auckland', 'Auckland', 157, '0.0000', 0, '2018-06-22 17:01:57', '2018-06-22 17:01:57', NULL),
(2605, 'bay of plenty', 'Bay of Plenty', 157, '0.0000', 0, '2018-06-22 17:01:57', '2018-06-22 17:01:57', NULL),
(2606, 'canterbury', 'Canterbury', 157, '0.0000', 0, '2018-06-22 17:01:57', '2018-06-22 17:01:57', NULL),
(2607, 'christchurch', 'Christchurch', 157, '0.0000', 0, '2018-06-22 17:01:57', '2018-06-22 17:01:57', NULL),
(2608, 'gisborne', 'Gisborne', 157, '0.0000', 0, '2018-06-22 17:01:57', '2018-06-22 17:01:57', NULL),
(2609, 'hawke''''s bay', 'Hawke''''s Bay', 157, '0.0000', 0, '2018-06-22 17:01:57', '2018-06-22 17:01:57', NULL),
(2610, 'manawatu-wanganui', 'Manawatu-Wanganui', 157, '0.0000', 0, '2018-06-22 17:01:57', '2018-06-22 17:01:57', NULL),
(2611, 'marlborough', 'Marlborough', 157, '0.0000', 0, '2018-06-22 17:01:57', '2018-06-22 17:01:57', NULL),
(2612, 'nelson', 'Nelson', 157, '0.0000', 0, '2018-06-22 17:01:57', '2018-06-22 17:01:57', NULL),
(2613, 'northland', 'Northland', 157, '0.0000', 0, '2018-06-22 17:01:57', '2018-06-22 17:01:57', NULL),
(2614, 'otago', 'Otago', 157, '0.0000', 0, '2018-06-22 17:01:57', '2018-06-22 17:01:57', NULL),
(2615, 'rodney', 'Rodney', 157, '0.0000', 0, '2018-06-22 17:01:57', '2018-06-22 17:01:57', NULL),
(2616, 'southland', 'Southland', 157, '0.0000', 0, '2018-06-22 17:01:57', '2018-06-22 17:01:57', NULL),
(2617, 'taranaki', 'Taranaki', 157, '0.0000', 0, '2018-06-22 17:01:57', '2018-06-22 17:01:57', NULL),
(2618, 'tasman', 'Tasman', 157, '0.0000', 0, '2018-06-22 17:01:57', '2018-06-22 17:01:57', NULL),
(2619, 'waikato', 'Waikato', 157, '0.0000', 0, '2018-06-22 17:01:57', '2018-06-22 17:01:57', NULL),
(2620, 'wellington', 'Wellington', 157, '0.0000', 0, '2018-06-22 17:01:57', '2018-06-22 17:01:57', NULL),
(2621, 'west coast', 'West Coast', 157, '0.0000', 0, '2018-06-22 17:01:57', '2018-06-22 17:01:57', NULL),
(2622, 'atlantico norte', 'Atlantico Norte', 158, '0.0000', 0, '2018-06-22 17:01:57', '2018-06-22 17:01:57', NULL),
(2623, 'atlantico sur', 'Atlantico Sur', 158, '0.0000', 0, '2018-06-22 17:01:57', '2018-06-22 17:01:57', NULL),
(2624, 'boaco', 'Boaco', 158, '0.0000', 0, '2018-06-22 17:01:57', '2018-06-22 17:01:57', NULL),
(2625, 'carazo', 'Carazo', 158, '0.0000', 0, '2018-06-22 17:01:57', '2018-06-22 17:01:57', NULL),
(2626, 'chinandega', 'Chinandega', 158, '0.0000', 0, '2018-06-22 17:01:57', '2018-06-22 17:01:57', NULL),
(2627, 'chontales', 'Chontales', 158, '0.0000', 0, '2018-06-22 17:01:57', '2018-06-22 17:01:57', NULL),
(2628, 'esteli', 'Esteli', 158, '0.0000', 0, '2018-06-22 17:01:57', '2018-06-22 17:01:57', NULL),
(2629, 'granada', 'Granada', 158, '0.0000', 0, '2018-06-22 17:01:57', '2018-06-22 17:01:57', NULL),
(2630, 'jinotega', 'Jinotega', 158, '0.0000', 0, '2018-06-22 17:01:57', '2018-06-22 17:01:57', NULL),
(2631, 'leon', 'Leon', 158, '0.0000', 0, '2018-06-22 17:01:57', '2018-06-22 17:01:57', NULL),
(2632, 'madriz', 'Madriz', 158, '0.0000', 0, '2018-06-22 17:01:57', '2018-06-22 17:01:57', NULL),
(2633, 'managua', 'Managua', 158, '0.0000', 0, '2018-06-22 17:01:57', '2018-06-22 17:01:57', NULL),
(2634, 'masaya', 'Masaya', 158, '0.0000', 0, '2018-06-22 17:01:57', '2018-06-22 17:01:57', NULL),
(2635, 'matagalpa', 'Matagalpa', 158, '0.0000', 0, '2018-06-22 17:01:57', '2018-06-22 17:01:57', NULL),
(2636, 'nueva segovia', 'Nueva Segovia', 158, '0.0000', 0, '2018-06-22 17:01:57', '2018-06-22 17:01:57', NULL),
(2637, 'rio san juan', 'Rio San Juan', 158, '0.0000', 0, '2018-06-22 17:01:57', '2018-06-22 17:01:57', NULL),
(2638, 'rivas', 'Rivas', 158, '0.0000', 0, '2018-06-22 17:01:57', '2018-06-22 17:01:57', NULL),
(2639, 'agadez', 'Agadez', 159, '0.0000', 0, '2018-06-22 17:01:57', '2018-06-22 17:01:57', NULL),
(2640, 'diffa', 'Diffa', 159, '0.0000', 0, '2018-06-22 17:01:57', '2018-06-22 17:01:57', NULL),
(2641, 'dosso', 'Dosso', 159, '0.0000', 0, '2018-06-22 17:01:57', '2018-06-22 17:01:57', NULL),
(2642, 'maradi', 'Maradi', 159, '0.0000', 0, '2018-06-22 17:01:57', '2018-06-22 17:01:57', NULL),
(2643, 'niamey', 'Niamey', 159, '0.0000', 0, '2018-06-22 17:01:57', '2018-06-22 17:01:57', NULL),
(2644, 'tahoua', 'Tahoua', 159, '0.0000', 0, '2018-06-22 17:01:57', '2018-06-22 17:01:57', NULL),
(2645, 'tillabery', 'Tillabery', 159, '0.0000', 0, '2018-06-22 17:01:57', '2018-06-22 17:01:57', NULL),
(2646, 'zinder', 'Zinder', 159, '0.0000', 0, '2018-06-22 17:01:57', '2018-06-22 17:01:57', NULL),
(2647, 'abia', 'Abia', 160, '0.0000', 0, '2018-06-22 17:01:57', '2018-06-22 17:01:57', NULL),
(2648, 'abuja federal capital ter', 'Abuja Federal Capital Territor', 160, '0.0000', 0, '2018-06-22 17:01:57', '2018-06-22 17:01:57', NULL),
(2649, 'adamawa', 'Adamawa', 160, '0.0000', 0, '2018-06-22 17:01:57', '2018-06-22 17:01:57', NULL),
(2650, 'akwa ibom', 'Akwa Ibom', 160, '0.0000', 0, '2018-06-22 17:01:57', '2018-06-22 17:01:57', NULL),
(2651, 'anambra', 'Anambra', 160, '0.0000', 0, '2018-06-22 17:01:57', '2018-06-22 17:01:57', NULL),
(2652, 'bauchi', 'Bauchi', 160, '0.0000', 0, '2018-06-22 17:01:57', '2018-06-22 17:01:57', NULL),
(2653, 'bayelsa', 'Bayelsa', 160, '0.0000', 0, '2018-06-22 17:01:57', '2018-06-22 17:01:57', NULL),
(2654, 'benue', 'Benue', 160, '0.0000', 0, '2018-06-22 17:01:57', '2018-06-22 17:01:57', NULL),
(2655, 'borno', 'Borno', 160, '0.0000', 0, '2018-06-22 17:01:57', '2018-06-22 17:01:57', NULL),
(2656, 'cross river', 'Cross River', 160, '0.0000', 0, '2018-06-22 17:01:57', '2018-06-22 17:01:57', NULL),
(2657, 'delta', 'Delta', 160, '0.0000', 0, '2018-06-22 17:01:57', '2018-06-22 17:01:57', NULL),
(2658, 'ebonyi', 'Ebonyi', 160, '0.0000', 0, '2018-06-22 17:01:57', '2018-06-22 17:01:57', NULL),
(2659, 'edo', 'Edo', 160, '0.0000', 0, '2018-06-22 17:01:57', '2018-06-22 17:01:57', NULL),
(2660, 'ekiti', 'Ekiti', 160, '0.0000', 0, '2018-06-22 17:01:57', '2018-06-22 17:01:57', NULL),
(2661, 'enugu', 'Enugu', 160, '0.0000', 0, '2018-06-22 17:01:57', '2018-06-22 17:01:57', NULL),
(2662, 'gombe', 'Gombe', 160, '0.0000', 0, '2018-06-22 17:01:57', '2018-06-22 17:01:57', NULL),
(2663, 'imo', 'Imo', 160, '0.0000', 0, '2018-06-22 17:01:57', '2018-06-22 17:01:57', NULL),
(2664, 'jigawa', 'Jigawa', 160, '0.0000', 0, '2018-06-22 17:01:57', '2018-06-22 17:01:57', NULL),
(2665, 'kaduna', 'Kaduna', 160, '0.0000', 0, '2018-06-22 17:01:57', '2018-06-22 17:01:57', NULL),
(2666, 'kano', 'Kano', 160, '0.0000', 0, '2018-06-22 17:01:57', '2018-06-22 17:01:57', NULL),
(2667, 'katsina', 'Katsina', 160, '0.0000', 0, '2018-06-22 17:01:57', '2018-06-22 17:01:57', NULL),
(2668, 'kebbi', 'Kebbi', 160, '0.0000', 0, '2018-06-22 17:01:57', '2018-06-22 17:01:57', NULL),
(2669, 'kogi', 'Kogi', 160, '0.0000', 0, '2018-06-22 17:01:57', '2018-06-22 17:01:57', NULL),
(2670, 'kwara', 'Kwara', 160, '0.0000', 0, '2018-06-22 17:01:57', '2018-06-22 17:01:57', NULL),
(2671, 'lagos', 'Lagos', 160, '0.0000', 0, '2018-06-22 17:01:57', '2018-06-22 17:01:57', NULL),
(2672, 'nassarawa', 'Nassarawa', 160, '0.0000', 0, '2018-06-22 17:01:57', '2018-06-22 17:01:57', NULL),
(2673, 'niger', 'Niger', 160, '0.0000', 0, '2018-06-22 17:01:57', '2018-06-22 17:01:57', NULL),
(2674, 'ogun', 'Ogun', 160, '0.0000', 0, '2018-06-22 17:01:57', '2018-06-22 17:01:57', NULL),
(2675, 'ondo', 'Ondo', 160, '0.0000', 0, '2018-06-22 17:01:57', '2018-06-22 17:01:57', NULL),
(2676, 'osun', 'Osun', 160, '0.0000', 0, '2018-06-22 17:01:57', '2018-06-22 17:01:57', NULL),
(2677, 'oyo', 'Oyo', 160, '0.0000', 0, '2018-06-22 17:01:57', '2018-06-22 17:01:57', NULL),
(2678, 'plateau', 'Plateau', 160, '0.0000', 0, '2018-06-22 17:01:57', '2018-06-22 17:01:57', NULL),
(2679, 'rivers', 'Rivers', 160, '0.0000', 0, '2018-06-22 17:01:57', '2018-06-22 17:01:57', NULL),
(2680, 'sokoto', 'Sokoto', 160, '0.0000', 0, '2018-06-22 17:01:57', '2018-06-22 17:01:57', NULL),
(2681, 'taraba', 'Taraba', 160, '0.0000', 0, '2018-06-22 17:01:57', '2018-06-22 17:01:57', NULL),
(2682, 'yobe', 'Yobe', 160, '0.0000', 0, '2018-06-22 17:01:57', '2018-06-22 17:01:57', NULL),
(2683, 'zamfara', 'Zamfara', 160, '0.0000', 0, '2018-06-22 17:01:57', '2018-06-22 17:01:57', NULL),
(2684, 'niue', 'Niue', 161, '0.0000', 0, '2018-06-22 17:01:57', '2018-06-22 17:01:57', NULL),
(2685, 'norfolk island', 'Norfolk Island', 162, '0.0000', 0, '2018-06-22 17:01:57', '2018-06-22 17:01:57', NULL),
(2686, 'northern islands', 'Northern Islands', 163, '0.0000', 0, '2018-06-22 17:01:57', '2018-06-22 17:01:57', NULL),
(2687, 'rota', 'Rota', 163, '0.0000', 0, '2018-06-22 17:01:57', '2018-06-22 17:01:57', NULL),
(2688, 'saipan', 'Saipan', 163, '0.0000', 0, '2018-06-22 17:01:57', '2018-06-22 17:01:57', NULL),
(2689, 'tinian', 'Tinian', 163, '0.0000', 0, '2018-06-22 17:01:57', '2018-06-22 17:01:57', NULL),
(2690, 'akershus', 'Akershus', 164, '0.0000', 0, '2018-06-22 17:01:57', '2018-06-22 17:01:57', NULL),
(2691, 'aust agder', 'Aust Agder', 164, '0.0000', 0, '2018-06-22 17:01:57', '2018-06-22 17:01:57', NULL),
(2692, 'bergen', 'Bergen', 164, '0.0000', 0, '2018-06-22 17:01:57', '2018-06-22 17:01:57', NULL),
(2693, 'buskerud', 'Buskerud', 164, '0.0000', 0, '2018-06-22 17:01:57', '2018-06-22 17:01:57', NULL),
(2694, 'finnmark', 'Finnmark', 164, '0.0000', 0, '2018-06-22 17:01:57', '2018-06-22 17:01:57', NULL),
(2695, 'hedmark', 'Hedmark', 164, '0.0000', 0, '2018-06-22 17:01:57', '2018-06-22 17:01:57', NULL),
(2696, 'hordaland', 'Hordaland', 164, '0.0000', 0, '2018-06-22 17:01:57', '2018-06-22 17:01:57', NULL),
(2697, 'moere og romsdal', 'Moere og Romsdal', 164, '0.0000', 0, '2018-06-22 17:01:57', '2018-06-22 17:01:57', NULL),
(2698, 'nord trondelag', 'Nord Trondelag', 164, '0.0000', 0, '2018-06-22 17:01:57', '2018-06-22 17:01:57', NULL),
(2699, 'nordland', 'Nordland', 164, '0.0000', 0, '2018-06-22 17:01:57', '2018-06-22 17:01:57', NULL),
(2700, 'oestfold', 'Oestfold', 164, '0.0000', 0, '2018-06-22 17:01:57', '2018-06-22 17:01:57', NULL),
(2701, 'oppland', 'Oppland', 164, '0.0000', 0, '2018-06-22 17:01:57', '2018-06-22 17:01:57', NULL),
(2702, 'oslo', 'Oslo', 164, '0.0000', 0, '2018-06-22 17:01:57', '2018-06-22 17:01:57', NULL),
(2703, 'rogaland', 'Rogaland', 164, '0.0000', 0, '2018-06-22 17:01:57', '2018-06-22 17:01:57', NULL),
(2704, 'soer troendelag', 'Soer Troendelag', 164, '0.0000', 0, '2018-06-22 17:01:57', '2018-06-22 17:01:57', NULL),
(2705, 'sogn og fjordane', 'Sogn og Fjordane', 164, '0.0000', 0, '2018-06-22 17:01:57', '2018-06-22 17:01:57', NULL),
(2706, 'stavern', 'Stavern', 164, '0.0000', 0, '2018-06-22 17:01:57', '2018-06-22 17:01:57', NULL),
(2707, 'sykkylven', 'Sykkylven', 164, '0.0000', 0, '2018-06-22 17:01:57', '2018-06-22 17:01:57', NULL),
(2708, 'telemark', 'Telemark', 164, '0.0000', 0, '2018-06-22 17:01:57', '2018-06-22 17:01:57', NULL),
(2709, 'troms', 'Troms', 164, '0.0000', 0, '2018-06-22 17:01:57', '2018-06-22 17:01:57', NULL),
(2710, 'vest agder', 'Vest Agder', 164, '0.0000', 0, '2018-06-22 17:01:57', '2018-06-22 17:01:57', NULL),
(2711, 'vestfold', 'Vestfold', 164, '0.0000', 0, '2018-06-22 17:01:57', '2018-06-22 17:01:57', NULL),
(2712, 'ÃƒÂ˜stfold', 'ÃƒÂ˜stfold', 164, '0.0000', 0, '2018-06-22 17:01:57', '2018-06-22 17:01:57', NULL),
(2713, 'al buraimi', 'Al Buraimi', 165, '0.0000', 0, '2018-06-22 17:01:57', '2018-06-22 17:01:57', NULL),
(2714, 'dhufar', 'Dhufar', 165, '0.0000', 0, '2018-06-22 17:01:57', '2018-06-22 17:01:57', NULL),
(2715, 'masqat', 'Masqat', 165, '0.0000', 0, '2018-06-22 17:01:57', '2018-06-22 17:01:57', NULL),
(2716, 'musandam', 'Musandam', 165, '0.0000', 0, '2018-06-22 17:01:57', '2018-06-22 17:01:57', NULL),
(2717, 'rusayl', 'Rusayl', 165, '0.0000', 0, '2018-06-22 17:01:57', '2018-06-22 17:01:57', NULL),
(2718, 'wadi kabir', 'Wadi Kabir', 165, '0.0000', 0, '2018-06-22 17:01:57', '2018-06-22 17:01:57', NULL),
(2719, 'ad-dakhiliyah', 'ad-Dakhiliyah', 165, '0.0000', 0, '2018-06-22 17:01:57', '2018-06-22 17:01:57', NULL),
(2720, 'adh-dhahirah', 'adh-Dhahirah', 165, '0.0000', 0, '2018-06-22 17:01:57', '2018-06-22 17:01:57', NULL),
(2721, 'al-batinah', 'al-Batinah', 165, '0.0000', 0, '2018-06-22 17:01:57', '2018-06-22 17:01:57', NULL),
(2722, 'ash-sharqiyah', 'ash-Sharqiyah', 165, '0.0000', 0, '2018-06-22 17:01:57', '2018-06-22 17:01:57', NULL),
(2723, 'baluchistan', 'Baluchistan', 166, '0.0000', 0, '2018-06-22 17:01:57', '2018-06-22 17:01:57', NULL),
(2724, 'federal capital area', 'Federal Capital Area', 166, '0.0000', 0, '2018-06-22 17:01:57', '2018-06-22 17:01:57', NULL),
(2725, 'federally administered tr', 'Federally administered Tribal', 166, '0.0000', 0, '2018-06-22 17:01:57', '2018-06-22 17:01:57', NULL),
(2726, 'north-west frontier', 'North-West Frontier', 166, '0.0000', 0, '2018-06-22 17:01:57', '2018-06-22 17:01:57', NULL),
(2727, 'northern areas', 'Northern Areas', 166, '0.0000', 0, '2018-06-22 17:01:57', '2018-06-22 17:01:57', NULL),
(2728, 'punjab', 'Punjab', 166, '0.0000', 0, '2018-06-22 17:01:57', '2018-06-22 17:01:57', NULL),
(2729, 'sind', 'Sind', 166, '0.0000', 0, '2018-06-22 17:01:57', '2018-06-22 17:01:57', NULL),
(2730, 'aimeliik', 'Aimeliik', 167, '0.0000', 0, '2018-06-22 17:01:57', '2018-06-22 17:01:57', NULL),
(2731, 'airai', 'Airai', 167, '0.0000', 0, '2018-06-22 17:01:57', '2018-06-22 17:01:57', NULL),
(2732, 'angaur', 'Angaur', 167, '0.0000', 0, '2018-06-22 17:01:57', '2018-06-22 17:01:57', NULL),
(2733, 'hatobohei', 'Hatobohei', 167, '0.0000', 0, '2018-06-22 17:01:57', '2018-06-22 17:01:57', NULL),
(2734, 'kayangel', 'Kayangel', 167, '0.0000', 0, '2018-06-22 17:01:57', '2018-06-22 17:01:57', NULL),
(2735, 'koror', 'Koror', 167, '0.0000', 0, '2018-06-22 17:01:57', '2018-06-22 17:01:57', NULL),
(2736, 'melekeok', 'Melekeok', 167, '0.0000', 0, '2018-06-22 17:01:57', '2018-06-22 17:01:57', NULL),
(2737, 'ngaraard', 'Ngaraard', 167, '0.0000', 0, '2018-06-22 17:01:57', '2018-06-22 17:01:57', NULL),
(2738, 'ngardmau', 'Ngardmau', 167, '0.0000', 0, '2018-06-22 17:01:57', '2018-06-22 17:01:57', NULL),
(2739, 'ngaremlengui', 'Ngaremlengui', 167, '0.0000', 0, '2018-06-22 17:01:57', '2018-06-22 17:01:57', NULL),
(2740, 'ngatpang', 'Ngatpang', 167, '0.0000', 0, '2018-06-22 17:01:57', '2018-06-22 17:01:57', NULL),
(2741, 'ngchesar', 'Ngchesar', 167, '0.0000', 0, '2018-06-22 17:01:57', '2018-06-22 17:01:57', NULL),
(2742, 'ngerchelong', 'Ngerchelong', 167, '0.0000', 0, '2018-06-22 17:01:57', '2018-06-22 17:01:57', NULL),
(2743, 'ngiwal', 'Ngiwal', 167, '0.0000', 0, '2018-06-22 17:01:57', '2018-06-22 17:01:57', NULL),
(2744, 'peleliu', 'Peleliu', 167, '0.0000', 0, '2018-06-22 17:01:57', '2018-06-22 17:01:57', NULL),
(2745, 'sonsorol', 'Sonsorol', 167, '0.0000', 0, '2018-06-22 17:01:57', '2018-06-22 17:01:57', NULL),
(2746, 'ariha', 'Ariha', 168, '0.0000', 0, '2018-06-22 17:01:57', '2018-06-22 17:01:57', NULL),
(2747, 'bayt lahm', 'Bayt Lahm', 168, '0.0000', 0, '2018-06-22 17:01:57', '2018-06-22 17:01:57', NULL),
(2748, 'bethlehem', 'Bethlehem', 168, '0.0000', 0, '2018-06-22 17:01:57', '2018-06-22 17:01:57', NULL),
(2749, 'dayr-al-balah', 'Dayr-al-Balah', 168, '0.0000', 0, '2018-06-22 17:01:57', '2018-06-22 17:01:57', NULL),
(2750, 'ghazzah', 'Ghazzah', 168, '0.0000', 0, '2018-06-22 17:01:57', '2018-06-22 17:01:57', NULL),
(2751, 'ghazzah ash-shamaliyah', 'Ghazzah ash-Shamaliyah', 168, '0.0000', 0, '2018-06-22 17:01:57', '2018-06-22 17:01:57', NULL),
(2752, 'janin', 'Janin', 168, '0.0000', 0, '2018-06-22 17:01:57', '2018-06-22 17:01:57', NULL),
(2753, 'khan yunis', 'Khan Yunis', 168, '0.0000', 0, '2018-06-22 17:01:57', '2018-06-22 17:01:57', NULL),
(2754, 'nabulus', 'Nabulus', 168, '0.0000', 0, '2018-06-22 17:01:57', '2018-06-22 17:01:57', NULL),
(2755, 'qalqilyah', 'Qalqilyah', 168, '0.0000', 0, '2018-06-22 17:01:57', '2018-06-22 17:01:57', NULL),
(2756, 'rafah', 'Rafah', 168, '0.0000', 0, '2018-06-22 17:01:57', '2018-06-22 17:01:57', NULL),
(2757, 'ram allah wal-birah', 'Ram Allah wal-Birah', 168, '0.0000', 0, '2018-06-22 17:01:57', '2018-06-22 17:01:57', NULL),
(2758, 'salfit', 'Salfit', 168, '0.0000', 0, '2018-06-22 17:01:57', '2018-06-22 17:01:57', NULL),
(2759, 'tubas', 'Tubas', 168, '0.0000', 0, '2018-06-22 17:01:57', '2018-06-22 17:01:57', NULL),
(2760, 'tulkarm', 'Tulkarm', 168, '0.0000', 0, '2018-06-22 17:01:57', '2018-06-22 17:01:57', NULL),
(2761, 'al-khalil', 'al-Khalil', 168, '0.0000', 0, '2018-06-22 17:01:57', '2018-06-22 17:01:57', NULL),
(2762, 'al-quds', 'al-Quds', 168, '0.0000', 0, '2018-06-22 17:01:57', '2018-06-22 17:01:57', NULL),
(2763, 'bocas del toro', 'Bocas del Toro', 169, '0.0000', 0, '2018-06-22 17:01:57', '2018-06-22 17:01:57', NULL),
(2764, 'chiriqui', 'Chiriqui', 169, '0.0000', 0, '2018-06-22 17:01:57', '2018-06-22 17:01:57', NULL),
(2765, 'cocle', 'Cocle', 169, '0.0000', 0, '2018-06-22 17:01:57', '2018-06-22 17:01:57', NULL),
(2766, 'colon', 'Colon', 169, '0.0000', 0, '2018-06-22 17:01:57', '2018-06-22 17:01:57', NULL),
(2767, 'darien', 'Darien', 169, '0.0000', 0, '2018-06-22 17:01:57', '2018-06-22 17:01:57', NULL),
(2768, 'embera', 'Embera', 169, '0.0000', 0, '2018-06-22 17:01:57', '2018-06-22 17:01:57', NULL),
(2769, 'herrera', 'Herrera', 169, '0.0000', 0, '2018-06-22 17:01:57', '2018-06-22 17:01:57', NULL),
(2770, 'kuna yala', 'Kuna Yala', 169, '0.0000', 0, '2018-06-22 17:01:57', '2018-06-22 17:01:57', NULL),
(2771, 'los santos', 'Los Santos', 169, '0.0000', 0, '2018-06-22 17:01:57', '2018-06-22 17:01:57', NULL),
(2772, 'ngobe bugle', 'Ngobe Bugle', 169, '0.0000', 0, '2018-06-22 17:01:57', '2018-06-22 17:01:57', NULL),
(2773, 'panama', 'Panama', 169, '0.0000', 0, '2018-06-22 17:01:57', '2018-06-22 17:01:57', NULL),
(2774, 'veraguas', 'Veraguas', 169, '0.0000', 0, '2018-06-22 17:01:57', '2018-06-22 17:01:57', NULL),
(2775, 'east new britain', 'East New Britain', 170, '0.0000', 0, '2018-06-22 17:01:57', '2018-06-22 17:01:57', NULL),
(2776, 'east sepik', 'East Sepik', 170, '0.0000', 0, '2018-06-22 17:01:57', '2018-06-22 17:01:57', NULL),
(2777, 'eastern highlands', 'Eastern Highlands', 170, '0.0000', 0, '2018-06-22 17:01:57', '2018-06-22 17:01:57', NULL),
(2778, 'enga', 'Enga', 170, '0.0000', 0, '2018-06-22 17:01:57', '2018-06-22 17:01:57', NULL),
(2779, 'fly river', 'Fly River', 170, '0.0000', 0, '2018-06-22 17:01:57', '2018-06-22 17:01:57', NULL),
(2780, 'gulf', 'Gulf', 170, '0.0000', 0, '2018-06-22 17:01:57', '2018-06-22 17:01:57', NULL),
(2781, 'madang', 'Madang', 170, '0.0000', 0, '2018-06-22 17:01:57', '2018-06-22 17:01:57', NULL),
(2782, 'manus', 'Manus', 170, '0.0000', 0, '2018-06-22 17:01:57', '2018-06-22 17:01:57', NULL),
(2783, 'milne bay', 'Milne Bay', 170, '0.0000', 0, '2018-06-22 17:01:57', '2018-06-22 17:01:57', NULL),
(2784, 'morobe', 'Morobe', 170, '0.0000', 0, '2018-06-22 17:01:57', '2018-06-22 17:01:57', NULL),
(2785, 'national capital district', 'National Capital District', 170, '0.0000', 0, '2018-06-22 17:01:57', '2018-06-22 17:01:57', NULL),
(2786, 'new ireland', 'New Ireland', 170, '0.0000', 0, '2018-06-22 17:01:57', '2018-06-22 17:01:57', NULL),
(2787, 'north solomons', 'North Solomons', 170, '0.0000', 0, '2018-06-22 17:01:57', '2018-06-22 17:01:57', NULL),
(2788, 'oro', 'Oro', 170, '0.0000', 0, '2018-06-22 17:01:57', '2018-06-22 17:01:57', NULL),
(2789, 'sandaun', 'Sandaun', 170, '0.0000', 0, '2018-06-22 17:01:57', '2018-06-22 17:01:57', NULL),
(2790, 'simbu', 'Simbu', 170, '0.0000', 0, '2018-06-22 17:01:57', '2018-06-22 17:01:57', NULL),
(2791, 'southern highlands', 'Southern Highlands', 170, '0.0000', 0, '2018-06-22 17:01:57', '2018-06-22 17:01:57', NULL),
(2792, 'west new britain', 'West New Britain', 170, '0.0000', 0, '2018-06-22 17:01:57', '2018-06-22 17:01:57', NULL),
(2793, 'western highlands', 'Western Highlands', 170, '0.0000', 0, '2018-06-22 17:01:57', '2018-06-22 17:01:57', NULL),
(2794, 'alto paraguay', 'Alto Paraguay', 171, '0.0000', 0, '2018-06-22 17:01:57', '2018-06-22 17:01:57', NULL),
(2795, 'alto parana', 'Alto Parana', 171, '0.0000', 0, '2018-06-22 17:01:57', '2018-06-22 17:01:57', NULL),
(2796, 'amambay', 'Amambay', 171, '0.0000', 0, '2018-06-22 17:01:57', '2018-06-22 17:01:57', NULL),
(2797, 'asuncion', 'Asuncion', 171, '0.0000', 0, '2018-06-22 17:01:57', '2018-06-22 17:01:57', NULL),
(2798, 'boqueron', 'Boqueron', 171, '0.0000', 0, '2018-06-22 17:01:57', '2018-06-22 17:01:57', NULL),
(2799, 'caaguazu', 'Caaguazu', 171, '0.0000', 0, '2018-06-22 17:01:57', '2018-06-22 17:01:57', NULL),
(2800, 'caazapa', 'Caazapa', 171, '0.0000', 0, '2018-06-22 17:01:57', '2018-06-22 17:01:57', NULL),
(2801, 'canendiyu', 'Canendiyu', 171, '0.0000', 0, '2018-06-22 17:01:57', '2018-06-22 17:01:57', NULL),
(2802, 'central', 'Central', 171, '0.0000', 0, '2018-06-22 17:01:57', '2018-06-22 17:01:57', NULL),
(2803, 'concepcion', 'Concepcion', 171, '0.0000', 0, '2018-06-22 17:01:57', '2018-06-22 17:01:57', NULL),
(2804, 'cordillera', 'Cordillera', 171, '0.0000', 0, '2018-06-22 17:01:57', '2018-06-22 17:01:57', NULL),
(2805, 'guaira', 'Guaira', 171, '0.0000', 0, '2018-06-22 17:01:57', '2018-06-22 17:01:57', NULL),
(2806, 'itapua', 'Itapua', 171, '0.0000', 0, '2018-06-22 17:01:57', '2018-06-22 17:01:57', NULL),
(2807, 'misiones', 'Misiones', 171, '0.0000', 0, '2018-06-22 17:01:57', '2018-06-22 17:01:57', NULL),
(2808, 'neembucu', 'Neembucu', 171, '0.0000', 0, '2018-06-22 17:01:57', '2018-06-22 17:01:57', NULL),
(2809, 'paraguari', 'Paraguari', 171, '0.0000', 0, '2018-06-22 17:01:57', '2018-06-22 17:01:57', NULL),
(2810, 'presidente hayes', 'Presidente Hayes', 171, '0.0000', 0, '2018-06-22 17:01:57', '2018-06-22 17:01:57', NULL),
(2811, 'san pedro', 'San Pedro', 171, '0.0000', 0, '2018-06-22 17:01:57', '2018-06-22 17:01:57', NULL),
(2812, 'amazonas', 'Amazonas', 172, '0.0000', 0, '2018-06-22 17:01:57', '2018-06-22 17:01:57', NULL),
(2813, 'ancash', 'Ancash', 172, '0.0000', 0, '2018-06-22 17:01:57', '2018-06-22 17:01:57', NULL),
(2814, 'apurimac', 'Apurimac', 172, '0.0000', 0, '2018-06-22 17:01:57', '2018-06-22 17:01:57', NULL),
(2815, 'arequipa', 'Arequipa', 172, '0.0000', 0, '2018-06-22 17:01:57', '2018-06-22 17:01:57', NULL),
(2816, 'ayacucho', 'Ayacucho', 172, '0.0000', 0, '2018-06-22 17:01:57', '2018-06-22 17:01:57', NULL),
(2817, 'cajamarca', 'Cajamarca', 172, '0.0000', 0, '2018-06-22 17:01:57', '2018-06-22 17:01:57', NULL),
(2818, 'cusco', 'Cusco', 172, '0.0000', 0, '2018-06-22 17:01:57', '2018-06-22 17:01:57', NULL),
(2819, 'huancavelica', 'Huancavelica', 172, '0.0000', 0, '2018-06-22 17:01:57', '2018-06-22 17:01:57', NULL),
(2820, 'huanuco', 'Huanuco', 172, '0.0000', 0, '2018-06-22 17:01:57', '2018-06-22 17:01:57', NULL),
(2821, 'ica', 'Ica', 172, '0.0000', 0, '2018-06-22 17:01:57', '2018-06-22 17:01:57', NULL),
(2822, 'junin', 'Junin', 172, '0.0000', 0, '2018-06-22 17:01:57', '2018-06-22 17:01:57', NULL),
(2823, 'la libertad', 'La Libertad', 172, '0.0000', 0, '2018-06-22 17:01:57', '2018-06-22 17:01:57', NULL),
(2824, 'lambayeque', 'Lambayeque', 172, '0.0000', 0, '2018-06-22 17:01:57', '2018-06-22 17:01:57', NULL),
(2825, 'lima y callao', 'Lima y Callao', 172, '0.0000', 0, '2018-06-22 17:01:57', '2018-06-22 17:01:57', NULL),
(2826, 'loreto', 'Loreto', 172, '0.0000', 0, '2018-06-22 17:01:57', '2018-06-22 17:01:57', NULL),
(2827, 'madre de dios', 'Madre de Dios', 172, '0.0000', 0, '2018-06-22 17:01:57', '2018-06-22 17:01:57', NULL),
(2828, 'moquegua', 'Moquegua', 172, '0.0000', 0, '2018-06-22 17:01:57', '2018-06-22 17:01:57', NULL),
(2829, 'pasco', 'Pasco', 172, '0.0000', 0, '2018-06-22 17:01:57', '2018-06-22 17:01:57', NULL),
(2830, 'piura', 'Piura', 172, '0.0000', 0, '2018-06-22 17:01:57', '2018-06-22 17:01:57', NULL),
(2831, 'puno', 'Puno', 172, '0.0000', 0, '2018-06-22 17:01:57', '2018-06-22 17:01:57', NULL),
(2832, 'san martin', 'San Martin', 172, '0.0000', 0, '2018-06-22 17:01:57', '2018-06-22 17:01:57', NULL),
(2833, 'tacna', 'Tacna', 172, '0.0000', 0, '2018-06-22 17:01:57', '2018-06-22 17:01:57', NULL),
(2834, 'tumbes', 'Tumbes', 172, '0.0000', 0, '2018-06-22 17:01:57', '2018-06-22 17:01:57', NULL),
(2835, 'ucayali', 'Ucayali', 172, '0.0000', 0, '2018-06-22 17:01:57', '2018-06-22 17:01:57', NULL),
(2836, 'batangas', 'Batangas', 173, '0.0000', 0, '2018-06-22 17:01:57', '2018-06-22 17:01:57', NULL),
(2837, 'bicol', 'Bicol', 173, '0.0000', 0, '2018-06-22 17:01:57', '2018-06-22 17:01:57', NULL),
(2838, 'bulacan', 'Bulacan', 173, '0.0000', 0, '2018-06-22 17:01:57', '2018-06-22 17:01:57', NULL),
(2839, 'cagayan', 'Cagayan', 173, '0.0000', 0, '2018-06-22 17:01:57', '2018-06-22 17:01:57', NULL),
(2840, 'caraga', 'Caraga', 173, '0.0000', 0, '2018-06-22 17:01:57', '2018-06-22 17:01:57', NULL),
(2841, 'central luzon', 'Central Luzon', 173, '0.0000', 0, '2018-06-22 17:01:57', '2018-06-22 17:01:57', NULL),
(2842, 'central mindanao', 'Central Mindanao', 173, '0.0000', 0, '2018-06-22 17:01:57', '2018-06-22 17:01:57', NULL),
(2843, 'central visayas', 'Central Visayas', 173, '0.0000', 0, '2018-06-22 17:01:57', '2018-06-22 17:01:57', NULL),
(2844, 'cordillera', 'Cordillera', 173, '0.0000', 0, '2018-06-22 17:01:57', '2018-06-22 17:01:57', NULL),
(2845, 'davao', 'Davao', 173, '0.0000', 0, '2018-06-22 17:01:57', '2018-06-22 17:01:57', NULL),
(2846, 'eastern visayas', 'Eastern Visayas', 173, '0.0000', 0, '2018-06-22 17:01:57', '2018-06-22 17:01:57', NULL),
(2847, 'greater metropolitan area', 'Greater Metropolitan Area', 173, '0.0000', 0, '2018-06-22 17:01:57', '2018-06-22 17:01:57', NULL),
(2848, 'ilocos', 'Ilocos', 173, '0.0000', 0, '2018-06-22 17:01:57', '2018-06-22 17:01:57', NULL),
(2849, 'laguna', 'Laguna', 173, '0.0000', 0, '2018-06-22 17:01:57', '2018-06-22 17:01:57', NULL),
(2850, 'luzon', 'Luzon', 173, '0.0000', 0, '2018-06-22 17:01:57', '2018-06-22 17:01:57', NULL),
(2851, 'mactan', 'Mactan', 173, '0.0000', 0, '2018-06-22 17:01:57', '2018-06-22 17:01:57', NULL),
(2852, 'metropolitan manila area', 'Metropolitan Manila Area', 173, '0.0000', 0, '2018-06-22 17:01:57', '2018-06-22 17:01:57', NULL),
(2853, 'muslim mindanao', 'Muslim Mindanao', 173, '0.0000', 0, '2018-06-22 17:01:57', '2018-06-22 17:01:57', NULL),
(2854, 'northern mindanao', 'Northern Mindanao', 173, '0.0000', 0, '2018-06-22 17:01:57', '2018-06-22 17:01:57', NULL),
(2855, 'southern mindanao', 'Southern Mindanao', 173, '0.0000', 0, '2018-06-22 17:01:57', '2018-06-22 17:01:57', NULL),
(2856, 'southern tagalog', 'Southern Tagalog', 173, '0.0000', 0, '2018-06-22 17:01:57', '2018-06-22 17:01:57', NULL),
(2857, 'western mindanao', 'Western Mindanao', 173, '0.0000', 0, '2018-06-22 17:01:57', '2018-06-22 17:01:57', NULL),
(2858, 'western visayas', 'Western Visayas', 173, '0.0000', 0, '2018-06-22 17:01:57', '2018-06-22 17:01:57', NULL),
(2859, 'pitcairn island', 'Pitcairn Island', 174, '0.0000', 0, '2018-06-22 17:01:57', '2018-06-22 17:01:57', NULL),
(2860, 'biale blota', 'Biale Blota', 175, '0.0000', 0, '2018-06-22 17:01:57', '2018-06-22 17:01:57', NULL),
(2861, 'dobroszyce', 'Dobroszyce', 175, '0.0000', 0, '2018-06-22 17:01:57', '2018-06-22 17:01:57', NULL),
(2862, 'dolnoslaskie', 'Dolnoslaskie', 175, '0.0000', 0, '2018-06-22 17:01:57', '2018-06-22 17:01:57', NULL),
(2863, 'dziekanow lesny', 'Dziekanow Lesny', 175, '0.0000', 0, '2018-06-22 17:01:57', '2018-06-22 17:01:57', NULL),
(2864, 'hopowo', 'Hopowo', 175, '0.0000', 0, '2018-06-22 17:01:57', '2018-06-22 17:01:57', NULL),
(2865, 'kartuzy', 'Kartuzy', 175, '0.0000', 0, '2018-06-22 17:01:57', '2018-06-22 17:01:57', NULL),
(2866, 'koscian', 'Koscian', 175, '0.0000', 0, '2018-06-22 17:01:57', '2018-06-22 17:01:57', NULL),
(2867, 'krakow', 'Krakow', 175, '0.0000', 0, '2018-06-22 17:01:57', '2018-06-22 17:01:57', NULL),
(2868, 'kujawsko-pomorskie', 'Kujawsko-Pomorskie', 175, '0.0000', 0, '2018-06-22 17:01:57', '2018-06-22 17:01:57', NULL),
(2869, 'lodzkie', 'Lodzkie', 175, '0.0000', 0, '2018-06-22 17:01:57', '2018-06-22 17:01:57', NULL),
(2870, 'lubelskie', 'Lubelskie', 175, '0.0000', 0, '2018-06-22 17:01:57', '2018-06-22 17:01:57', NULL),
(2871, 'lubuskie', 'Lubuskie', 175, '0.0000', 0, '2018-06-22 17:01:57', '2018-06-22 17:01:57', NULL),
(2872, 'malomice', 'Malomice', 175, '0.0000', 0, '2018-06-22 17:01:57', '2018-06-22 17:01:57', NULL),
(2873, 'malopolskie', 'Malopolskie', 175, '0.0000', 0, '2018-06-22 17:01:57', '2018-06-22 17:01:57', NULL),
(2874, 'mazowieckie', 'Mazowieckie', 175, '0.0000', 0, '2018-06-22 17:01:57', '2018-06-22 17:01:57', NULL),
(2875, 'mirkow', 'Mirkow', 175, '0.0000', 0, '2018-06-22 17:01:57', '2018-06-22 17:01:57', NULL),
(2876, 'opolskie', 'Opolskie', 175, '0.0000', 0, '2018-06-22 17:01:57', '2018-06-22 17:01:57', NULL),
(2877, 'ostrowiec', 'Ostrowiec', 175, '0.0000', 0, '2018-06-22 17:01:57', '2018-06-22 17:01:57', NULL),
(2878, 'podkarpackie', 'Podkarpackie', 175, '0.0000', 0, '2018-06-22 17:01:57', '2018-06-22 17:01:57', NULL),
(2879, 'podlaskie', 'Podlaskie', 175, '0.0000', 0, '2018-06-22 17:01:57', '2018-06-22 17:01:57', NULL),
(2880, 'polska', 'Polska', 175, '0.0000', 0, '2018-06-22 17:01:57', '2018-06-22 17:01:57', NULL),
(2881, 'pomorskie', 'Pomorskie', 175, '0.0000', 0, '2018-06-22 17:01:57', '2018-06-22 17:01:57', NULL),
(2882, 'poznan', 'Poznan', 175, '0.0000', 0, '2018-06-22 17:01:57', '2018-06-22 17:01:57', NULL),
(2883, 'pruszkow', 'Pruszkow', 175, '0.0000', 0, '2018-06-22 17:01:57', '2018-06-22 17:01:57', NULL),
(2884, 'rymanowska', 'Rymanowska', 175, '0.0000', 0, '2018-06-22 17:01:57', '2018-06-22 17:01:57', NULL),
(2885, 'rzeszow', 'Rzeszow', 175, '0.0000', 0, '2018-06-22 17:01:57', '2018-06-22 17:01:57', NULL),
(2886, 'slaskie', 'Slaskie', 175, '0.0000', 0, '2018-06-22 17:01:57', '2018-06-22 17:01:57', NULL),
(2887, 'stare pole', 'Stare Pole', 175, '0.0000', 0, '2018-06-22 17:01:57', '2018-06-22 17:01:57', NULL),
(2888, 'swietokrzyskie', 'Swietokrzyskie', 175, '0.0000', 0, '2018-06-22 17:01:57', '2018-06-22 17:01:57', NULL),
(2889, 'warminsko-mazurskie', 'Warminsko-Mazurskie', 175, '0.0000', 0, '2018-06-22 17:01:57', '2018-06-22 17:01:57', NULL),
(2890, 'warsaw', 'Warsaw', 175, '0.0000', 0, '2018-06-22 17:01:57', '2018-06-22 17:01:57', NULL),
(2891, 'wejherowo', 'Wejherowo', 175, '0.0000', 0, '2018-06-22 17:01:57', '2018-06-22 17:01:57', NULL),
(2892, 'wielkopolskie', 'Wielkopolskie', 175, '0.0000', 0, '2018-06-22 17:01:57', '2018-06-22 17:01:57', NULL),
(2893, 'wroclaw', 'Wroclaw', 175, '0.0000', 0, '2018-06-22 17:01:57', '2018-06-22 17:01:57', NULL),
(2894, 'zachodnio-pomorskie', 'Zachodnio-Pomorskie', 175, '0.0000', 0, '2018-06-22 17:01:57', '2018-06-22 17:01:57', NULL),
(2895, 'zukowo', 'Zukowo', 175, '0.0000', 0, '2018-06-22 17:01:57', '2018-06-22 17:01:57', NULL),
(2896, 'abrantes', 'Abrantes', 176, '0.0000', 0, '2018-06-22 17:01:57', '2018-06-22 17:01:57', NULL),
(2897, 'acores', 'Acores', 176, '0.0000', 0, '2018-06-22 17:01:57', '2018-06-22 17:01:57', NULL),
(2898, 'alentejo', 'Alentejo', 176, '0.0000', 0, '2018-06-22 17:01:57', '2018-06-22 17:01:57', NULL),
(2899, 'algarve', 'Algarve', 176, '0.0000', 0, '2018-06-22 17:01:57', '2018-06-22 17:01:57', NULL),
(2900, 'braga', 'Braga', 176, '0.0000', 0, '2018-06-22 17:01:57', '2018-06-22 17:01:57', NULL),
(2901, 'centro', 'Centro', 176, '0.0000', 0, '2018-06-22 17:01:57', '2018-06-22 17:01:57', NULL),
(2902, 'distrito de leiria', 'Distrito de Leiria', 176, '0.0000', 0, '2018-06-22 17:01:57', '2018-06-22 17:01:57', NULL),
(2903, 'distrito de viana do cast', 'Distrito de Viana do Castelo', 176, '0.0000', 0, '2018-06-22 17:01:57', '2018-06-22 17:01:57', NULL),
(2904, 'distrito de vila real', 'Distrito de Vila Real', 176, '0.0000', 0, '2018-06-22 17:01:57', '2018-06-22 17:01:57', NULL),
(2905, 'distrito do porto', 'Distrito do Porto', 176, '0.0000', 0, '2018-06-22 17:01:57', '2018-06-22 17:01:57', NULL),
(2906, 'lisboa e vale do tejo', 'Lisboa e Vale do Tejo', 176, '0.0000', 0, '2018-06-22 17:01:57', '2018-06-22 17:01:57', NULL),
(2907, 'madeira', 'Madeira', 176, '0.0000', 0, '2018-06-22 17:01:57', '2018-06-22 17:01:57', NULL),
(2908, 'norte', 'Norte', 176, '0.0000', 0, '2018-06-22 17:01:57', '2018-06-22 17:01:57', NULL),
(2909, 'paivas', 'Paivas', 176, '0.0000', 0, '2018-06-22 17:01:57', '2018-06-22 17:01:57', NULL),
(2910, 'arecibo', 'Arecibo', 177, '0.0000', 0, '2018-06-22 17:01:57', '2018-06-22 17:01:57', NULL),
(2911, 'bayamon', 'Bayamon', 177, '0.0000', 0, '2018-06-22 17:01:57', '2018-06-22 17:01:57', NULL),
(2912, 'carolina', 'Carolina', 177, '0.0000', 0, '2018-06-22 17:01:57', '2018-06-22 17:01:57', NULL),
(2913, 'florida', 'Florida', 177, '0.0000', 0, '2018-06-22 17:01:57', '2018-06-22 17:01:57', NULL),
(2914, 'guayama', 'Guayama', 177, '0.0000', 0, '2018-06-22 17:01:57', '2018-06-22 17:01:57', NULL),
(2915, 'humacao', 'Humacao', 177, '0.0000', 0, '2018-06-22 17:01:57', '2018-06-22 17:01:57', NULL),
(2916, 'mayaguez-aguadilla', 'Mayaguez-Aguadilla', 177, '0.0000', 0, '2018-06-22 17:01:57', '2018-06-22 17:01:57', NULL),
(2917, 'ponce', 'Ponce', 177, '0.0000', 0, '2018-06-22 17:01:57', '2018-06-22 17:01:57', NULL),
(2918, 'salinas', 'Salinas', 177, '0.0000', 0, '2018-06-22 17:01:57', '2018-06-22 17:01:57', NULL),
(2919, 'san juan', 'San Juan', 177, '0.0000', 0, '2018-06-22 17:01:57', '2018-06-22 17:01:57', NULL),
(2920, 'doha', 'Doha', 178, '0.0000', 0, '2018-06-22 17:01:57', '2018-06-22 17:01:57', NULL),
(2921, 'jarian-al-batnah', 'Jarian-al-Batnah', 178, '0.0000', 0, '2018-06-22 17:01:57', '2018-06-22 17:01:57', NULL),
(2922, 'umm salal', 'Umm Salal', 178, '0.0000', 0, '2018-06-22 17:01:57', '2018-06-22 17:01:57', NULL),
(2923, 'ad-dawhah', 'ad-Dawhah', 178, '0.0000', 0, '2018-06-22 17:01:57', '2018-06-22 17:01:57', NULL),
(2924, 'al-ghuwayriyah', 'al-Ghuwayriyah', 178, '0.0000', 0, '2018-06-22 17:01:57', '2018-06-22 17:01:57', NULL),
(2925, 'al-jumayliyah', 'al-Jumayliyah', 178, '0.0000', 0, '2018-06-22 17:01:57', '2018-06-22 17:01:57', NULL),
(2926, 'al-khawr', 'al-Khawr', 178, '0.0000', 0, '2018-06-22 17:01:57', '2018-06-22 17:01:57', NULL),
(2927, 'al-wakrah', 'al-Wakrah', 178, '0.0000', 0, '2018-06-22 17:01:57', '2018-06-22 17:01:57', NULL),
(2928, 'ar-rayyan', 'ar-Rayyan', 178, '0.0000', 0, '2018-06-22 17:01:57', '2018-06-22 17:01:57', NULL),
(2929, 'ash-shamal', 'ash-Shamal', 178, '0.0000', 0, '2018-06-22 17:01:57', '2018-06-22 17:01:57', NULL),
(2930, 'saint-benoit', 'Saint-Benoit', 179, '0.0000', 0, '2018-06-22 17:01:57', '2018-06-22 17:01:57', NULL),
(2931, 'saint-denis', 'Saint-Denis', 179, '0.0000', 0, '2018-06-22 17:01:57', '2018-06-22 17:01:57', NULL),
(2932, 'saint-paul', 'Saint-Paul', 179, '0.0000', 0, '2018-06-22 17:01:57', '2018-06-22 17:01:57', NULL),
(2933, 'saint-pierre', 'Saint-Pierre', 179, '0.0000', 0, '2018-06-22 17:01:57', '2018-06-22 17:01:57', NULL),
(2934, 'alba', 'Alba', 180, '0.0000', 0, '2018-06-22 17:01:57', '2018-06-22 17:01:57', NULL),
(2935, 'arad', 'Arad', 180, '0.0000', 0, '2018-06-22 17:01:57', '2018-06-22 17:01:57', NULL),
(2936, 'arges', 'Arges', 180, '0.0000', 0, '2018-06-22 17:01:57', '2018-06-22 17:01:57', NULL),
(2937, 'bacau', 'Bacau', 180, '0.0000', 0, '2018-06-22 17:01:57', '2018-06-22 17:01:57', NULL),
(2938, 'bihor', 'Bihor', 180, '0.0000', 0, '2018-06-22 17:01:57', '2018-06-22 17:01:57', NULL),
(2939, 'bistrita-nasaud', 'Bistrita-Nasaud', 180, '0.0000', 0, '2018-06-22 17:01:57', '2018-06-22 17:01:57', NULL),
(2940, 'botosani', 'Botosani', 180, '0.0000', 0, '2018-06-22 17:01:57', '2018-06-22 17:01:57', NULL),
(2941, 'braila', 'Braila', 180, '0.0000', 0, '2018-06-22 17:01:57', '2018-06-22 17:01:57', NULL),
(2942, 'brasov', 'Brasov', 180, '0.0000', 0, '2018-06-22 17:01:57', '2018-06-22 17:01:57', NULL),
(2943, 'bucuresti', 'Bucuresti', 180, '0.0000', 0, '2018-06-22 17:01:57', '2018-06-22 17:01:57', NULL),
(2944, 'buzau', 'Buzau', 180, '0.0000', 0, '2018-06-22 17:01:57', '2018-06-22 17:01:57', NULL),
(2945, 'calarasi', 'Calarasi', 180, '0.0000', 0, '2018-06-22 17:01:57', '2018-06-22 17:01:57', NULL),
(2946, 'caras-severin', 'Caras-Severin', 180, '0.0000', 0, '2018-06-22 17:01:57', '2018-06-22 17:01:57', NULL),
(2947, 'cluj', 'Cluj', 180, '0.0000', 0, '2018-06-22 17:01:57', '2018-06-22 17:01:57', NULL),
(2948, 'constanta', 'Constanta', 180, '0.0000', 0, '2018-06-22 17:01:57', '2018-06-22 17:01:57', NULL),
(2949, 'covasna', 'Covasna', 180, '0.0000', 0, '2018-06-22 17:01:57', '2018-06-22 17:01:57', NULL),
(2950, 'dambovita', 'Dambovita', 180, '0.0000', 0, '2018-06-22 17:01:57', '2018-06-22 17:01:57', NULL),
(2951, 'dolj', 'Dolj', 180, '0.0000', 0, '2018-06-22 17:01:57', '2018-06-22 17:01:57', NULL),
(2952, 'galati', 'Galati', 180, '0.0000', 0, '2018-06-22 17:01:57', '2018-06-22 17:01:57', NULL),
(2953, 'giurgiu', 'Giurgiu', 180, '0.0000', 0, '2018-06-22 17:01:57', '2018-06-22 17:01:57', NULL),
(2954, 'gorj', 'Gorj', 180, '0.0000', 0, '2018-06-22 17:01:57', '2018-06-22 17:01:57', NULL),
(2955, 'harghita', 'Harghita', 180, '0.0000', 0, '2018-06-22 17:01:57', '2018-06-22 17:01:57', NULL),
(2956, 'hunedoara', 'Hunedoara', 180, '0.0000', 0, '2018-06-22 17:01:57', '2018-06-22 17:01:57', NULL),
(2957, 'ialomita', 'Ialomita', 180, '0.0000', 0, '2018-06-22 17:01:57', '2018-06-22 17:01:57', NULL),
(2958, 'iasi', 'Iasi', 180, '0.0000', 0, '2018-06-22 17:01:57', '2018-06-22 17:01:57', NULL);
INSERT INTO `states` (`id`, `code`, `name`, `country_id`, `tax`, `is_default`, `created_at`, `updated_at`, `deleted_at`) VALUES
(2959, 'ilfov', 'Ilfov', 180, '0.0000', 0, '2018-06-22 17:01:57', '2018-06-22 17:01:57', NULL),
(2960, 'maramures', 'Maramures', 180, '0.0000', 0, '2018-06-22 17:01:57', '2018-06-22 17:01:57', NULL),
(2961, 'mehedinti', 'Mehedinti', 180, '0.0000', 0, '2018-06-22 17:01:57', '2018-06-22 17:01:57', NULL),
(2962, 'mures', 'Mures', 180, '0.0000', 0, '2018-06-22 17:01:57', '2018-06-22 17:01:57', NULL),
(2963, 'neamt', 'Neamt', 180, '0.0000', 0, '2018-06-22 17:01:57', '2018-06-22 17:01:57', NULL),
(2964, 'olt', 'Olt', 180, '0.0000', 0, '2018-06-22 17:01:57', '2018-06-22 17:01:57', NULL),
(2965, 'prahova', 'Prahova', 180, '0.0000', 0, '2018-06-22 17:01:57', '2018-06-22 17:01:57', NULL),
(2966, 'salaj', 'Salaj', 180, '0.0000', 0, '2018-06-22 17:01:57', '2018-06-22 17:01:57', NULL),
(2967, 'satu mare', 'Satu Mare', 180, '0.0000', 0, '2018-06-22 17:01:57', '2018-06-22 17:01:57', NULL),
(2968, 'sibiu', 'Sibiu', 180, '0.0000', 0, '2018-06-22 17:01:57', '2018-06-22 17:01:57', NULL),
(2969, 'sondelor', 'Sondelor', 180, '0.0000', 0, '2018-06-22 17:01:57', '2018-06-22 17:01:57', NULL),
(2970, 'suceava', 'Suceava', 180, '0.0000', 0, '2018-06-22 17:01:57', '2018-06-22 17:01:57', NULL),
(2971, 'teleorman', 'Teleorman', 180, '0.0000', 0, '2018-06-22 17:01:57', '2018-06-22 17:01:57', NULL),
(2972, 'timis', 'Timis', 180, '0.0000', 0, '2018-06-22 17:01:57', '2018-06-22 17:01:57', NULL),
(2973, 'tulcea', 'Tulcea', 180, '0.0000', 0, '2018-06-22 17:01:57', '2018-06-22 17:01:57', NULL),
(2974, 'valcea', 'Valcea', 180, '0.0000', 0, '2018-06-22 17:01:57', '2018-06-22 17:01:57', NULL),
(2975, 'vaslui', 'Vaslui', 180, '0.0000', 0, '2018-06-22 17:01:57', '2018-06-22 17:01:57', NULL),
(2976, 'vrancea', 'Vrancea', 180, '0.0000', 0, '2018-06-22 17:01:57', '2018-06-22 17:01:57', NULL),
(2977, 'adygeja', 'Adygeja', 181, '0.0000', 0, '2018-06-22 17:01:57', '2018-06-22 17:01:57', NULL),
(2978, 'aga', 'Aga', 181, '0.0000', 0, '2018-06-22 17:01:57', '2018-06-22 17:01:57', NULL),
(2979, 'alanija', 'Alanija', 181, '0.0000', 0, '2018-06-22 17:01:57', '2018-06-22 17:01:57', NULL),
(2980, 'altaj', 'Altaj', 181, '0.0000', 0, '2018-06-22 17:01:57', '2018-06-22 17:01:57', NULL),
(2981, 'amur', 'Amur', 181, '0.0000', 0, '2018-06-22 17:01:57', '2018-06-22 17:01:57', NULL),
(2982, 'arhangelsk', 'Arhangelsk', 181, '0.0000', 0, '2018-06-22 17:01:57', '2018-06-22 17:01:57', NULL),
(2983, 'astrahan', 'Astrahan', 181, '0.0000', 0, '2018-06-22 17:01:57', '2018-06-22 17:01:57', NULL),
(2984, 'bashkortostan', 'Bashkortostan', 181, '0.0000', 0, '2018-06-22 17:01:57', '2018-06-22 17:01:57', NULL),
(2985, 'belgorod', 'Belgorod', 181, '0.0000', 0, '2018-06-22 17:01:57', '2018-06-22 17:01:57', NULL),
(2986, 'brjansk', 'Brjansk', 181, '0.0000', 0, '2018-06-22 17:01:57', '2018-06-22 17:01:57', NULL),
(2987, 'burjatija', 'Burjatija', 181, '0.0000', 0, '2018-06-22 17:01:57', '2018-06-22 17:01:57', NULL),
(2988, 'chechenija', 'Chechenija', 181, '0.0000', 0, '2018-06-22 17:01:57', '2018-06-22 17:01:57', NULL),
(2989, 'cheljabinsk', 'Cheljabinsk', 181, '0.0000', 0, '2018-06-22 17:01:57', '2018-06-22 17:01:57', NULL),
(2990, 'chita', 'Chita', 181, '0.0000', 0, '2018-06-22 17:01:57', '2018-06-22 17:01:57', NULL),
(2991, 'chukotka', 'Chukotka', 181, '0.0000', 0, '2018-06-22 17:01:57', '2018-06-22 17:01:57', NULL),
(2992, 'chuvashija', 'Chuvashija', 181, '0.0000', 0, '2018-06-22 17:01:57', '2018-06-22 17:01:57', NULL),
(2993, 'dagestan', 'Dagestan', 181, '0.0000', 0, '2018-06-22 17:01:57', '2018-06-22 17:01:57', NULL),
(2994, 'evenkija', 'Evenkija', 181, '0.0000', 0, '2018-06-22 17:01:57', '2018-06-22 17:01:57', NULL),
(2995, 'gorno-altaj', 'Gorno-Altaj', 181, '0.0000', 0, '2018-06-22 17:01:57', '2018-06-22 17:01:57', NULL),
(2996, 'habarovsk', 'Habarovsk', 181, '0.0000', 0, '2018-06-22 17:01:57', '2018-06-22 17:01:57', NULL),
(2997, 'hakasija', 'Hakasija', 181, '0.0000', 0, '2018-06-22 17:01:57', '2018-06-22 17:01:57', NULL),
(2998, 'hanty-mansija', 'Hanty-Mansija', 181, '0.0000', 0, '2018-06-22 17:01:57', '2018-06-22 17:01:57', NULL),
(2999, 'ingusetija', 'Ingusetija', 181, '0.0000', 0, '2018-06-22 17:01:57', '2018-06-22 17:01:57', NULL),
(3000, 'irkutsk', 'Irkutsk', 181, '0.0000', 0, '2018-06-22 17:01:57', '2018-06-22 17:01:57', NULL),
(3001, 'ivanovo', 'Ivanovo', 181, '0.0000', 0, '2018-06-22 17:01:57', '2018-06-22 17:01:57', NULL),
(3002, 'jamalo-nenets', 'Jamalo-Nenets', 181, '0.0000', 0, '2018-06-22 17:01:57', '2018-06-22 17:01:57', NULL),
(3003, 'jaroslavl', 'Jaroslavl', 181, '0.0000', 0, '2018-06-22 17:01:57', '2018-06-22 17:01:57', NULL),
(3004, 'jevrej', 'Jevrej', 181, '0.0000', 0, '2018-06-22 17:01:57', '2018-06-22 17:01:57', NULL),
(3005, 'kabardino-balkarija', 'Kabardino-Balkarija', 181, '0.0000', 0, '2018-06-22 17:01:57', '2018-06-22 17:01:57', NULL),
(3006, 'kaliningrad', 'Kaliningrad', 181, '0.0000', 0, '2018-06-22 17:01:57', '2018-06-22 17:01:57', NULL),
(3007, 'kalmykija', 'Kalmykija', 181, '0.0000', 0, '2018-06-22 17:01:57', '2018-06-22 17:01:57', NULL),
(3008, 'kaluga', 'Kaluga', 181, '0.0000', 0, '2018-06-22 17:01:57', '2018-06-22 17:01:57', NULL),
(3009, 'kamchatka', 'Kamchatka', 181, '0.0000', 0, '2018-06-22 17:01:57', '2018-06-22 17:01:57', NULL),
(3010, 'karachaj-cherkessija', 'Karachaj-Cherkessija', 181, '0.0000', 0, '2018-06-22 17:01:57', '2018-06-22 17:01:57', NULL),
(3011, 'karelija', 'Karelija', 181, '0.0000', 0, '2018-06-22 17:01:57', '2018-06-22 17:01:57', NULL),
(3012, 'kemerovo', 'Kemerovo', 181, '0.0000', 0, '2018-06-22 17:01:57', '2018-06-22 17:01:57', NULL),
(3013, 'khabarovskiy kray', 'Khabarovskiy Kray', 181, '0.0000', 0, '2018-06-22 17:01:57', '2018-06-22 17:01:57', NULL),
(3014, 'kirov', 'Kirov', 181, '0.0000', 0, '2018-06-22 17:01:57', '2018-06-22 17:01:57', NULL),
(3015, 'komi', 'Komi', 181, '0.0000', 0, '2018-06-22 17:01:57', '2018-06-22 17:01:57', NULL),
(3016, 'komi-permjakija', 'Komi-Permjakija', 181, '0.0000', 0, '2018-06-22 17:01:57', '2018-06-22 17:01:57', NULL),
(3017, 'korjakija', 'Korjakija', 181, '0.0000', 0, '2018-06-22 17:01:57', '2018-06-22 17:01:57', NULL),
(3018, 'kostroma', 'Kostroma', 181, '0.0000', 0, '2018-06-22 17:01:57', '2018-06-22 17:01:57', NULL),
(3019, 'krasnodar', 'Krasnodar', 181, '0.0000', 0, '2018-06-22 17:01:57', '2018-06-22 17:01:57', NULL),
(3020, 'krasnojarsk', 'Krasnojarsk', 181, '0.0000', 0, '2018-06-22 17:01:57', '2018-06-22 17:01:57', NULL),
(3021, 'krasnoyarskiy kray', 'Krasnoyarskiy Kray', 181, '0.0000', 0, '2018-06-22 17:01:57', '2018-06-22 17:01:57', NULL),
(3022, 'kurgan', 'Kurgan', 181, '0.0000', 0, '2018-06-22 17:01:57', '2018-06-22 17:01:57', NULL),
(3023, 'kursk', 'Kursk', 181, '0.0000', 0, '2018-06-22 17:01:57', '2018-06-22 17:01:57', NULL),
(3024, 'leningrad', 'Leningrad', 181, '0.0000', 0, '2018-06-22 17:01:57', '2018-06-22 17:01:57', NULL),
(3025, 'lipeck', 'Lipeck', 181, '0.0000', 0, '2018-06-22 17:01:57', '2018-06-22 17:01:57', NULL),
(3026, 'magadan', 'Magadan', 181, '0.0000', 0, '2018-06-22 17:01:57', '2018-06-22 17:01:57', NULL),
(3027, 'marij el', 'Marij El', 181, '0.0000', 0, '2018-06-22 17:01:57', '2018-06-22 17:01:57', NULL),
(3028, 'mordovija', 'Mordovija', 181, '0.0000', 0, '2018-06-22 17:01:57', '2018-06-22 17:01:57', NULL),
(3029, 'moscow', 'Moscow', 181, '0.0000', 0, '2018-06-22 17:01:57', '2018-06-22 17:01:57', NULL),
(3030, 'moskovskaja oblast', 'Moskovskaja Oblast', 181, '0.0000', 0, '2018-06-22 17:01:57', '2018-06-22 17:01:57', NULL),
(3031, 'moskovskaya oblast', 'Moskovskaya Oblast', 181, '0.0000', 0, '2018-06-22 17:01:57', '2018-06-22 17:01:57', NULL),
(3032, 'moskva', 'Moskva', 181, '0.0000', 0, '2018-06-22 17:01:57', '2018-06-22 17:01:57', NULL),
(3033, 'murmansk', 'Murmansk', 181, '0.0000', 0, '2018-06-22 17:01:57', '2018-06-22 17:01:57', NULL),
(3034, 'nenets', 'Nenets', 181, '0.0000', 0, '2018-06-22 17:01:57', '2018-06-22 17:01:57', NULL),
(3035, 'nizhnij novgorod', 'Nizhnij Novgorod', 181, '0.0000', 0, '2018-06-22 17:01:57', '2018-06-22 17:01:57', NULL),
(3036, 'novgorod', 'Novgorod', 181, '0.0000', 0, '2018-06-22 17:01:57', '2018-06-22 17:01:57', NULL),
(3037, 'novokusnezk', 'Novokusnezk', 181, '0.0000', 0, '2018-06-22 17:01:57', '2018-06-22 17:01:57', NULL),
(3038, 'novosibirsk', 'Novosibirsk', 181, '0.0000', 0, '2018-06-22 17:01:57', '2018-06-22 17:01:57', NULL),
(3039, 'omsk', 'Omsk', 181, '0.0000', 0, '2018-06-22 17:01:57', '2018-06-22 17:01:57', NULL),
(3040, 'orenburg', 'Orenburg', 181, '0.0000', 0, '2018-06-22 17:01:57', '2018-06-22 17:01:57', NULL),
(3041, 'orjol', 'Orjol', 181, '0.0000', 0, '2018-06-22 17:01:57', '2018-06-22 17:01:57', NULL),
(3042, 'penza', 'Penza', 181, '0.0000', 0, '2018-06-22 17:01:57', '2018-06-22 17:01:57', NULL),
(3043, 'perm', 'Perm', 181, '0.0000', 0, '2018-06-22 17:01:57', '2018-06-22 17:01:57', NULL),
(3044, 'primorje', 'Primorje', 181, '0.0000', 0, '2018-06-22 17:01:57', '2018-06-22 17:01:57', NULL),
(3045, 'pskov', 'Pskov', 181, '0.0000', 0, '2018-06-22 17:01:57', '2018-06-22 17:01:57', NULL),
(3046, 'pskovskaya oblast', 'Pskovskaya Oblast', 181, '0.0000', 0, '2018-06-22 17:01:57', '2018-06-22 17:01:57', NULL),
(3047, 'rjazan', 'Rjazan', 181, '0.0000', 0, '2018-06-22 17:01:57', '2018-06-22 17:01:57', NULL),
(3048, 'rostov', 'Rostov', 181, '0.0000', 0, '2018-06-22 17:01:57', '2018-06-22 17:01:57', NULL),
(3049, 'saha', 'Saha', 181, '0.0000', 0, '2018-06-22 17:01:57', '2018-06-22 17:01:57', NULL),
(3050, 'sahalin', 'Sahalin', 181, '0.0000', 0, '2018-06-22 17:01:57', '2018-06-22 17:01:57', NULL),
(3051, 'samara', 'Samara', 181, '0.0000', 0, '2018-06-22 17:01:57', '2018-06-22 17:01:57', NULL),
(3052, 'samarskaya', 'Samarskaya', 181, '0.0000', 0, '2018-06-22 17:01:57', '2018-06-22 17:01:57', NULL),
(3053, 'sankt-peterburg', 'Sankt-Peterburg', 181, '0.0000', 0, '2018-06-22 17:01:57', '2018-06-22 17:01:57', NULL),
(3054, 'saratov', 'Saratov', 181, '0.0000', 0, '2018-06-22 17:01:57', '2018-06-22 17:01:57', NULL),
(3055, 'smolensk', 'Smolensk', 181, '0.0000', 0, '2018-06-22 17:01:57', '2018-06-22 17:01:57', NULL),
(3056, 'stavropol', 'Stavropol', 181, '0.0000', 0, '2018-06-22 17:01:57', '2018-06-22 17:01:57', NULL),
(3057, 'sverdlovsk', 'Sverdlovsk', 181, '0.0000', 0, '2018-06-22 17:01:57', '2018-06-22 17:01:57', NULL),
(3058, 'tajmyrija', 'Tajmyrija', 181, '0.0000', 0, '2018-06-22 17:01:57', '2018-06-22 17:01:57', NULL),
(3059, 'tambov', 'Tambov', 181, '0.0000', 0, '2018-06-22 17:01:57', '2018-06-22 17:01:57', NULL),
(3060, 'tatarstan', 'Tatarstan', 181, '0.0000', 0, '2018-06-22 17:01:57', '2018-06-22 17:01:57', NULL),
(3061, 'tjumen', 'Tjumen', 181, '0.0000', 0, '2018-06-22 17:01:57', '2018-06-22 17:01:57', NULL),
(3062, 'tomsk', 'Tomsk', 181, '0.0000', 0, '2018-06-22 17:01:57', '2018-06-22 17:01:57', NULL),
(3063, 'tula', 'Tula', 181, '0.0000', 0, '2018-06-22 17:01:57', '2018-06-22 17:01:57', NULL),
(3064, 'tver', 'Tver', 181, '0.0000', 0, '2018-06-22 17:01:57', '2018-06-22 17:01:57', NULL),
(3065, 'tyva', 'Tyva', 181, '0.0000', 0, '2018-06-22 17:01:57', '2018-06-22 17:01:57', NULL),
(3066, 'udmurtija', 'Udmurtija', 181, '0.0000', 0, '2018-06-22 17:01:57', '2018-06-22 17:01:57', NULL),
(3067, 'uljanovsk', 'Uljanovsk', 181, '0.0000', 0, '2018-06-22 17:01:57', '2018-06-22 17:01:57', NULL),
(3068, 'ulyanovskaya oblast', 'Ulyanovskaya Oblast', 181, '0.0000', 0, '2018-06-22 17:01:57', '2018-06-22 17:01:57', NULL),
(3069, 'ust-orda', 'Ust-Orda', 181, '0.0000', 0, '2018-06-22 17:01:57', '2018-06-22 17:01:57', NULL),
(3070, 'vladimir', 'Vladimir', 181, '0.0000', 0, '2018-06-22 17:01:57', '2018-06-22 17:01:57', NULL),
(3071, 'volgograd', 'Volgograd', 181, '0.0000', 0, '2018-06-22 17:01:57', '2018-06-22 17:01:57', NULL),
(3072, 'vologda', 'Vologda', 181, '0.0000', 0, '2018-06-22 17:01:57', '2018-06-22 17:01:57', NULL),
(3073, 'voronezh', 'Voronezh', 181, '0.0000', 0, '2018-06-22 17:01:57', '2018-06-22 17:01:57', NULL),
(3074, 'butare', 'Butare', 182, '0.0000', 0, '2018-06-22 17:01:57', '2018-06-22 17:01:57', NULL),
(3075, 'byumba', 'Byumba', 182, '0.0000', 0, '2018-06-22 17:01:57', '2018-06-22 17:01:57', NULL),
(3076, 'cyangugu', 'Cyangugu', 182, '0.0000', 0, '2018-06-22 17:01:57', '2018-06-22 17:01:57', NULL),
(3077, 'gikongoro', 'Gikongoro', 182, '0.0000', 0, '2018-06-22 17:01:57', '2018-06-22 17:01:57', NULL),
(3078, 'gisenyi', 'Gisenyi', 182, '0.0000', 0, '2018-06-22 17:01:57', '2018-06-22 17:01:57', NULL),
(3079, 'gitarama', 'Gitarama', 182, '0.0000', 0, '2018-06-22 17:01:57', '2018-06-22 17:01:57', NULL),
(3080, 'kibungo', 'Kibungo', 182, '0.0000', 0, '2018-06-22 17:01:57', '2018-06-22 17:01:57', NULL),
(3081, 'kibuye', 'Kibuye', 182, '0.0000', 0, '2018-06-22 17:01:57', '2018-06-22 17:01:57', NULL),
(3082, 'kigali-ngali', 'Kigali-ngali', 182, '0.0000', 0, '2018-06-22 17:01:57', '2018-06-22 17:01:57', NULL),
(3083, 'ruhengeri', 'Ruhengeri', 182, '0.0000', 0, '2018-06-22 17:01:57', '2018-06-22 17:01:57', NULL),
(3084, 'ascension', 'Ascension', 183, '0.0000', 0, '2018-06-22 17:01:57', '2018-06-22 17:01:57', NULL),
(3085, 'gough island', 'Gough Island', 183, '0.0000', 0, '2018-06-22 17:01:57', '2018-06-22 17:01:57', NULL),
(3086, 'saint helena', 'Saint Helena', 183, '0.0000', 0, '2018-06-22 17:01:57', '2018-06-22 17:01:57', NULL),
(3087, 'tristan da cunha', 'Tristan da Cunha', 183, '0.0000', 0, '2018-06-22 17:01:57', '2018-06-22 17:01:57', NULL),
(3088, 'christ church nichola tow', 'Christ Church Nichola Town', 184, '0.0000', 0, '2018-06-22 17:01:57', '2018-06-22 17:01:57', NULL),
(3089, 'saint anne sandy point', 'Saint Anne Sandy Point', 184, '0.0000', 0, '2018-06-22 17:01:57', '2018-06-22 17:01:57', NULL),
(3090, 'saint george basseterre', 'Saint George Basseterre', 184, '0.0000', 0, '2018-06-22 17:01:57', '2018-06-22 17:01:57', NULL),
(3091, 'saint george gingerland', 'Saint George Gingerland', 184, '0.0000', 0, '2018-06-22 17:01:57', '2018-06-22 17:01:57', NULL),
(3092, 'saint james windward', 'Saint James Windward', 184, '0.0000', 0, '2018-06-22 17:01:57', '2018-06-22 17:01:57', NULL),
(3093, 'saint john capesterre', 'Saint John Capesterre', 184, '0.0000', 0, '2018-06-22 17:01:57', '2018-06-22 17:01:57', NULL),
(3094, 'saint john figtree', 'Saint John Figtree', 184, '0.0000', 0, '2018-06-22 17:01:57', '2018-06-22 17:01:57', NULL),
(3095, 'saint mary cayon', 'Saint Mary Cayon', 184, '0.0000', 0, '2018-06-22 17:01:57', '2018-06-22 17:01:57', NULL),
(3096, 'saint paul capesterre', 'Saint Paul Capesterre', 184, '0.0000', 0, '2018-06-22 17:01:57', '2018-06-22 17:01:57', NULL),
(3097, 'saint paul charlestown', 'Saint Paul Charlestown', 184, '0.0000', 0, '2018-06-22 17:01:57', '2018-06-22 17:01:57', NULL),
(3098, 'saint peter basseterre', 'Saint Peter Basseterre', 184, '0.0000', 0, '2018-06-22 17:01:57', '2018-06-22 17:01:57', NULL),
(3099, 'saint thomas lowland', 'Saint Thomas Lowland', 184, '0.0000', 0, '2018-06-22 17:01:57', '2018-06-22 17:01:57', NULL),
(3100, 'saint thomas middle islan', 'Saint Thomas Middle Island', 184, '0.0000', 0, '2018-06-22 17:01:57', '2018-06-22 17:01:57', NULL),
(3101, 'trinity palmetto point', 'Trinity Palmetto Point', 184, '0.0000', 0, '2018-06-22 17:01:57', '2018-06-22 17:01:57', NULL),
(3102, 'anse-la-raye', 'Anse-la-Raye', 185, '0.0000', 0, '2018-06-22 17:01:57', '2018-06-22 17:01:57', NULL),
(3103, 'canaries', 'Canaries', 185, '0.0000', 0, '2018-06-22 17:01:57', '2018-06-22 17:01:57', NULL),
(3104, 'castries', 'Castries', 185, '0.0000', 0, '2018-06-22 17:01:57', '2018-06-22 17:01:57', NULL),
(3105, 'choiseul', 'Choiseul', 185, '0.0000', 0, '2018-06-22 17:01:57', '2018-06-22 17:01:57', NULL),
(3106, 'dennery', 'Dennery', 185, '0.0000', 0, '2018-06-22 17:01:57', '2018-06-22 17:01:57', NULL),
(3107, 'gros inlet', 'Gros Inlet', 185, '0.0000', 0, '2018-06-22 17:01:57', '2018-06-22 17:01:57', NULL),
(3108, 'laborie', 'Laborie', 185, '0.0000', 0, '2018-06-22 17:01:57', '2018-06-22 17:01:57', NULL),
(3109, 'micoud', 'Micoud', 185, '0.0000', 0, '2018-06-22 17:01:57', '2018-06-22 17:01:57', NULL),
(3110, 'soufriere', 'Soufriere', 185, '0.0000', 0, '2018-06-22 17:01:57', '2018-06-22 17:01:57', NULL),
(3111, 'vieux fort', 'Vieux Fort', 185, '0.0000', 0, '2018-06-22 17:01:57', '2018-06-22 17:01:57', NULL),
(3112, 'miquelon-langlade', 'Miquelon-Langlade', 186, '0.0000', 0, '2018-06-22 17:01:57', '2018-06-22 17:01:57', NULL),
(3113, 'saint-pierre', 'Saint-Pierre', 186, '0.0000', 0, '2018-06-22 17:01:57', '2018-06-22 17:01:57', NULL),
(3114, 'charlotte', 'Charlotte', 187, '0.0000', 0, '2018-06-22 17:01:57', '2018-06-22 17:01:57', NULL),
(3115, 'grenadines', 'Grenadines', 187, '0.0000', 0, '2018-06-22 17:01:57', '2018-06-22 17:01:57', NULL),
(3116, 'saint andrew', 'Saint Andrew', 187, '0.0000', 0, '2018-06-22 17:01:57', '2018-06-22 17:01:57', NULL),
(3117, 'saint david', 'Saint David', 187, '0.0000', 0, '2018-06-22 17:01:57', '2018-06-22 17:01:57', NULL),
(3118, 'saint george', 'Saint George', 187, '0.0000', 0, '2018-06-22 17:01:57', '2018-06-22 17:01:57', NULL),
(3119, 'saint patrick', 'Saint Patrick', 187, '0.0000', 0, '2018-06-22 17:01:57', '2018-06-22 17:01:57', NULL),
(3120, 'a''''ana', 'A''''ana', 188, '0.0000', 0, '2018-06-22 17:01:57', '2018-06-22 17:01:57', NULL),
(3121, 'aiga-i-le-tai', 'Aiga-i-le-Tai', 188, '0.0000', 0, '2018-06-22 17:01:57', '2018-06-22 17:01:57', NULL),
(3122, 'atua', 'Atua', 188, '0.0000', 0, '2018-06-22 17:01:57', '2018-06-22 17:01:57', NULL),
(3123, 'fa''''asaleleaga', 'Fa''''asaleleaga', 188, '0.0000', 0, '2018-06-22 17:01:57', '2018-06-22 17:01:57', NULL),
(3124, 'gaga''''emauga', 'Gaga''''emauga', 188, '0.0000', 0, '2018-06-22 17:01:57', '2018-06-22 17:01:57', NULL),
(3125, 'gagaifomauga', 'Gagaifomauga', 188, '0.0000', 0, '2018-06-22 17:01:57', '2018-06-22 17:01:57', NULL),
(3126, 'palauli', 'Palauli', 188, '0.0000', 0, '2018-06-22 17:01:57', '2018-06-22 17:01:57', NULL),
(3127, 'satupa''''itea', 'Satupa''''itea', 188, '0.0000', 0, '2018-06-22 17:01:57', '2018-06-22 17:01:57', NULL),
(3128, 'tuamasaga', 'Tuamasaga', 188, '0.0000', 0, '2018-06-22 17:01:57', '2018-06-22 17:01:57', NULL),
(3129, 'va''''a-o-fonoti', 'Va''''a-o-Fonoti', 188, '0.0000', 0, '2018-06-22 17:01:57', '2018-06-22 17:01:57', NULL),
(3130, 'vaisigano', 'Vaisigano', 188, '0.0000', 0, '2018-06-22 17:01:57', '2018-06-22 17:01:57', NULL),
(3131, 'acquaviva', 'Acquaviva', 189, '0.0000', 0, '2018-06-22 17:01:57', '2018-06-22 17:01:57', NULL),
(3132, 'borgo maggiore', 'Borgo Maggiore', 189, '0.0000', 0, '2018-06-22 17:01:57', '2018-06-22 17:01:57', NULL),
(3133, 'chiesanuova', 'Chiesanuova', 189, '0.0000', 0, '2018-06-22 17:01:57', '2018-06-22 17:01:57', NULL),
(3134, 'domagnano', 'Domagnano', 189, '0.0000', 0, '2018-06-22 17:01:57', '2018-06-22 17:01:57', NULL),
(3135, 'faetano', 'Faetano', 189, '0.0000', 0, '2018-06-22 17:01:57', '2018-06-22 17:01:57', NULL),
(3136, 'fiorentino', 'Fiorentino', 189, '0.0000', 0, '2018-06-22 17:01:57', '2018-06-22 17:01:57', NULL),
(3137, 'montegiardino', 'Montegiardino', 189, '0.0000', 0, '2018-06-22 17:01:57', '2018-06-22 17:01:57', NULL),
(3138, 'san marino', 'San Marino', 189, '0.0000', 0, '2018-06-22 17:01:57', '2018-06-22 17:01:57', NULL),
(3139, 'serravalle', 'Serravalle', 189, '0.0000', 0, '2018-06-22 17:01:57', '2018-06-22 17:01:57', NULL),
(3140, 'agua grande', 'Agua Grande', 190, '0.0000', 0, '2018-06-22 17:01:57', '2018-06-22 17:01:57', NULL),
(3141, 'cantagalo', 'Cantagalo', 190, '0.0000', 0, '2018-06-22 17:01:57', '2018-06-22 17:01:57', NULL),
(3142, 'lemba', 'Lemba', 190, '0.0000', 0, '2018-06-22 17:01:57', '2018-06-22 17:01:57', NULL),
(3143, 'lobata', 'Lobata', 190, '0.0000', 0, '2018-06-22 17:01:57', '2018-06-22 17:01:57', NULL),
(3144, 'me-zochi', 'Me-Zochi', 190, '0.0000', 0, '2018-06-22 17:01:57', '2018-06-22 17:01:57', NULL),
(3145, 'pague', 'Pague', 190, '0.0000', 0, '2018-06-22 17:01:57', '2018-06-22 17:01:57', NULL),
(3146, 'al khobar', 'Al Khobar', 191, '0.0000', 0, '2018-06-22 17:01:57', '2018-06-22 17:01:57', NULL),
(3147, 'aseer', 'Aseer', 191, '0.0000', 0, '2018-06-22 17:01:57', '2018-06-22 17:01:57', NULL),
(3148, 'ash sharqiyah', 'Ash Sharqiyah', 191, '0.0000', 0, '2018-06-22 17:01:57', '2018-06-22 17:01:57', NULL),
(3149, 'asir', 'Asir', 191, '0.0000', 0, '2018-06-22 17:01:57', '2018-06-22 17:01:57', NULL),
(3150, 'central province', 'Central Province', 191, '0.0000', 0, '2018-06-22 17:01:57', '2018-06-22 17:01:57', NULL),
(3151, 'eastern province', 'Eastern Province', 191, '0.0000', 0, '2018-06-22 17:01:57', '2018-06-22 17:01:57', NULL),
(3152, 'ha''''il', 'Ha''''il', 191, '0.0000', 0, '2018-06-22 17:01:57', '2018-06-22 17:01:57', NULL),
(3153, 'jawf', 'Jawf', 191, '0.0000', 0, '2018-06-22 17:01:57', '2018-06-22 17:01:57', NULL),
(3154, 'jizan', 'Jizan', 191, '0.0000', 0, '2018-06-22 17:01:57', '2018-06-22 17:01:57', NULL),
(3155, 'makkah', 'Makkah', 191, '0.0000', 0, '2018-06-22 17:01:57', '2018-06-22 17:01:57', NULL),
(3156, 'najran', 'Najran', 191, '0.0000', 0, '2018-06-22 17:01:57', '2018-06-22 17:01:57', NULL),
(3157, 'qasim', 'Qasim', 191, '0.0000', 0, '2018-06-22 17:01:57', '2018-06-22 17:01:57', NULL),
(3158, 'tabuk', 'Tabuk', 191, '0.0000', 0, '2018-06-22 17:01:57', '2018-06-22 17:01:57', NULL),
(3159, 'western province', 'Western Province', 191, '0.0000', 0, '2018-06-22 17:01:57', '2018-06-22 17:01:57', NULL),
(3160, 'al-bahah', 'al-Bahah', 191, '0.0000', 0, '2018-06-22 17:01:57', '2018-06-22 17:01:57', NULL),
(3161, 'al-hudud-ash-shamaliyah', 'al-Hudud-ash-Shamaliyah', 191, '0.0000', 0, '2018-06-22 17:01:57', '2018-06-22 17:01:57', NULL),
(3162, 'al-madinah', 'al-Madinah', 191, '0.0000', 0, '2018-06-22 17:01:57', '2018-06-22 17:01:57', NULL),
(3163, 'ar-riyad', 'ar-Riyad', 191, '0.0000', 0, '2018-06-22 17:01:57', '2018-06-22 17:01:57', NULL),
(3164, 'dakar', 'Dakar', 192, '0.0000', 0, '2018-06-22 17:01:57', '2018-06-22 17:01:57', NULL),
(3165, 'diourbel', 'Diourbel', 192, '0.0000', 0, '2018-06-22 17:01:57', '2018-06-22 17:01:57', NULL),
(3166, 'fatick', 'Fatick', 192, '0.0000', 0, '2018-06-22 17:01:57', '2018-06-22 17:01:57', NULL),
(3167, 'kaolack', 'Kaolack', 192, '0.0000', 0, '2018-06-22 17:01:57', '2018-06-22 17:01:57', NULL),
(3168, 'kolda', 'Kolda', 192, '0.0000', 0, '2018-06-22 17:01:57', '2018-06-22 17:01:57', NULL),
(3169, 'louga', 'Louga', 192, '0.0000', 0, '2018-06-22 17:01:57', '2018-06-22 17:01:57', NULL),
(3170, 'saint-louis', 'Saint-Louis', 192, '0.0000', 0, '2018-06-22 17:01:57', '2018-06-22 17:01:57', NULL),
(3171, 'tambacounda', 'Tambacounda', 192, '0.0000', 0, '2018-06-22 17:01:57', '2018-06-22 17:01:57', NULL),
(3172, 'thies', 'Thies', 192, '0.0000', 0, '2018-06-22 17:01:57', '2018-06-22 17:01:57', NULL),
(3173, 'ziguinchor', 'Ziguinchor', 192, '0.0000', 0, '2018-06-22 17:01:57', '2018-06-22 17:01:57', NULL),
(3174, 'central serbia', 'Central Serbia', 193, '0.0000', 0, '2018-06-22 17:01:57', '2018-06-22 17:01:57', NULL),
(3175, 'kosovo and metohija', 'Kosovo and Metohija', 193, '0.0000', 0, '2018-06-22 17:01:57', '2018-06-22 17:01:57', NULL),
(3176, 'vojvodina', 'Vojvodina', 193, '0.0000', 0, '2018-06-22 17:01:57', '2018-06-22 17:01:57', NULL),
(3177, 'anse boileau', 'Anse Boileau', 194, '0.0000', 0, '2018-06-22 17:01:57', '2018-06-22 17:01:57', NULL),
(3178, 'anse royale', 'Anse Royale', 194, '0.0000', 0, '2018-06-22 17:01:57', '2018-06-22 17:01:57', NULL),
(3179, 'cascade', 'Cascade', 194, '0.0000', 0, '2018-06-22 17:01:57', '2018-06-22 17:01:57', NULL),
(3180, 'takamaka', 'Takamaka', 194, '0.0000', 0, '2018-06-22 17:01:57', '2018-06-22 17:01:57', NULL),
(3181, 'victoria', 'Victoria', 194, '0.0000', 0, '2018-06-22 17:01:57', '2018-06-22 17:01:57', NULL),
(3182, 'eastern', 'Eastern', 195, '0.0000', 0, '2018-06-22 17:01:57', '2018-06-22 17:01:57', NULL),
(3183, 'northern', 'Northern', 195, '0.0000', 0, '2018-06-22 17:01:57', '2018-06-22 17:01:57', NULL),
(3184, 'southern', 'Southern', 195, '0.0000', 0, '2018-06-22 17:01:57', '2018-06-22 17:01:57', NULL),
(3185, 'western', 'Western', 195, '0.0000', 0, '2018-06-22 17:01:57', '2018-06-22 17:01:57', NULL),
(3186, 'singapore', 'Singapore', 196, '0.0000', 0, '2018-06-22 17:01:57', '2018-06-22 17:01:57', NULL),
(3187, 'banskobystricky', 'Banskobystricky', 197, '0.0000', 0, '2018-06-22 17:01:57', '2018-06-22 17:01:57', NULL),
(3188, 'bratislavsky', 'Bratislavsky', 197, '0.0000', 0, '2018-06-22 17:01:57', '2018-06-22 17:01:57', NULL),
(3189, 'kosicky', 'Kosicky', 197, '0.0000', 0, '2018-06-22 17:01:57', '2018-06-22 17:01:57', NULL),
(3190, 'nitriansky', 'Nitriansky', 197, '0.0000', 0, '2018-06-22 17:01:57', '2018-06-22 17:01:57', NULL),
(3191, 'presovsky', 'Presovsky', 197, '0.0000', 0, '2018-06-22 17:01:57', '2018-06-22 17:01:57', NULL),
(3192, 'trenciansky', 'Trenciansky', 197, '0.0000', 0, '2018-06-22 17:01:57', '2018-06-22 17:01:57', NULL),
(3193, 'trnavsky', 'Trnavsky', 197, '0.0000', 0, '2018-06-22 17:01:57', '2018-06-22 17:01:57', NULL),
(3194, 'zilinsky', 'Zilinsky', 197, '0.0000', 0, '2018-06-22 17:01:57', '2018-06-22 17:01:57', NULL),
(3195, 'benedikt', 'Benedikt', 198, '0.0000', 0, '2018-06-22 17:01:57', '2018-06-22 17:01:57', NULL),
(3196, 'gorenjska', 'Gorenjska', 198, '0.0000', 0, '2018-06-22 17:01:57', '2018-06-22 17:01:57', NULL),
(3197, 'gorishka', 'Gorishka', 198, '0.0000', 0, '2018-06-22 17:01:57', '2018-06-22 17:01:57', NULL),
(3198, 'jugovzhodna slovenija', 'Jugovzhodna Slovenija', 198, '0.0000', 0, '2018-06-22 17:01:57', '2018-06-22 17:01:57', NULL),
(3199, 'koroshka', 'Koroshka', 198, '0.0000', 0, '2018-06-22 17:01:57', '2018-06-22 17:01:57', NULL),
(3200, 'notranjsko-krashka', 'Notranjsko-krashka', 198, '0.0000', 0, '2018-06-22 17:01:57', '2018-06-22 17:01:57', NULL),
(3201, 'obalno-krashka', 'Obalno-krashka', 198, '0.0000', 0, '2018-06-22 17:01:57', '2018-06-22 17:01:57', NULL),
(3202, 'obcina domzale', 'Obcina Domzale', 198, '0.0000', 0, '2018-06-22 17:01:57', '2018-06-22 17:01:57', NULL),
(3203, 'obcina vitanje', 'Obcina Vitanje', 198, '0.0000', 0, '2018-06-22 17:01:57', '2018-06-22 17:01:57', NULL),
(3204, 'osrednjeslovenska', 'Osrednjeslovenska', 198, '0.0000', 0, '2018-06-22 17:01:57', '2018-06-22 17:01:57', NULL),
(3205, 'podravska', 'Podravska', 198, '0.0000', 0, '2018-06-22 17:01:57', '2018-06-22 17:01:57', NULL),
(3206, 'pomurska', 'Pomurska', 198, '0.0000', 0, '2018-06-22 17:01:57', '2018-06-22 17:01:57', NULL),
(3207, 'savinjska', 'Savinjska', 198, '0.0000', 0, '2018-06-22 17:01:57', '2018-06-22 17:01:57', NULL),
(3208, 'slovenian littoral', 'Slovenian Littoral', 198, '0.0000', 0, '2018-06-22 17:01:57', '2018-06-22 17:01:57', NULL),
(3209, 'spodnjeposavska', 'Spodnjeposavska', 198, '0.0000', 0, '2018-06-22 17:01:57', '2018-06-22 17:01:57', NULL),
(3210, 'zasavska', 'Zasavska', 198, '0.0000', 0, '2018-06-22 17:01:57', '2018-06-22 17:01:57', NULL),
(3211, 'pitcairn', 'Pitcairn', 199, '0.0000', 0, '2018-06-22 17:01:57', '2018-06-22 17:01:57', NULL),
(3212, 'central', 'Central', 200, '0.0000', 0, '2018-06-22 17:01:57', '2018-06-22 17:01:57', NULL),
(3213, 'choiseul', 'Choiseul', 200, '0.0000', 0, '2018-06-22 17:01:57', '2018-06-22 17:01:57', NULL),
(3214, 'guadalcanal', 'Guadalcanal', 200, '0.0000', 0, '2018-06-22 17:01:57', '2018-06-22 17:01:57', NULL),
(3215, 'isabel', 'Isabel', 200, '0.0000', 0, '2018-06-22 17:01:57', '2018-06-22 17:01:57', NULL),
(3216, 'makira and ulawa', 'Makira and Ulawa', 200, '0.0000', 0, '2018-06-22 17:01:57', '2018-06-22 17:01:57', NULL),
(3217, 'malaita', 'Malaita', 200, '0.0000', 0, '2018-06-22 17:01:57', '2018-06-22 17:01:57', NULL),
(3218, 'rennell and bellona', 'Rennell and Bellona', 200, '0.0000', 0, '2018-06-22 17:01:57', '2018-06-22 17:01:57', NULL),
(3219, 'temotu', 'Temotu', 200, '0.0000', 0, '2018-06-22 17:01:57', '2018-06-22 17:01:57', NULL),
(3220, 'western', 'Western', 200, '0.0000', 0, '2018-06-22 17:01:57', '2018-06-22 17:01:57', NULL),
(3221, 'awdal', 'Awdal', 201, '0.0000', 0, '2018-06-22 17:01:57', '2018-06-22 17:01:57', NULL),
(3222, 'bakol', 'Bakol', 201, '0.0000', 0, '2018-06-22 17:01:57', '2018-06-22 17:01:57', NULL),
(3223, 'banadir', 'Banadir', 201, '0.0000', 0, '2018-06-22 17:01:57', '2018-06-22 17:01:57', NULL),
(3224, 'bari', 'Bari', 201, '0.0000', 0, '2018-06-22 17:01:57', '2018-06-22 17:01:57', NULL),
(3225, 'bay', 'Bay', 201, '0.0000', 0, '2018-06-22 17:01:57', '2018-06-22 17:01:57', NULL),
(3226, 'galgudug', 'Galgudug', 201, '0.0000', 0, '2018-06-22 17:01:57', '2018-06-22 17:01:57', NULL),
(3227, 'gedo', 'Gedo', 201, '0.0000', 0, '2018-06-22 17:01:57', '2018-06-22 17:01:57', NULL),
(3228, 'hiran', 'Hiran', 201, '0.0000', 0, '2018-06-22 17:01:57', '2018-06-22 17:01:57', NULL),
(3229, 'jubbada hose', 'Jubbada Hose', 201, '0.0000', 0, '2018-06-22 17:01:57', '2018-06-22 17:01:57', NULL),
(3230, 'jubbadha dexe', 'Jubbadha Dexe', 201, '0.0000', 0, '2018-06-22 17:01:57', '2018-06-22 17:01:57', NULL),
(3231, 'mudug', 'Mudug', 201, '0.0000', 0, '2018-06-22 17:01:57', '2018-06-22 17:01:57', NULL),
(3232, 'nugal', 'Nugal', 201, '0.0000', 0, '2018-06-22 17:01:57', '2018-06-22 17:01:57', NULL),
(3233, 'sanag', 'Sanag', 201, '0.0000', 0, '2018-06-22 17:01:57', '2018-06-22 17:01:57', NULL),
(3234, 'shabellaha dhexe', 'Shabellaha Dhexe', 201, '0.0000', 0, '2018-06-22 17:01:57', '2018-06-22 17:01:57', NULL),
(3235, 'shabellaha hose', 'Shabellaha Hose', 201, '0.0000', 0, '2018-06-22 17:01:57', '2018-06-22 17:01:57', NULL),
(3236, 'togdher', 'Togdher', 201, '0.0000', 0, '2018-06-22 17:01:57', '2018-06-22 17:01:57', NULL),
(3237, 'woqoyi galbed', 'Woqoyi Galbed', 201, '0.0000', 0, '2018-06-22 17:01:57', '2018-06-22 17:01:57', NULL),
(3238, 'eastern cape', 'Eastern Cape', 202, '0.0000', 0, '2018-06-22 17:01:57', '2018-06-22 17:01:57', NULL),
(3239, 'free state', 'Free State', 202, '0.0000', 0, '2018-06-22 17:01:57', '2018-06-22 17:01:57', NULL),
(3240, 'gauteng', 'Gauteng', 202, '0.0000', 0, '2018-06-22 17:01:57', '2018-06-22 17:01:57', NULL),
(3241, 'kempton park', 'Kempton Park', 202, '0.0000', 0, '2018-06-22 17:01:57', '2018-06-22 17:01:57', NULL),
(3242, 'kramerville', 'Kramerville', 202, '0.0000', 0, '2018-06-22 17:01:57', '2018-06-22 17:01:57', NULL),
(3243, 'kwazulu natal', 'KwaZulu Natal', 202, '0.0000', 0, '2018-06-22 17:01:57', '2018-06-22 17:01:57', NULL),
(3244, 'limpopo', 'Limpopo', 202, '0.0000', 0, '2018-06-22 17:01:57', '2018-06-22 17:01:57', NULL),
(3245, 'mpumalanga', 'Mpumalanga', 202, '0.0000', 0, '2018-06-22 17:01:57', '2018-06-22 17:01:57', NULL),
(3246, 'north west', 'North West', 202, '0.0000', 0, '2018-06-22 17:01:57', '2018-06-22 17:01:57', NULL),
(3247, 'northern cape', 'Northern Cape', 202, '0.0000', 0, '2018-06-22 17:01:57', '2018-06-22 17:01:57', NULL),
(3248, 'parow', 'Parow', 202, '0.0000', 0, '2018-06-22 17:01:57', '2018-06-22 17:01:57', NULL),
(3249, 'table view', 'Table View', 202, '0.0000', 0, '2018-06-22 17:01:57', '2018-06-22 17:01:57', NULL),
(3250, 'umtentweni', 'Umtentweni', 202, '0.0000', 0, '2018-06-22 17:01:57', '2018-06-22 17:01:57', NULL),
(3251, 'western cape', 'Western Cape', 202, '0.0000', 0, '2018-06-22 17:01:57', '2018-06-22 17:01:57', NULL),
(3252, 'south georgia', 'South Georgia', 203, '0.0000', 0, '2018-06-22 17:01:57', '2018-06-22 17:01:57', NULL),
(3253, 'central equatoria', 'Central Equatoria', 204, '0.0000', 0, '2018-06-22 17:01:57', '2018-06-22 17:01:57', NULL),
(3254, 'a coruna', 'A Coruna', 205, '0.0000', 0, '2018-06-22 17:01:57', '2018-06-22 17:01:57', NULL),
(3255, 'alacant', 'Alacant', 205, '0.0000', 0, '2018-06-22 17:01:57', '2018-06-22 17:01:57', NULL),
(3256, 'alava', 'Alava', 205, '0.0000', 0, '2018-06-22 17:01:57', '2018-06-22 17:01:57', NULL),
(3257, 'albacete', 'Albacete', 205, '0.0000', 0, '2018-06-22 17:01:57', '2018-06-22 17:01:57', NULL),
(3258, 'almeria', 'Almeria', 205, '0.0000', 0, '2018-06-22 17:01:57', '2018-06-22 17:01:57', NULL),
(3259, 'andalucia', 'Andalucia', 205, '0.0000', 0, '2018-06-22 17:01:57', '2018-06-22 17:01:57', NULL),
(3260, 'asturias', 'Asturias', 205, '0.0000', 0, '2018-06-22 17:01:57', '2018-06-22 17:01:57', NULL),
(3261, 'avila', 'Avila', 205, '0.0000', 0, '2018-06-22 17:01:57', '2018-06-22 17:01:57', NULL),
(3262, 'badajoz', 'Badajoz', 205, '0.0000', 0, '2018-06-22 17:01:57', '2018-06-22 17:01:57', NULL),
(3263, 'balears', 'Balears', 205, '0.0000', 0, '2018-06-22 17:01:57', '2018-06-22 17:01:57', NULL),
(3264, 'barcelona', 'Barcelona', 205, '0.0000', 0, '2018-06-22 17:01:57', '2018-06-22 17:01:57', NULL),
(3265, 'bertamirans', 'Bertamirans', 205, '0.0000', 0, '2018-06-22 17:01:57', '2018-06-22 17:01:57', NULL),
(3266, 'biscay', 'Biscay', 205, '0.0000', 0, '2018-06-22 17:01:57', '2018-06-22 17:01:57', NULL),
(3267, 'burgos', 'Burgos', 205, '0.0000', 0, '2018-06-22 17:01:57', '2018-06-22 17:01:57', NULL),
(3268, 'caceres', 'Caceres', 205, '0.0000', 0, '2018-06-22 17:01:57', '2018-06-22 17:01:57', NULL),
(3269, 'cadiz', 'Cadiz', 205, '0.0000', 0, '2018-06-22 17:01:57', '2018-06-22 17:01:57', NULL),
(3270, 'cantabria', 'Cantabria', 205, '0.0000', 0, '2018-06-22 17:01:57', '2018-06-22 17:01:57', NULL),
(3271, 'castello', 'Castello', 205, '0.0000', 0, '2018-06-22 17:01:57', '2018-06-22 17:01:57', NULL),
(3272, 'catalunya', 'Catalunya', 205, '0.0000', 0, '2018-06-22 17:01:57', '2018-06-22 17:01:57', NULL),
(3273, 'ceuta', 'Ceuta', 205, '0.0000', 0, '2018-06-22 17:01:57', '2018-06-22 17:01:57', NULL),
(3274, 'ciudad real', 'Ciudad Real', 205, '0.0000', 0, '2018-06-22 17:01:57', '2018-06-22 17:01:57', NULL),
(3275, 'comunidad autonoma de can', 'Comunidad Autonoma de Canarias', 205, '0.0000', 0, '2018-06-22 17:01:57', '2018-06-22 17:01:57', NULL),
(3276, 'comunidad autonoma de cat', 'Comunidad Autonoma de Cataluna', 205, '0.0000', 0, '2018-06-22 17:01:57', '2018-06-22 17:01:57', NULL),
(3277, 'comunidad autonoma de gal', 'Comunidad Autonoma de Galicia', 205, '0.0000', 0, '2018-06-22 17:01:57', '2018-06-22 17:01:57', NULL),
(3278, 'comunidad autonoma de las', 'Comunidad Autonoma de las Isla', 205, '0.0000', 0, '2018-06-22 17:01:57', '2018-06-22 17:01:57', NULL),
(3279, 'comunidad autonoma del pr', 'Comunidad Autonoma del Princip', 205, '0.0000', 0, '2018-06-22 17:01:57', '2018-06-22 17:01:57', NULL),
(3280, 'comunidad valenciana', 'Comunidad Valenciana', 205, '0.0000', 0, '2018-06-22 17:01:57', '2018-06-22 17:01:57', NULL),
(3281, 'cordoba', 'Cordoba', 205, '0.0000', 0, '2018-06-22 17:01:57', '2018-06-22 17:01:57', NULL),
(3282, 'cuenca', 'Cuenca', 205, '0.0000', 0, '2018-06-22 17:01:57', '2018-06-22 17:01:57', NULL),
(3283, 'gipuzkoa', 'Gipuzkoa', 205, '0.0000', 0, '2018-06-22 17:01:57', '2018-06-22 17:01:57', NULL),
(3284, 'girona', 'Girona', 205, '0.0000', 0, '2018-06-22 17:01:57', '2018-06-22 17:01:57', NULL),
(3285, 'granada', 'Granada', 205, '0.0000', 0, '2018-06-22 17:01:57', '2018-06-22 17:01:57', NULL),
(3286, 'guadalajara', 'Guadalajara', 205, '0.0000', 0, '2018-06-22 17:01:57', '2018-06-22 17:01:57', NULL),
(3287, 'guipuzcoa', 'Guipuzcoa', 205, '0.0000', 0, '2018-06-22 17:01:57', '2018-06-22 17:01:57', NULL),
(3288, 'huelva', 'Huelva', 205, '0.0000', 0, '2018-06-22 17:01:57', '2018-06-22 17:01:57', NULL),
(3289, 'huesca', 'Huesca', 205, '0.0000', 0, '2018-06-22 17:01:57', '2018-06-22 17:01:57', NULL),
(3290, 'jaen', 'Jaen', 205, '0.0000', 0, '2018-06-22 17:01:57', '2018-06-22 17:01:57', NULL),
(3291, 'la rioja', 'La Rioja', 205, '0.0000', 0, '2018-06-22 17:01:57', '2018-06-22 17:01:57', NULL),
(3292, 'las palmas', 'Las Palmas', 205, '0.0000', 0, '2018-06-22 17:01:57', '2018-06-22 17:01:57', NULL),
(3293, 'leon', 'Leon', 205, '0.0000', 0, '2018-06-22 17:01:57', '2018-06-22 17:01:57', NULL),
(3294, 'lerida', 'Lerida', 205, '0.0000', 0, '2018-06-22 17:01:57', '2018-06-22 17:01:57', NULL),
(3295, 'lleida', 'Lleida', 205, '0.0000', 0, '2018-06-22 17:01:57', '2018-06-22 17:01:57', NULL),
(3296, 'lugo', 'Lugo', 205, '0.0000', 0, '2018-06-22 17:01:57', '2018-06-22 17:01:57', NULL),
(3297, 'madrid', 'Madrid', 205, '0.0000', 0, '2018-06-22 17:01:57', '2018-06-22 17:01:57', NULL),
(3298, 'malaga', 'Malaga', 205, '0.0000', 0, '2018-06-22 17:01:57', '2018-06-22 17:01:57', NULL),
(3299, 'melilla', 'Melilla', 205, '0.0000', 0, '2018-06-22 17:01:57', '2018-06-22 17:01:57', NULL),
(3300, 'murcia', 'Murcia', 205, '0.0000', 0, '2018-06-22 17:01:57', '2018-06-22 17:01:57', NULL),
(3301, 'navarra', 'Navarra', 205, '0.0000', 0, '2018-06-22 17:01:57', '2018-06-22 17:01:57', NULL),
(3302, 'ourense', 'Ourense', 205, '0.0000', 0, '2018-06-22 17:01:57', '2018-06-22 17:01:57', NULL),
(3303, 'pais vasco', 'Pais Vasco', 205, '0.0000', 0, '2018-06-22 17:01:57', '2018-06-22 17:01:57', NULL),
(3304, 'palencia', 'Palencia', 205, '0.0000', 0, '2018-06-22 17:01:57', '2018-06-22 17:01:57', NULL),
(3305, 'pontevedra', 'Pontevedra', 205, '0.0000', 0, '2018-06-22 17:01:57', '2018-06-22 17:01:57', NULL),
(3306, 'salamanca', 'Salamanca', 205, '0.0000', 0, '2018-06-22 17:01:57', '2018-06-22 17:01:57', NULL),
(3307, 'santa cruz de tenerife', 'Santa Cruz de Tenerife', 205, '0.0000', 0, '2018-06-22 17:01:57', '2018-06-22 17:01:57', NULL),
(3308, 'segovia', 'Segovia', 205, '0.0000', 0, '2018-06-22 17:01:57', '2018-06-22 17:01:57', NULL),
(3309, 'sevilla', 'Sevilla', 205, '0.0000', 0, '2018-06-22 17:01:57', '2018-06-22 17:01:57', NULL),
(3310, 'soria', 'Soria', 205, '0.0000', 0, '2018-06-22 17:01:57', '2018-06-22 17:01:57', NULL),
(3311, 'tarragona', 'Tarragona', 205, '0.0000', 0, '2018-06-22 17:01:57', '2018-06-22 17:01:57', NULL),
(3312, 'tenerife', 'Tenerife', 205, '0.0000', 0, '2018-06-22 17:01:57', '2018-06-22 17:01:57', NULL),
(3313, 'teruel', 'Teruel', 205, '0.0000', 0, '2018-06-22 17:01:57', '2018-06-22 17:01:57', NULL),
(3314, 'toledo', 'Toledo', 205, '0.0000', 0, '2018-06-22 17:01:57', '2018-06-22 17:01:57', NULL),
(3315, 'valencia', 'Valencia', 205, '0.0000', 0, '2018-06-22 17:01:57', '2018-06-22 17:01:57', NULL),
(3316, 'valladolid', 'Valladolid', 205, '0.0000', 0, '2018-06-22 17:01:57', '2018-06-22 17:01:57', NULL),
(3317, 'vizcaya', 'Vizcaya', 205, '0.0000', 0, '2018-06-22 17:01:57', '2018-06-22 17:01:57', NULL),
(3318, 'zamora', 'Zamora', 205, '0.0000', 0, '2018-06-22 17:01:57', '2018-06-22 17:01:57', NULL),
(3319, 'zaragoza', 'Zaragoza', 205, '0.0000', 0, '2018-06-22 17:01:57', '2018-06-22 17:01:57', NULL),
(3320, 'amparai', 'Amparai', 206, '0.0000', 0, '2018-06-22 17:01:57', '2018-06-22 17:01:57', NULL),
(3321, 'anuradhapuraya', 'Anuradhapuraya', 206, '0.0000', 0, '2018-06-22 17:01:57', '2018-06-22 17:01:57', NULL),
(3322, 'badulla', 'Badulla', 206, '0.0000', 0, '2018-06-22 17:01:57', '2018-06-22 17:01:57', NULL),
(3323, 'boralesgamuwa', 'Boralesgamuwa', 206, '0.0000', 0, '2018-06-22 17:01:57', '2018-06-22 17:01:57', NULL),
(3324, 'colombo', 'Colombo', 206, '0.0000', 0, '2018-06-22 17:01:57', '2018-06-22 17:01:57', NULL),
(3325, 'galla', 'Galla', 206, '0.0000', 0, '2018-06-22 17:01:57', '2018-06-22 17:01:57', NULL),
(3326, 'gampaha', 'Gampaha', 206, '0.0000', 0, '2018-06-22 17:01:57', '2018-06-22 17:01:57', NULL),
(3327, 'hambantota', 'Hambantota', 206, '0.0000', 0, '2018-06-22 17:01:57', '2018-06-22 17:01:57', NULL),
(3328, 'kalatura', 'Kalatura', 206, '0.0000', 0, '2018-06-22 17:01:57', '2018-06-22 17:01:57', NULL),
(3329, 'kegalla', 'Kegalla', 206, '0.0000', 0, '2018-06-22 17:01:57', '2018-06-22 17:01:57', NULL),
(3330, 'kilinochchi', 'Kilinochchi', 206, '0.0000', 0, '2018-06-22 17:01:57', '2018-06-22 17:01:57', NULL),
(3331, 'kurunegala', 'Kurunegala', 206, '0.0000', 0, '2018-06-22 17:01:57', '2018-06-22 17:01:57', NULL),
(3332, 'madakalpuwa', 'Madakalpuwa', 206, '0.0000', 0, '2018-06-22 17:01:57', '2018-06-22 17:01:57', NULL),
(3333, 'maha nuwara', 'Maha Nuwara', 206, '0.0000', 0, '2018-06-22 17:01:57', '2018-06-22 17:01:57', NULL),
(3334, 'malwana', 'Malwana', 206, '0.0000', 0, '2018-06-22 17:01:57', '2018-06-22 17:01:57', NULL),
(3335, 'mannarama', 'Mannarama', 206, '0.0000', 0, '2018-06-22 17:01:57', '2018-06-22 17:01:57', NULL),
(3336, 'matale', 'Matale', 206, '0.0000', 0, '2018-06-22 17:01:57', '2018-06-22 17:01:57', NULL),
(3337, 'matara', 'Matara', 206, '0.0000', 0, '2018-06-22 17:01:57', '2018-06-22 17:01:57', NULL),
(3338, 'monaragala', 'Monaragala', 206, '0.0000', 0, '2018-06-22 17:01:57', '2018-06-22 17:01:57', NULL),
(3339, 'mullaitivu', 'Mullaitivu', 206, '0.0000', 0, '2018-06-22 17:01:57', '2018-06-22 17:01:57', NULL),
(3340, 'north eastern province', 'North Eastern Province', 206, '0.0000', 0, '2018-06-22 17:01:57', '2018-06-22 17:01:57', NULL),
(3341, 'north western province', 'North Western Province', 206, '0.0000', 0, '2018-06-22 17:01:57', '2018-06-22 17:01:57', NULL),
(3342, 'nuwara eliya', 'Nuwara Eliya', 206, '0.0000', 0, '2018-06-22 17:01:57', '2018-06-22 17:01:57', NULL),
(3343, 'polonnaruwa', 'Polonnaruwa', 206, '0.0000', 0, '2018-06-22 17:01:57', '2018-06-22 17:01:57', NULL),
(3344, 'puttalama', 'Puttalama', 206, '0.0000', 0, '2018-06-22 17:01:57', '2018-06-22 17:01:57', NULL),
(3345, 'ratnapuraya', 'Ratnapuraya', 206, '0.0000', 0, '2018-06-22 17:01:57', '2018-06-22 17:01:57', NULL),
(3346, 'southern province', 'Southern Province', 206, '0.0000', 0, '2018-06-22 17:01:57', '2018-06-22 17:01:57', NULL),
(3347, 'tirikunamalaya', 'Tirikunamalaya', 206, '0.0000', 0, '2018-06-22 17:01:57', '2018-06-22 17:01:57', NULL),
(3348, 'tuscany', 'Tuscany', 206, '0.0000', 0, '2018-06-22 17:01:57', '2018-06-22 17:01:57', NULL),
(3349, 'vavuniyawa', 'Vavuniyawa', 206, '0.0000', 0, '2018-06-22 17:01:57', '2018-06-22 17:01:57', NULL),
(3350, 'western province', 'Western Province', 206, '0.0000', 0, '2018-06-22 17:01:57', '2018-06-22 17:01:57', NULL),
(3351, 'yapanaya', 'Yapanaya', 206, '0.0000', 0, '2018-06-22 17:01:57', '2018-06-22 17:01:57', NULL),
(3352, 'kadawatha', 'kadawatha', 206, '0.0000', 0, '2018-06-22 17:01:57', '2018-06-22 17:01:57', NULL),
(3353, 'a''''ali-an-nil', 'A''''ali-an-Nil', 207, '0.0000', 0, '2018-06-22 17:01:57', '2018-06-22 17:01:57', NULL),
(3354, 'bahr-al-jabal', 'Bahr-al-Jabal', 207, '0.0000', 0, '2018-06-22 17:01:57', '2018-06-22 17:01:57', NULL),
(3355, 'central equatoria', 'Central Equatoria', 207, '0.0000', 0, '2018-06-22 17:01:57', '2018-06-22 17:01:57', NULL),
(3356, 'gharb bahr-al-ghazal', 'Gharb Bahr-al-Ghazal', 207, '0.0000', 0, '2018-06-22 17:01:57', '2018-06-22 17:01:57', NULL),
(3357, 'gharb darfur', 'Gharb Darfur', 207, '0.0000', 0, '2018-06-22 17:01:57', '2018-06-22 17:01:57', NULL),
(3358, 'gharb kurdufan', 'Gharb Kurdufan', 207, '0.0000', 0, '2018-06-22 17:01:57', '2018-06-22 17:01:57', NULL),
(3359, 'gharb-al-istiwa''''iyah', 'Gharb-al-Istiwa''''iyah', 207, '0.0000', 0, '2018-06-22 17:01:57', '2018-06-22 17:01:57', NULL),
(3360, 'janub darfur', 'Janub Darfur', 207, '0.0000', 0, '2018-06-22 17:01:57', '2018-06-22 17:01:57', NULL),
(3361, 'janub kurdufan', 'Janub Kurdufan', 207, '0.0000', 0, '2018-06-22 17:01:57', '2018-06-22 17:01:57', NULL),
(3362, 'junqali', 'Junqali', 207, '0.0000', 0, '2018-06-22 17:01:57', '2018-06-22 17:01:57', NULL),
(3363, 'kassala', 'Kassala', 207, '0.0000', 0, '2018-06-22 17:01:57', '2018-06-22 17:01:57', NULL),
(3364, 'nahr-an-nil', 'Nahr-an-Nil', 207, '0.0000', 0, '2018-06-22 17:01:57', '2018-06-22 17:01:57', NULL),
(3365, 'shamal bahr-al-ghazal', 'Shamal Bahr-al-Ghazal', 207, '0.0000', 0, '2018-06-22 17:01:57', '2018-06-22 17:01:57', NULL),
(3366, 'shamal darfur', 'Shamal Darfur', 207, '0.0000', 0, '2018-06-22 17:01:57', '2018-06-22 17:01:57', NULL),
(3367, 'shamal kurdufan', 'Shamal Kurdufan', 207, '0.0000', 0, '2018-06-22 17:01:57', '2018-06-22 17:01:57', NULL),
(3368, 'sharq-al-istiwa''''iyah', 'Sharq-al-Istiwa''''iyah', 207, '0.0000', 0, '2018-06-22 17:01:57', '2018-06-22 17:01:57', NULL),
(3369, 'sinnar', 'Sinnar', 207, '0.0000', 0, '2018-06-22 17:01:57', '2018-06-22 17:01:57', NULL),
(3370, 'warab', 'Warab', 207, '0.0000', 0, '2018-06-22 17:01:57', '2018-06-22 17:01:57', NULL),
(3371, 'wilayat al khartum', 'Wilayat al Khartum', 207, '0.0000', 0, '2018-06-22 17:01:57', '2018-06-22 17:01:57', NULL),
(3372, 'al-bahr-al-ahmar', 'al-Bahr-al-Ahmar', 207, '0.0000', 0, '2018-06-22 17:01:57', '2018-06-22 17:01:57', NULL),
(3373, 'al-buhayrat', 'al-Buhayrat', 207, '0.0000', 0, '2018-06-22 17:01:57', '2018-06-22 17:01:57', NULL),
(3374, 'al-jazirah', 'al-Jazirah', 207, '0.0000', 0, '2018-06-22 17:01:57', '2018-06-22 17:01:57', NULL),
(3375, 'al-khartum', 'al-Khartum', 207, '0.0000', 0, '2018-06-22 17:01:57', '2018-06-22 17:01:57', NULL),
(3376, 'al-qadarif', 'al-Qadarif', 207, '0.0000', 0, '2018-06-22 17:01:57', '2018-06-22 17:01:57', NULL),
(3377, 'al-wahdah', 'al-Wahdah', 207, '0.0000', 0, '2018-06-22 17:01:57', '2018-06-22 17:01:57', NULL),
(3378, 'an-nil-al-abyad', 'an-Nil-al-Abyad', 207, '0.0000', 0, '2018-06-22 17:01:57', '2018-06-22 17:01:57', NULL),
(3379, 'an-nil-al-azraq', 'an-Nil-al-Azraq', 207, '0.0000', 0, '2018-06-22 17:01:57', '2018-06-22 17:01:57', NULL),
(3380, 'ash-shamaliyah', 'ash-Shamaliyah', 207, '0.0000', 0, '2018-06-22 17:01:57', '2018-06-22 17:01:57', NULL),
(3381, 'brokopondo', 'Brokopondo', 208, '0.0000', 0, '2018-06-22 17:01:57', '2018-06-22 17:01:57', NULL),
(3382, 'commewijne', 'Commewijne', 208, '0.0000', 0, '2018-06-22 17:01:57', '2018-06-22 17:01:57', NULL),
(3383, 'coronie', 'Coronie', 208, '0.0000', 0, '2018-06-22 17:01:57', '2018-06-22 17:01:57', NULL),
(3384, 'marowijne', 'Marowijne', 208, '0.0000', 0, '2018-06-22 17:01:57', '2018-06-22 17:01:57', NULL),
(3385, 'nickerie', 'Nickerie', 208, '0.0000', 0, '2018-06-22 17:01:57', '2018-06-22 17:01:57', NULL),
(3386, 'para', 'Para', 208, '0.0000', 0, '2018-06-22 17:01:57', '2018-06-22 17:01:57', NULL),
(3387, 'paramaribo', 'Paramaribo', 208, '0.0000', 0, '2018-06-22 17:01:57', '2018-06-22 17:01:57', NULL),
(3388, 'saramacca', 'Saramacca', 208, '0.0000', 0, '2018-06-22 17:01:57', '2018-06-22 17:01:57', NULL),
(3389, 'wanica', 'Wanica', 208, '0.0000', 0, '2018-06-22 17:01:57', '2018-06-22 17:01:57', NULL),
(3390, 'svalbard', 'Svalbard', 209, '0.0000', 0, '2018-06-22 17:01:57', '2018-06-22 17:01:57', NULL),
(3391, 'hhohho', 'Hhohho', 210, '0.0000', 0, '2018-06-22 17:01:57', '2018-06-22 17:01:57', NULL),
(3392, 'lubombo', 'Lubombo', 210, '0.0000', 0, '2018-06-22 17:01:57', '2018-06-22 17:01:57', NULL),
(3393, 'manzini', 'Manzini', 210, '0.0000', 0, '2018-06-22 17:01:57', '2018-06-22 17:01:57', NULL),
(3394, 'shiselweni', 'Shiselweni', 210, '0.0000', 0, '2018-06-22 17:01:57', '2018-06-22 17:01:57', NULL),
(3395, 'alvsborgs lan', 'Alvsborgs Lan', 211, '0.0000', 0, '2018-06-22 17:01:57', '2018-06-22 17:01:57', NULL),
(3396, 'angermanland', 'Angermanland', 211, '0.0000', 0, '2018-06-22 17:01:57', '2018-06-22 17:01:57', NULL),
(3397, 'blekinge', 'Blekinge', 211, '0.0000', 0, '2018-06-22 17:01:57', '2018-06-22 17:01:57', NULL),
(3398, 'bohuslan', 'Bohuslan', 211, '0.0000', 0, '2018-06-22 17:01:57', '2018-06-22 17:01:57', NULL),
(3399, 'dalarna', 'Dalarna', 211, '0.0000', 0, '2018-06-22 17:01:57', '2018-06-22 17:01:57', NULL),
(3400, 'gavleborg', 'Gavleborg', 211, '0.0000', 0, '2018-06-22 17:01:57', '2018-06-22 17:01:57', NULL),
(3401, 'gaza', 'Gaza', 211, '0.0000', 0, '2018-06-22 17:01:57', '2018-06-22 17:01:57', NULL),
(3402, 'gotland', 'Gotland', 211, '0.0000', 0, '2018-06-22 17:01:57', '2018-06-22 17:01:57', NULL),
(3403, 'halland', 'Halland', 211, '0.0000', 0, '2018-06-22 17:01:57', '2018-06-22 17:01:57', NULL),
(3404, 'jamtland', 'Jamtland', 211, '0.0000', 0, '2018-06-22 17:01:57', '2018-06-22 17:01:57', NULL),
(3405, 'jonkoping', 'Jonkoping', 211, '0.0000', 0, '2018-06-22 17:01:57', '2018-06-22 17:01:57', NULL),
(3406, 'kalmar', 'Kalmar', 211, '0.0000', 0, '2018-06-22 17:01:57', '2018-06-22 17:01:57', NULL),
(3407, 'kristianstads', 'Kristianstads', 211, '0.0000', 0, '2018-06-22 17:01:57', '2018-06-22 17:01:57', NULL),
(3408, 'kronoberg', 'Kronoberg', 211, '0.0000', 0, '2018-06-22 17:01:57', '2018-06-22 17:01:57', NULL),
(3409, 'norrbotten', 'Norrbotten', 211, '0.0000', 0, '2018-06-22 17:01:57', '2018-06-22 17:01:57', NULL),
(3410, 'orebro', 'Orebro', 211, '0.0000', 0, '2018-06-22 17:01:57', '2018-06-22 17:01:57', NULL),
(3411, 'ostergotland', 'Ostergotland', 211, '0.0000', 0, '2018-06-22 17:01:57', '2018-06-22 17:01:57', NULL),
(3412, 'saltsjo-boo', 'Saltsjo-Boo', 211, '0.0000', 0, '2018-06-22 17:01:57', '2018-06-22 17:01:57', NULL),
(3413, 'skane', 'Skane', 211, '0.0000', 0, '2018-06-22 17:01:57', '2018-06-22 17:01:57', NULL),
(3414, 'smaland', 'Smaland', 211, '0.0000', 0, '2018-06-22 17:01:57', '2018-06-22 17:01:57', NULL),
(3415, 'sodermanland', 'Sodermanland', 211, '0.0000', 0, '2018-06-22 17:01:57', '2018-06-22 17:01:57', NULL),
(3416, 'stockholm', 'Stockholm', 211, '0.0000', 0, '2018-06-22 17:01:57', '2018-06-22 17:01:57', NULL),
(3417, 'uppsala', 'Uppsala', 211, '0.0000', 0, '2018-06-22 17:01:57', '2018-06-22 17:01:57', NULL),
(3418, 'varmland', 'Varmland', 211, '0.0000', 0, '2018-06-22 17:01:57', '2018-06-22 17:01:57', NULL),
(3419, 'vasterbotten', 'Vasterbotten', 211, '0.0000', 0, '2018-06-22 17:01:57', '2018-06-22 17:01:57', NULL),
(3420, 'vastergotland', 'Vastergotland', 211, '0.0000', 0, '2018-06-22 17:01:57', '2018-06-22 17:01:57', NULL),
(3421, 'vasternorrland', 'Vasternorrland', 211, '0.0000', 0, '2018-06-22 17:01:57', '2018-06-22 17:01:57', NULL),
(3422, 'vastmanland', 'Vastmanland', 211, '0.0000', 0, '2018-06-22 17:01:57', '2018-06-22 17:01:57', NULL),
(3423, 'vastra gotaland', 'Vastra Gotaland', 211, '0.0000', 0, '2018-06-22 17:01:57', '2018-06-22 17:01:57', NULL),
(3424, 'aargau', 'Aargau', 212, '0.0000', 0, '2018-06-22 17:01:57', '2018-06-22 17:01:57', NULL),
(3425, 'appenzell inner-rhoden', 'Appenzell Inner-Rhoden', 212, '0.0000', 0, '2018-06-22 17:01:57', '2018-06-22 17:01:57', NULL),
(3426, 'appenzell-ausser rhoden', 'Appenzell-Ausser Rhoden', 212, '0.0000', 0, '2018-06-22 17:01:57', '2018-06-22 17:01:57', NULL),
(3427, 'basel-landschaft', 'Basel-Landschaft', 212, '0.0000', 0, '2018-06-22 17:01:57', '2018-06-22 17:01:57', NULL),
(3428, 'basel-stadt', 'Basel-Stadt', 212, '0.0000', 0, '2018-06-22 17:01:57', '2018-06-22 17:01:57', NULL),
(3429, 'bern', 'Bern', 212, '0.0000', 0, '2018-06-22 17:01:57', '2018-06-22 17:01:57', NULL),
(3430, 'canton ticino', 'Canton Ticino', 212, '0.0000', 0, '2018-06-22 17:01:57', '2018-06-22 17:01:57', NULL),
(3431, 'fribourg', 'Fribourg', 212, '0.0000', 0, '2018-06-22 17:01:57', '2018-06-22 17:01:57', NULL),
(3432, 'geneve', 'Geneve', 212, '0.0000', 0, '2018-06-22 17:01:57', '2018-06-22 17:01:57', NULL),
(3433, 'glarus', 'Glarus', 212, '0.0000', 0, '2018-06-22 17:01:57', '2018-06-22 17:01:57', NULL),
(3434, 'graubunden', 'Graubunden', 212, '0.0000', 0, '2018-06-22 17:01:57', '2018-06-22 17:01:57', NULL),
(3435, 'heerbrugg', 'Heerbrugg', 212, '0.0000', 0, '2018-06-22 17:01:57', '2018-06-22 17:01:57', NULL),
(3436, 'jura', 'Jura', 212, '0.0000', 0, '2018-06-22 17:01:57', '2018-06-22 17:01:57', NULL),
(3437, 'kanton aargau', 'Kanton Aargau', 212, '0.0000', 0, '2018-06-22 17:01:57', '2018-06-22 17:01:57', NULL),
(3438, 'luzern', 'Luzern', 212, '0.0000', 0, '2018-06-22 17:01:57', '2018-06-22 17:01:57', NULL);
INSERT INTO `states` (`id`, `code`, `name`, `country_id`, `tax`, `is_default`, `created_at`, `updated_at`, `deleted_at`) VALUES
(3439, 'morbio inferiore', 'Morbio Inferiore', 212, '0.0000', 0, '2018-06-22 17:01:57', '2018-06-22 17:01:57', NULL),
(3440, 'muhen', 'Muhen', 212, '0.0000', 0, '2018-06-22 17:01:57', '2018-06-22 17:01:57', NULL),
(3441, 'neuchatel', 'Neuchatel', 212, '0.0000', 0, '2018-06-22 17:01:57', '2018-06-22 17:01:57', NULL),
(3442, 'nidwalden', 'Nidwalden', 212, '0.0000', 0, '2018-06-22 17:01:57', '2018-06-22 17:01:57', NULL),
(3443, 'obwalden', 'Obwalden', 212, '0.0000', 0, '2018-06-22 17:01:57', '2018-06-22 17:01:57', NULL),
(3444, 'sankt gallen', 'Sankt Gallen', 212, '0.0000', 0, '2018-06-22 17:01:57', '2018-06-22 17:01:57', NULL),
(3445, 'schaffhausen', 'Schaffhausen', 212, '0.0000', 0, '2018-06-22 17:01:57', '2018-06-22 17:01:57', NULL),
(3446, 'schwyz', 'Schwyz', 212, '0.0000', 0, '2018-06-22 17:01:57', '2018-06-22 17:01:57', NULL),
(3447, 'solothurn', 'Solothurn', 212, '0.0000', 0, '2018-06-22 17:01:57', '2018-06-22 17:01:57', NULL),
(3448, 'thurgau', 'Thurgau', 212, '0.0000', 0, '2018-06-22 17:01:57', '2018-06-22 17:01:57', NULL),
(3449, 'ticino', 'Ticino', 212, '0.0000', 0, '2018-06-22 17:01:57', '2018-06-22 17:01:57', NULL),
(3450, 'uri', 'Uri', 212, '0.0000', 0, '2018-06-22 17:01:57', '2018-06-22 17:01:57', NULL),
(3451, 'valais', 'Valais', 212, '0.0000', 0, '2018-06-22 17:01:57', '2018-06-22 17:01:57', NULL),
(3452, 'vaud', 'Vaud', 212, '0.0000', 0, '2018-06-22 17:01:57', '2018-06-22 17:01:57', NULL),
(3453, 'vauffelin', 'Vauffelin', 212, '0.0000', 0, '2018-06-22 17:01:57', '2018-06-22 17:01:57', NULL),
(3454, 'zug', 'Zug', 212, '0.0000', 0, '2018-06-22 17:01:57', '2018-06-22 17:01:57', NULL),
(3455, 'zurich', 'Zurich', 212, '0.0000', 0, '2018-06-22 17:01:57', '2018-06-22 17:01:57', NULL),
(3456, 'aleppo', 'Aleppo', 213, '0.0000', 0, '2018-06-22 17:01:57', '2018-06-22 17:01:57', NULL),
(3457, 'dar''''a', 'Dar''''a', 213, '0.0000', 0, '2018-06-22 17:01:57', '2018-06-22 17:01:57', NULL),
(3458, 'dayr-az-zawr', 'Dayr-az-Zawr', 213, '0.0000', 0, '2018-06-22 17:01:57', '2018-06-22 17:01:57', NULL),
(3459, 'dimashq', 'Dimashq', 213, '0.0000', 0, '2018-06-22 17:01:57', '2018-06-22 17:01:57', NULL),
(3460, 'halab', 'Halab', 213, '0.0000', 0, '2018-06-22 17:01:57', '2018-06-22 17:01:57', NULL),
(3461, 'hamah', 'Hamah', 213, '0.0000', 0, '2018-06-22 17:01:57', '2018-06-22 17:01:57', NULL),
(3462, 'hims', 'Hims', 213, '0.0000', 0, '2018-06-22 17:01:57', '2018-06-22 17:01:57', NULL),
(3463, 'idlib', 'Idlib', 213, '0.0000', 0, '2018-06-22 17:01:57', '2018-06-22 17:01:57', NULL),
(3464, 'madinat dimashq', 'Madinat Dimashq', 213, '0.0000', 0, '2018-06-22 17:01:57', '2018-06-22 17:01:57', NULL),
(3465, 'tartus', 'Tartus', 213, '0.0000', 0, '2018-06-22 17:01:57', '2018-06-22 17:01:57', NULL),
(3466, 'al-hasakah', 'al-Hasakah', 213, '0.0000', 0, '2018-06-22 17:01:57', '2018-06-22 17:01:57', NULL),
(3467, 'al-ladhiqiyah', 'al-Ladhiqiyah', 213, '0.0000', 0, '2018-06-22 17:01:57', '2018-06-22 17:01:57', NULL),
(3468, 'al-qunaytirah', 'al-Qunaytirah', 213, '0.0000', 0, '2018-06-22 17:01:57', '2018-06-22 17:01:57', NULL),
(3469, 'ar-raqqah', 'ar-Raqqah', 213, '0.0000', 0, '2018-06-22 17:01:57', '2018-06-22 17:01:57', NULL),
(3470, 'as-suwayda', 'as-Suwayda', 213, '0.0000', 0, '2018-06-22 17:01:57', '2018-06-22 17:01:57', NULL),
(3471, 'changhwa', 'Changhwa', 214, '0.0000', 0, '2018-06-22 17:01:57', '2018-06-22 17:01:57', NULL),
(3472, 'chiayi hsien', 'Chiayi Hsien', 214, '0.0000', 0, '2018-06-22 17:01:57', '2018-06-22 17:01:57', NULL),
(3473, 'chiayi shih', 'Chiayi Shih', 214, '0.0000', 0, '2018-06-22 17:01:57', '2018-06-22 17:01:57', NULL),
(3474, 'eastern taipei', 'Eastern Taipei', 214, '0.0000', 0, '2018-06-22 17:01:57', '2018-06-22 17:01:57', NULL),
(3475, 'hsinchu hsien', 'Hsinchu Hsien', 214, '0.0000', 0, '2018-06-22 17:01:57', '2018-06-22 17:01:57', NULL),
(3476, 'hsinchu shih', 'Hsinchu Shih', 214, '0.0000', 0, '2018-06-22 17:01:57', '2018-06-22 17:01:57', NULL),
(3477, 'hualien', 'Hualien', 214, '0.0000', 0, '2018-06-22 17:01:57', '2018-06-22 17:01:57', NULL),
(3478, 'ilan', 'Ilan', 214, '0.0000', 0, '2018-06-22 17:01:57', '2018-06-22 17:01:57', NULL),
(3479, 'kaohsiung hsien', 'Kaohsiung Hsien', 214, '0.0000', 0, '2018-06-22 17:01:57', '2018-06-22 17:01:57', NULL),
(3480, 'kaohsiung shih', 'Kaohsiung Shih', 214, '0.0000', 0, '2018-06-22 17:01:57', '2018-06-22 17:01:57', NULL),
(3481, 'keelung shih', 'Keelung Shih', 214, '0.0000', 0, '2018-06-22 17:01:57', '2018-06-22 17:01:57', NULL),
(3482, 'kinmen', 'Kinmen', 214, '0.0000', 0, '2018-06-22 17:01:57', '2018-06-22 17:01:57', NULL),
(3483, 'miaoli', 'Miaoli', 214, '0.0000', 0, '2018-06-22 17:01:57', '2018-06-22 17:01:57', NULL),
(3484, 'nantou', 'Nantou', 214, '0.0000', 0, '2018-06-22 17:01:57', '2018-06-22 17:01:57', NULL),
(3485, 'northern taiwan', 'Northern Taiwan', 214, '0.0000', 0, '2018-06-22 17:01:57', '2018-06-22 17:01:57', NULL),
(3486, 'penghu', 'Penghu', 214, '0.0000', 0, '2018-06-22 17:01:57', '2018-06-22 17:01:57', NULL),
(3487, 'pingtung', 'Pingtung', 214, '0.0000', 0, '2018-06-22 17:01:57', '2018-06-22 17:01:57', NULL),
(3488, 'taichung', 'Taichung', 214, '0.0000', 0, '2018-06-22 17:01:57', '2018-06-22 17:01:57', NULL),
(3489, 'taichung hsien', 'Taichung Hsien', 214, '0.0000', 0, '2018-06-22 17:01:57', '2018-06-22 17:01:57', NULL),
(3490, 'taichung shih', 'Taichung Shih', 214, '0.0000', 0, '2018-06-22 17:01:57', '2018-06-22 17:01:57', NULL),
(3491, 'tainan hsien', 'Tainan Hsien', 214, '0.0000', 0, '2018-06-22 17:01:57', '2018-06-22 17:01:57', NULL),
(3492, 'tainan shih', 'Tainan Shih', 214, '0.0000', 0, '2018-06-22 17:01:57', '2018-06-22 17:01:57', NULL),
(3493, 'taipei hsien', 'Taipei Hsien', 214, '0.0000', 0, '2018-06-22 17:01:57', '2018-06-22 17:01:57', NULL),
(3494, 'taipei shih / taipei hsie', 'Taipei Shih / Taipei Hsien', 214, '0.0000', 0, '2018-06-22 17:01:57', '2018-06-22 17:01:57', NULL),
(3495, 'taitung', 'Taitung', 214, '0.0000', 0, '2018-06-22 17:01:57', '2018-06-22 17:01:57', NULL),
(3496, 'taoyuan', 'Taoyuan', 214, '0.0000', 0, '2018-06-22 17:01:57', '2018-06-22 17:01:57', NULL),
(3497, 'yilan', 'Yilan', 214, '0.0000', 0, '2018-06-22 17:01:57', '2018-06-22 17:01:57', NULL),
(3498, 'yun-lin hsien', 'Yun-Lin Hsien', 214, '0.0000', 0, '2018-06-22 17:01:57', '2018-06-22 17:01:57', NULL),
(3499, 'yunlin', 'Yunlin', 214, '0.0000', 0, '2018-06-22 17:01:57', '2018-06-22 17:01:57', NULL),
(3500, 'dushanbe', 'Dushanbe', 215, '0.0000', 0, '2018-06-22 17:01:57', '2018-06-22 17:01:57', NULL),
(3501, 'gorno-badakhshan', 'Gorno-Badakhshan', 215, '0.0000', 0, '2018-06-22 17:01:57', '2018-06-22 17:01:57', NULL),
(3502, 'karotegin', 'Karotegin', 215, '0.0000', 0, '2018-06-22 17:01:57', '2018-06-22 17:01:57', NULL),
(3503, 'khatlon', 'Khatlon', 215, '0.0000', 0, '2018-06-22 17:01:57', '2018-06-22 17:01:57', NULL),
(3504, 'sughd', 'Sughd', 215, '0.0000', 0, '2018-06-22 17:01:57', '2018-06-22 17:01:57', NULL),
(3505, 'arusha', 'Arusha', 216, '0.0000', 0, '2018-06-22 17:01:57', '2018-06-22 17:01:57', NULL),
(3506, 'dar es salaam', 'Dar es Salaam', 216, '0.0000', 0, '2018-06-22 17:01:57', '2018-06-22 17:01:57', NULL),
(3507, 'dodoma', 'Dodoma', 216, '0.0000', 0, '2018-06-22 17:01:57', '2018-06-22 17:01:57', NULL),
(3508, 'iringa', 'Iringa', 216, '0.0000', 0, '2018-06-22 17:01:57', '2018-06-22 17:01:57', NULL),
(3509, 'kagera', 'Kagera', 216, '0.0000', 0, '2018-06-22 17:01:57', '2018-06-22 17:01:57', NULL),
(3510, 'kigoma', 'Kigoma', 216, '0.0000', 0, '2018-06-22 17:01:57', '2018-06-22 17:01:57', NULL),
(3511, 'kilimanjaro', 'Kilimanjaro', 216, '0.0000', 0, '2018-06-22 17:01:57', '2018-06-22 17:01:57', NULL),
(3512, 'lindi', 'Lindi', 216, '0.0000', 0, '2018-06-22 17:01:57', '2018-06-22 17:01:57', NULL),
(3513, 'mara', 'Mara', 216, '0.0000', 0, '2018-06-22 17:01:57', '2018-06-22 17:01:57', NULL),
(3514, 'mbeya', 'Mbeya', 216, '0.0000', 0, '2018-06-22 17:01:57', '2018-06-22 17:01:57', NULL),
(3515, 'morogoro', 'Morogoro', 216, '0.0000', 0, '2018-06-22 17:01:57', '2018-06-22 17:01:57', NULL),
(3516, 'mtwara', 'Mtwara', 216, '0.0000', 0, '2018-06-22 17:01:57', '2018-06-22 17:01:57', NULL),
(3517, 'mwanza', 'Mwanza', 216, '0.0000', 0, '2018-06-22 17:01:57', '2018-06-22 17:01:57', NULL),
(3518, 'pwani', 'Pwani', 216, '0.0000', 0, '2018-06-22 17:01:57', '2018-06-22 17:01:57', NULL),
(3519, 'rukwa', 'Rukwa', 216, '0.0000', 0, '2018-06-22 17:01:57', '2018-06-22 17:01:57', NULL),
(3520, 'ruvuma', 'Ruvuma', 216, '0.0000', 0, '2018-06-22 17:01:57', '2018-06-22 17:01:57', NULL),
(3521, 'shinyanga', 'Shinyanga', 216, '0.0000', 0, '2018-06-22 17:01:57', '2018-06-22 17:01:57', NULL),
(3522, 'singida', 'Singida', 216, '0.0000', 0, '2018-06-22 17:01:57', '2018-06-22 17:01:57', NULL),
(3523, 'tabora', 'Tabora', 216, '0.0000', 0, '2018-06-22 17:01:57', '2018-06-22 17:01:57', NULL),
(3524, 'tanga', 'Tanga', 216, '0.0000', 0, '2018-06-22 17:01:57', '2018-06-22 17:01:57', NULL),
(3525, 'zanzibar and pemba', 'Zanzibar and Pemba', 216, '0.0000', 0, '2018-06-22 17:01:57', '2018-06-22 17:01:57', NULL),
(3526, 'amnat charoen', 'Amnat Charoen', 217, '0.0000', 0, '2018-06-22 17:01:57', '2018-06-22 17:01:57', NULL),
(3527, 'ang thong', 'Ang Thong', 217, '0.0000', 0, '2018-06-22 17:01:57', '2018-06-22 17:01:57', NULL),
(3528, 'bangkok', 'Bangkok', 217, '0.0000', 0, '2018-06-22 17:01:57', '2018-06-22 17:01:57', NULL),
(3529, 'buri ram', 'Buri Ram', 217, '0.0000', 0, '2018-06-22 17:01:57', '2018-06-22 17:01:57', NULL),
(3530, 'chachoengsao', 'Chachoengsao', 217, '0.0000', 0, '2018-06-22 17:01:57', '2018-06-22 17:01:57', NULL),
(3531, 'chai nat', 'Chai Nat', 217, '0.0000', 0, '2018-06-22 17:01:57', '2018-06-22 17:01:57', NULL),
(3532, 'chaiyaphum', 'Chaiyaphum', 217, '0.0000', 0, '2018-06-22 17:01:57', '2018-06-22 17:01:57', NULL),
(3533, 'changwat chaiyaphum', 'Changwat Chaiyaphum', 217, '0.0000', 0, '2018-06-22 17:01:57', '2018-06-22 17:01:57', NULL),
(3534, 'chanthaburi', 'Chanthaburi', 217, '0.0000', 0, '2018-06-22 17:01:57', '2018-06-22 17:01:57', NULL),
(3535, 'chiang mai', 'Chiang Mai', 217, '0.0000', 0, '2018-06-22 17:01:57', '2018-06-22 17:01:57', NULL),
(3536, 'chiang rai', 'Chiang Rai', 217, '0.0000', 0, '2018-06-22 17:01:57', '2018-06-22 17:01:57', NULL),
(3537, 'chon buri', 'Chon Buri', 217, '0.0000', 0, '2018-06-22 17:01:57', '2018-06-22 17:01:57', NULL),
(3538, 'chumphon', 'Chumphon', 217, '0.0000', 0, '2018-06-22 17:01:57', '2018-06-22 17:01:57', NULL),
(3539, 'kalasin', 'Kalasin', 217, '0.0000', 0, '2018-06-22 17:01:57', '2018-06-22 17:01:57', NULL),
(3540, 'kamphaeng phet', 'Kamphaeng Phet', 217, '0.0000', 0, '2018-06-22 17:01:57', '2018-06-22 17:01:57', NULL),
(3541, 'kanchanaburi', 'Kanchanaburi', 217, '0.0000', 0, '2018-06-22 17:01:57', '2018-06-22 17:01:57', NULL),
(3542, 'khon kaen', 'Khon Kaen', 217, '0.0000', 0, '2018-06-22 17:01:57', '2018-06-22 17:01:57', NULL),
(3543, 'krabi', 'Krabi', 217, '0.0000', 0, '2018-06-22 17:01:57', '2018-06-22 17:01:57', NULL),
(3544, 'krung thep', 'Krung Thep', 217, '0.0000', 0, '2018-06-22 17:01:57', '2018-06-22 17:01:57', NULL),
(3545, 'lampang', 'Lampang', 217, '0.0000', 0, '2018-06-22 17:01:57', '2018-06-22 17:01:57', NULL),
(3546, 'lamphun', 'Lamphun', 217, '0.0000', 0, '2018-06-22 17:01:57', '2018-06-22 17:01:57', NULL),
(3547, 'loei', 'Loei', 217, '0.0000', 0, '2018-06-22 17:01:57', '2018-06-22 17:01:57', NULL),
(3548, 'lop buri', 'Lop Buri', 217, '0.0000', 0, '2018-06-22 17:01:57', '2018-06-22 17:01:57', NULL),
(3549, 'mae hong son', 'Mae Hong Son', 217, '0.0000', 0, '2018-06-22 17:01:57', '2018-06-22 17:01:57', NULL),
(3550, 'maha sarakham', 'Maha Sarakham', 217, '0.0000', 0, '2018-06-22 17:01:57', '2018-06-22 17:01:57', NULL),
(3551, 'mukdahan', 'Mukdahan', 217, '0.0000', 0, '2018-06-22 17:01:57', '2018-06-22 17:01:57', NULL),
(3552, 'nakhon nayok', 'Nakhon Nayok', 217, '0.0000', 0, '2018-06-22 17:01:57', '2018-06-22 17:01:57', NULL),
(3553, 'nakhon pathom', 'Nakhon Pathom', 217, '0.0000', 0, '2018-06-22 17:01:57', '2018-06-22 17:01:57', NULL),
(3554, 'nakhon phanom', 'Nakhon Phanom', 217, '0.0000', 0, '2018-06-22 17:01:57', '2018-06-22 17:01:57', NULL),
(3555, 'nakhon ratchasima', 'Nakhon Ratchasima', 217, '0.0000', 0, '2018-06-22 17:01:57', '2018-06-22 17:01:57', NULL),
(3556, 'nakhon sawan', 'Nakhon Sawan', 217, '0.0000', 0, '2018-06-22 17:01:57', '2018-06-22 17:01:57', NULL),
(3557, 'nakhon si thammarat', 'Nakhon Si Thammarat', 217, '0.0000', 0, '2018-06-22 17:01:57', '2018-06-22 17:01:57', NULL),
(3558, 'nan', 'Nan', 217, '0.0000', 0, '2018-06-22 17:01:57', '2018-06-22 17:01:57', NULL),
(3559, 'narathiwat', 'Narathiwat', 217, '0.0000', 0, '2018-06-22 17:01:57', '2018-06-22 17:01:57', NULL),
(3560, 'nong bua lam phu', 'Nong Bua Lam Phu', 217, '0.0000', 0, '2018-06-22 17:01:57', '2018-06-22 17:01:57', NULL),
(3561, 'nong khai', 'Nong Khai', 217, '0.0000', 0, '2018-06-22 17:01:57', '2018-06-22 17:01:57', NULL),
(3562, 'nonthaburi', 'Nonthaburi', 217, '0.0000', 0, '2018-06-22 17:01:57', '2018-06-22 17:01:57', NULL),
(3563, 'pathum thani', 'Pathum Thani', 217, '0.0000', 0, '2018-06-22 17:01:57', '2018-06-22 17:01:57', NULL),
(3564, 'pattani', 'Pattani', 217, '0.0000', 0, '2018-06-22 17:01:57', '2018-06-22 17:01:57', NULL),
(3565, 'phangnga', 'Phangnga', 217, '0.0000', 0, '2018-06-22 17:01:57', '2018-06-22 17:01:57', NULL),
(3566, 'phatthalung', 'Phatthalung', 217, '0.0000', 0, '2018-06-22 17:01:57', '2018-06-22 17:01:57', NULL),
(3567, 'phayao', 'Phayao', 217, '0.0000', 0, '2018-06-22 17:01:57', '2018-06-22 17:01:57', NULL),
(3568, 'phetchabun', 'Phetchabun', 217, '0.0000', 0, '2018-06-22 17:01:57', '2018-06-22 17:01:57', NULL),
(3569, 'phetchaburi', 'Phetchaburi', 217, '0.0000', 0, '2018-06-22 17:01:57', '2018-06-22 17:01:57', NULL),
(3570, 'phichit', 'Phichit', 217, '0.0000', 0, '2018-06-22 17:01:57', '2018-06-22 17:01:57', NULL),
(3571, 'phitsanulok', 'Phitsanulok', 217, '0.0000', 0, '2018-06-22 17:01:57', '2018-06-22 17:01:57', NULL),
(3572, 'phra nakhon si ayutthaya', 'Phra Nakhon Si Ayutthaya', 217, '0.0000', 0, '2018-06-22 17:01:57', '2018-06-22 17:01:57', NULL),
(3573, 'phrae', 'Phrae', 217, '0.0000', 0, '2018-06-22 17:01:57', '2018-06-22 17:01:57', NULL),
(3574, 'phuket', 'Phuket', 217, '0.0000', 0, '2018-06-22 17:01:57', '2018-06-22 17:01:57', NULL),
(3575, 'prachin buri', 'Prachin Buri', 217, '0.0000', 0, '2018-06-22 17:01:57', '2018-06-22 17:01:57', NULL),
(3576, 'prachuap khiri khan', 'Prachuap Khiri Khan', 217, '0.0000', 0, '2018-06-22 17:01:57', '2018-06-22 17:01:57', NULL),
(3577, 'ranong', 'Ranong', 217, '0.0000', 0, '2018-06-22 17:01:57', '2018-06-22 17:01:57', NULL),
(3578, 'ratchaburi', 'Ratchaburi', 217, '0.0000', 0, '2018-06-22 17:01:57', '2018-06-22 17:01:57', NULL),
(3579, 'rayong', 'Rayong', 217, '0.0000', 0, '2018-06-22 17:01:57', '2018-06-22 17:01:57', NULL),
(3580, 'roi et', 'Roi Et', 217, '0.0000', 0, '2018-06-22 17:01:57', '2018-06-22 17:01:57', NULL),
(3581, 'sa kaeo', 'Sa Kaeo', 217, '0.0000', 0, '2018-06-22 17:01:57', '2018-06-22 17:01:57', NULL),
(3582, 'sakon nakhon', 'Sakon Nakhon', 217, '0.0000', 0, '2018-06-22 17:01:57', '2018-06-22 17:01:57', NULL),
(3583, 'samut prakan', 'Samut Prakan', 217, '0.0000', 0, '2018-06-22 17:01:57', '2018-06-22 17:01:57', NULL),
(3584, 'samut sakhon', 'Samut Sakhon', 217, '0.0000', 0, '2018-06-22 17:01:57', '2018-06-22 17:01:57', NULL),
(3585, 'samut songkhran', 'Samut Songkhran', 217, '0.0000', 0, '2018-06-22 17:01:57', '2018-06-22 17:01:57', NULL),
(3586, 'saraburi', 'Saraburi', 217, '0.0000', 0, '2018-06-22 17:01:57', '2018-06-22 17:01:57', NULL),
(3587, 'satun', 'Satun', 217, '0.0000', 0, '2018-06-22 17:01:57', '2018-06-22 17:01:57', NULL),
(3588, 'si sa ket', 'Si Sa Ket', 217, '0.0000', 0, '2018-06-22 17:01:57', '2018-06-22 17:01:57', NULL),
(3589, 'sing buri', 'Sing Buri', 217, '0.0000', 0, '2018-06-22 17:01:57', '2018-06-22 17:01:57', NULL),
(3590, 'songkhla', 'Songkhla', 217, '0.0000', 0, '2018-06-22 17:01:57', '2018-06-22 17:01:57', NULL),
(3591, 'sukhothai', 'Sukhothai', 217, '0.0000', 0, '2018-06-22 17:01:57', '2018-06-22 17:01:57', NULL),
(3592, 'suphan buri', 'Suphan Buri', 217, '0.0000', 0, '2018-06-22 17:01:57', '2018-06-22 17:01:57', NULL),
(3593, 'surat thani', 'Surat Thani', 217, '0.0000', 0, '2018-06-22 17:01:57', '2018-06-22 17:01:57', NULL),
(3594, 'surin', 'Surin', 217, '0.0000', 0, '2018-06-22 17:01:57', '2018-06-22 17:01:57', NULL),
(3595, 'tak', 'Tak', 217, '0.0000', 0, '2018-06-22 17:01:57', '2018-06-22 17:01:57', NULL),
(3596, 'trang', 'Trang', 217, '0.0000', 0, '2018-06-22 17:01:57', '2018-06-22 17:01:57', NULL),
(3597, 'trat', 'Trat', 217, '0.0000', 0, '2018-06-22 17:01:57', '2018-06-22 17:01:57', NULL),
(3598, 'ubon ratchathani', 'Ubon Ratchathani', 217, '0.0000', 0, '2018-06-22 17:01:57', '2018-06-22 17:01:57', NULL),
(3599, 'udon thani', 'Udon Thani', 217, '0.0000', 0, '2018-06-22 17:01:57', '2018-06-22 17:01:57', NULL),
(3600, 'uthai thani', 'Uthai Thani', 217, '0.0000', 0, '2018-06-22 17:01:57', '2018-06-22 17:01:57', NULL),
(3601, 'uttaradit', 'Uttaradit', 217, '0.0000', 0, '2018-06-22 17:01:57', '2018-06-22 17:01:57', NULL),
(3602, 'yala', 'Yala', 217, '0.0000', 0, '2018-06-22 17:01:57', '2018-06-22 17:01:57', NULL),
(3603, 'yasothon', 'Yasothon', 217, '0.0000', 0, '2018-06-22 17:01:57', '2018-06-22 17:01:57', NULL),
(3604, 'centre', 'Centre', 218, '0.0000', 0, '2018-06-22 17:01:57', '2018-06-22 17:01:57', NULL),
(3605, 'kara', 'Kara', 218, '0.0000', 0, '2018-06-22 17:01:57', '2018-06-22 17:01:57', NULL),
(3606, 'maritime', 'Maritime', 218, '0.0000', 0, '2018-06-22 17:01:57', '2018-06-22 17:01:57', NULL),
(3607, 'plateaux', 'Plateaux', 218, '0.0000', 0, '2018-06-22 17:01:57', '2018-06-22 17:01:57', NULL),
(3608, 'savanes', 'Savanes', 218, '0.0000', 0, '2018-06-22 17:01:57', '2018-06-22 17:01:57', NULL),
(3609, 'atafu', 'Atafu', 219, '0.0000', 0, '2018-06-22 17:01:57', '2018-06-22 17:01:57', NULL),
(3610, 'fakaofo', 'Fakaofo', 219, '0.0000', 0, '2018-06-22 17:01:57', '2018-06-22 17:01:57', NULL),
(3611, 'nukunonu', 'Nukunonu', 219, '0.0000', 0, '2018-06-22 17:01:57', '2018-06-22 17:01:57', NULL),
(3612, 'eua', 'Eua', 220, '0.0000', 0, '2018-06-22 17:01:57', '2018-06-22 17:01:57', NULL),
(3613, 'ha''''apai', 'Ha''''apai', 220, '0.0000', 0, '2018-06-22 17:01:57', '2018-06-22 17:01:57', NULL),
(3614, 'niuas', 'Niuas', 220, '0.0000', 0, '2018-06-22 17:01:57', '2018-06-22 17:01:57', NULL),
(3615, 'tongatapu', 'Tongatapu', 220, '0.0000', 0, '2018-06-22 17:01:57', '2018-06-22 17:01:57', NULL),
(3616, 'vava''''u', 'Vava''''u', 220, '0.0000', 0, '2018-06-22 17:01:57', '2018-06-22 17:01:57', NULL),
(3617, 'arima-tunapuna-piarco', 'Arima-Tunapuna-Piarco', 221, '0.0000', 0, '2018-06-22 17:01:57', '2018-06-22 17:01:57', NULL),
(3618, 'caroni', 'Caroni', 221, '0.0000', 0, '2018-06-22 17:01:57', '2018-06-22 17:01:57', NULL),
(3619, 'chaguanas', 'Chaguanas', 221, '0.0000', 0, '2018-06-22 17:01:57', '2018-06-22 17:01:57', NULL),
(3620, 'couva-tabaquite-talparo', 'Couva-Tabaquite-Talparo', 221, '0.0000', 0, '2018-06-22 17:01:57', '2018-06-22 17:01:57', NULL),
(3621, 'diego martin', 'Diego Martin', 221, '0.0000', 0, '2018-06-22 17:01:57', '2018-06-22 17:01:57', NULL),
(3622, 'glencoe', 'Glencoe', 221, '0.0000', 0, '2018-06-22 17:01:57', '2018-06-22 17:01:57', NULL),
(3623, 'penal debe', 'Penal Debe', 221, '0.0000', 0, '2018-06-22 17:01:57', '2018-06-22 17:01:57', NULL),
(3624, 'point fortin', 'Point Fortin', 221, '0.0000', 0, '2018-06-22 17:01:57', '2018-06-22 17:01:57', NULL),
(3625, 'port of spain', 'Port of Spain', 221, '0.0000', 0, '2018-06-22 17:01:57', '2018-06-22 17:01:57', NULL),
(3626, 'princes town', 'Princes Town', 221, '0.0000', 0, '2018-06-22 17:01:57', '2018-06-22 17:01:57', NULL),
(3627, 'saint george', 'Saint George', 221, '0.0000', 0, '2018-06-22 17:01:57', '2018-06-22 17:01:57', NULL),
(3628, 'san fernando', 'San Fernando', 221, '0.0000', 0, '2018-06-22 17:01:57', '2018-06-22 17:01:57', NULL),
(3629, 'san juan', 'San Juan', 221, '0.0000', 0, '2018-06-22 17:01:57', '2018-06-22 17:01:57', NULL),
(3630, 'sangre grande', 'Sangre Grande', 221, '0.0000', 0, '2018-06-22 17:01:57', '2018-06-22 17:01:57', NULL),
(3631, 'siparia', 'Siparia', 221, '0.0000', 0, '2018-06-22 17:01:57', '2018-06-22 17:01:57', NULL),
(3632, 'tobago', 'Tobago', 221, '0.0000', 0, '2018-06-22 17:01:57', '2018-06-22 17:01:57', NULL),
(3633, 'aryanah', 'Aryanah', 222, '0.0000', 0, '2018-06-22 17:01:57', '2018-06-22 17:01:57', NULL),
(3634, 'bajah', 'Bajah', 222, '0.0000', 0, '2018-06-22 17:01:57', '2018-06-22 17:01:57', NULL),
(3635, 'bin ''''arus', 'Bin ''''Arus', 222, '0.0000', 0, '2018-06-22 17:01:57', '2018-06-22 17:01:57', NULL),
(3636, 'binzart', 'Binzart', 222, '0.0000', 0, '2018-06-22 17:01:57', '2018-06-22 17:01:57', NULL),
(3637, 'gouvernorat de ariana', 'Gouvernorat de Ariana', 222, '0.0000', 0, '2018-06-22 17:01:57', '2018-06-22 17:01:57', NULL),
(3638, 'gouvernorat de nabeul', 'Gouvernorat de Nabeul', 222, '0.0000', 0, '2018-06-22 17:01:57', '2018-06-22 17:01:57', NULL),
(3639, 'gouvernorat de sousse', 'Gouvernorat de Sousse', 222, '0.0000', 0, '2018-06-22 17:01:57', '2018-06-22 17:01:57', NULL),
(3640, 'hammamet yasmine', 'Hammamet Yasmine', 222, '0.0000', 0, '2018-06-22 17:01:57', '2018-06-22 17:01:57', NULL),
(3641, 'jundubah', 'Jundubah', 222, '0.0000', 0, '2018-06-22 17:01:57', '2018-06-22 17:01:57', NULL),
(3642, 'madaniyin', 'Madaniyin', 222, '0.0000', 0, '2018-06-22 17:01:57', '2018-06-22 17:01:57', NULL),
(3643, 'manubah', 'Manubah', 222, '0.0000', 0, '2018-06-22 17:01:57', '2018-06-22 17:01:57', NULL),
(3644, 'monastir', 'Monastir', 222, '0.0000', 0, '2018-06-22 17:01:57', '2018-06-22 17:01:57', NULL),
(3645, 'nabul', 'Nabul', 222, '0.0000', 0, '2018-06-22 17:01:57', '2018-06-22 17:01:57', NULL),
(3646, 'qabis', 'Qabis', 222, '0.0000', 0, '2018-06-22 17:01:57', '2018-06-22 17:01:57', NULL),
(3647, 'qafsah', 'Qafsah', 222, '0.0000', 0, '2018-06-22 17:01:57', '2018-06-22 17:01:57', NULL),
(3648, 'qibili', 'Qibili', 222, '0.0000', 0, '2018-06-22 17:01:57', '2018-06-22 17:01:57', NULL),
(3649, 'safaqis', 'Safaqis', 222, '0.0000', 0, '2018-06-22 17:01:57', '2018-06-22 17:01:57', NULL),
(3650, 'sfax', 'Sfax', 222, '0.0000', 0, '2018-06-22 17:01:57', '2018-06-22 17:01:57', NULL),
(3651, 'sidi bu zayd', 'Sidi Bu Zayd', 222, '0.0000', 0, '2018-06-22 17:01:57', '2018-06-22 17:01:57', NULL),
(3652, 'silyanah', 'Silyanah', 222, '0.0000', 0, '2018-06-22 17:01:57', '2018-06-22 17:01:57', NULL),
(3653, 'susah', 'Susah', 222, '0.0000', 0, '2018-06-22 17:01:57', '2018-06-22 17:01:57', NULL),
(3654, 'tatawin', 'Tatawin', 222, '0.0000', 0, '2018-06-22 17:01:57', '2018-06-22 17:01:57', NULL),
(3655, 'tawzar', 'Tawzar', 222, '0.0000', 0, '2018-06-22 17:01:57', '2018-06-22 17:01:57', NULL),
(3656, 'tunis', 'Tunis', 222, '0.0000', 0, '2018-06-22 17:01:57', '2018-06-22 17:01:57', NULL),
(3657, 'zaghwan', 'Zaghwan', 222, '0.0000', 0, '2018-06-22 17:01:57', '2018-06-22 17:01:57', NULL),
(3658, 'al-kaf', 'al-Kaf', 222, '0.0000', 0, '2018-06-22 17:01:57', '2018-06-22 17:01:57', NULL),
(3659, 'al-mahdiyah', 'al-Mahdiyah', 222, '0.0000', 0, '2018-06-22 17:01:57', '2018-06-22 17:01:57', NULL),
(3660, 'al-munastir', 'al-Munastir', 222, '0.0000', 0, '2018-06-22 17:01:57', '2018-06-22 17:01:57', NULL),
(3661, 'al-qasrayn', 'al-Qasrayn', 222, '0.0000', 0, '2018-06-22 17:01:57', '2018-06-22 17:01:57', NULL),
(3662, 'al-qayrawan', 'al-Qayrawan', 222, '0.0000', 0, '2018-06-22 17:01:57', '2018-06-22 17:01:57', NULL),
(3663, 'adana', 'Adana', 223, '0.0000', 0, '2018-06-22 17:01:57', '2018-06-22 17:01:57', NULL),
(3664, 'adiyaman', 'Adiyaman', 223, '0.0000', 0, '2018-06-22 17:01:57', '2018-06-22 17:01:57', NULL),
(3665, 'afyon', 'Afyon', 223, '0.0000', 0, '2018-06-22 17:01:57', '2018-06-22 17:01:57', NULL),
(3666, 'agri', 'Agri', 223, '0.0000', 0, '2018-06-22 17:01:57', '2018-06-22 17:01:57', NULL),
(3667, 'aksaray', 'Aksaray', 223, '0.0000', 0, '2018-06-22 17:01:57', '2018-06-22 17:01:57', NULL),
(3668, 'amasya', 'Amasya', 223, '0.0000', 0, '2018-06-22 17:01:57', '2018-06-22 17:01:57', NULL),
(3669, 'ankara', 'Ankara', 223, '0.0000', 0, '2018-06-22 17:01:57', '2018-06-22 17:01:57', NULL),
(3670, 'antalya', 'Antalya', 223, '0.0000', 0, '2018-06-22 17:01:57', '2018-06-22 17:01:57', NULL),
(3671, 'ardahan', 'Ardahan', 223, '0.0000', 0, '2018-06-22 17:01:57', '2018-06-22 17:01:57', NULL),
(3672, 'artvin', 'Artvin', 223, '0.0000', 0, '2018-06-22 17:01:57', '2018-06-22 17:01:57', NULL),
(3673, 'aydin', 'Aydin', 223, '0.0000', 0, '2018-06-22 17:01:57', '2018-06-22 17:01:57', NULL),
(3674, 'balikesir', 'Balikesir', 223, '0.0000', 0, '2018-06-22 17:01:57', '2018-06-22 17:01:57', NULL),
(3675, 'bartin', 'Bartin', 223, '0.0000', 0, '2018-06-22 17:01:57', '2018-06-22 17:01:57', NULL),
(3676, 'batman', 'Batman', 223, '0.0000', 0, '2018-06-22 17:01:57', '2018-06-22 17:01:57', NULL),
(3677, 'bayburt', 'Bayburt', 223, '0.0000', 0, '2018-06-22 17:01:57', '2018-06-22 17:01:57', NULL),
(3678, 'bilecik', 'Bilecik', 223, '0.0000', 0, '2018-06-22 17:01:57', '2018-06-22 17:01:57', NULL),
(3679, 'bingol', 'Bingol', 223, '0.0000', 0, '2018-06-22 17:01:57', '2018-06-22 17:01:57', NULL),
(3680, 'bitlis', 'Bitlis', 223, '0.0000', 0, '2018-06-22 17:01:57', '2018-06-22 17:01:57', NULL),
(3681, 'bolu', 'Bolu', 223, '0.0000', 0, '2018-06-22 17:01:57', '2018-06-22 17:01:57', NULL),
(3682, 'burdur', 'Burdur', 223, '0.0000', 0, '2018-06-22 17:01:57', '2018-06-22 17:01:57', NULL),
(3683, 'bursa', 'Bursa', 223, '0.0000', 0, '2018-06-22 17:01:57', '2018-06-22 17:01:57', NULL),
(3684, 'canakkale', 'Canakkale', 223, '0.0000', 0, '2018-06-22 17:01:57', '2018-06-22 17:01:57', NULL),
(3685, 'cankiri', 'Cankiri', 223, '0.0000', 0, '2018-06-22 17:01:57', '2018-06-22 17:01:57', NULL),
(3686, 'corum', 'Corum', 223, '0.0000', 0, '2018-06-22 17:01:57', '2018-06-22 17:01:57', NULL),
(3687, 'denizli', 'Denizli', 223, '0.0000', 0, '2018-06-22 17:01:57', '2018-06-22 17:01:57', NULL),
(3688, 'diyarbakir', 'Diyarbakir', 223, '0.0000', 0, '2018-06-22 17:01:57', '2018-06-22 17:01:57', NULL),
(3689, 'duzce', 'Duzce', 223, '0.0000', 0, '2018-06-22 17:01:57', '2018-06-22 17:01:57', NULL),
(3690, 'edirne', 'Edirne', 223, '0.0000', 0, '2018-06-22 17:01:57', '2018-06-22 17:01:57', NULL),
(3691, 'elazig', 'Elazig', 223, '0.0000', 0, '2018-06-22 17:01:57', '2018-06-22 17:01:57', NULL),
(3692, 'erzincan', 'Erzincan', 223, '0.0000', 0, '2018-06-22 17:01:57', '2018-06-22 17:01:57', NULL),
(3693, 'erzurum', 'Erzurum', 223, '0.0000', 0, '2018-06-22 17:01:57', '2018-06-22 17:01:57', NULL),
(3694, 'eskisehir', 'Eskisehir', 223, '0.0000', 0, '2018-06-22 17:01:57', '2018-06-22 17:01:57', NULL),
(3695, 'gaziantep', 'Gaziantep', 223, '0.0000', 0, '2018-06-22 17:01:57', '2018-06-22 17:01:57', NULL),
(3696, 'giresun', 'Giresun', 223, '0.0000', 0, '2018-06-22 17:01:57', '2018-06-22 17:01:57', NULL),
(3697, 'gumushane', 'Gumushane', 223, '0.0000', 0, '2018-06-22 17:01:57', '2018-06-22 17:01:57', NULL),
(3698, 'hakkari', 'Hakkari', 223, '0.0000', 0, '2018-06-22 17:01:57', '2018-06-22 17:01:57', NULL),
(3699, 'hatay', 'Hatay', 223, '0.0000', 0, '2018-06-22 17:01:57', '2018-06-22 17:01:57', NULL),
(3700, 'icel', 'Icel', 223, '0.0000', 0, '2018-06-22 17:01:57', '2018-06-22 17:01:57', NULL),
(3701, 'igdir', 'Igdir', 223, '0.0000', 0, '2018-06-22 17:01:57', '2018-06-22 17:01:57', NULL),
(3702, 'isparta', 'Isparta', 223, '0.0000', 0, '2018-06-22 17:01:57', '2018-06-22 17:01:57', NULL),
(3703, 'istanbul', 'Istanbul', 223, '0.0000', 0, '2018-06-22 17:01:57', '2018-06-22 17:01:57', NULL),
(3704, 'izmir', 'Izmir', 223, '0.0000', 0, '2018-06-22 17:01:57', '2018-06-22 17:01:57', NULL),
(3705, 'kahramanmaras', 'Kahramanmaras', 223, '0.0000', 0, '2018-06-22 17:01:57', '2018-06-22 17:01:57', NULL),
(3706, 'karabuk', 'Karabuk', 223, '0.0000', 0, '2018-06-22 17:01:57', '2018-06-22 17:01:57', NULL),
(3707, 'karaman', 'Karaman', 223, '0.0000', 0, '2018-06-22 17:01:57', '2018-06-22 17:01:57', NULL),
(3708, 'kars', 'Kars', 223, '0.0000', 0, '2018-06-22 17:01:57', '2018-06-22 17:01:57', NULL),
(3709, 'karsiyaka', 'Karsiyaka', 223, '0.0000', 0, '2018-06-22 17:01:57', '2018-06-22 17:01:57', NULL),
(3710, 'kastamonu', 'Kastamonu', 223, '0.0000', 0, '2018-06-22 17:01:57', '2018-06-22 17:01:57', NULL),
(3711, 'kayseri', 'Kayseri', 223, '0.0000', 0, '2018-06-22 17:01:57', '2018-06-22 17:01:57', NULL),
(3712, 'kilis', 'Kilis', 223, '0.0000', 0, '2018-06-22 17:01:57', '2018-06-22 17:01:57', NULL),
(3713, 'kirikkale', 'Kirikkale', 223, '0.0000', 0, '2018-06-22 17:01:57', '2018-06-22 17:01:57', NULL),
(3714, 'kirklareli', 'Kirklareli', 223, '0.0000', 0, '2018-06-22 17:01:57', '2018-06-22 17:01:57', NULL),
(3715, 'kirsehir', 'Kirsehir', 223, '0.0000', 0, '2018-06-22 17:01:57', '2018-06-22 17:01:57', NULL),
(3716, 'kocaeli', 'Kocaeli', 223, '0.0000', 0, '2018-06-22 17:01:57', '2018-06-22 17:01:57', NULL),
(3717, 'konya', 'Konya', 223, '0.0000', 0, '2018-06-22 17:01:57', '2018-06-22 17:01:57', NULL),
(3718, 'kutahya', 'Kutahya', 223, '0.0000', 0, '2018-06-22 17:01:57', '2018-06-22 17:01:57', NULL),
(3719, 'lefkosa', 'Lefkosa', 223, '0.0000', 0, '2018-06-22 17:01:57', '2018-06-22 17:01:57', NULL),
(3720, 'malatya', 'Malatya', 223, '0.0000', 0, '2018-06-22 17:01:57', '2018-06-22 17:01:57', NULL),
(3721, 'manisa', 'Manisa', 223, '0.0000', 0, '2018-06-22 17:01:57', '2018-06-22 17:01:57', NULL),
(3722, 'mardin', 'Mardin', 223, '0.0000', 0, '2018-06-22 17:01:57', '2018-06-22 17:01:57', NULL),
(3723, 'mugla', 'Mugla', 223, '0.0000', 0, '2018-06-22 17:01:57', '2018-06-22 17:01:57', NULL),
(3724, 'mus', 'Mus', 223, '0.0000', 0, '2018-06-22 17:01:57', '2018-06-22 17:01:57', NULL),
(3725, 'nevsehir', 'Nevsehir', 223, '0.0000', 0, '2018-06-22 17:01:57', '2018-06-22 17:01:57', NULL),
(3726, 'nigde', 'Nigde', 223, '0.0000', 0, '2018-06-22 17:01:57', '2018-06-22 17:01:57', NULL),
(3727, 'ordu', 'Ordu', 223, '0.0000', 0, '2018-06-22 17:01:57', '2018-06-22 17:01:57', NULL),
(3728, 'osmaniye', 'Osmaniye', 223, '0.0000', 0, '2018-06-22 17:01:57', '2018-06-22 17:01:57', NULL),
(3729, 'rize', 'Rize', 223, '0.0000', 0, '2018-06-22 17:01:57', '2018-06-22 17:01:57', NULL),
(3730, 'sakarya', 'Sakarya', 223, '0.0000', 0, '2018-06-22 17:01:57', '2018-06-22 17:01:57', NULL),
(3731, 'samsun', 'Samsun', 223, '0.0000', 0, '2018-06-22 17:01:57', '2018-06-22 17:01:57', NULL),
(3732, 'sanliurfa', 'Sanliurfa', 223, '0.0000', 0, '2018-06-22 17:01:57', '2018-06-22 17:01:57', NULL),
(3733, 'siirt', 'Siirt', 223, '0.0000', 0, '2018-06-22 17:01:57', '2018-06-22 17:01:57', NULL),
(3734, 'sinop', 'Sinop', 223, '0.0000', 0, '2018-06-22 17:01:57', '2018-06-22 17:01:57', NULL),
(3735, 'sirnak', 'Sirnak', 223, '0.0000', 0, '2018-06-22 17:01:57', '2018-06-22 17:01:57', NULL),
(3736, 'sivas', 'Sivas', 223, '0.0000', 0, '2018-06-22 17:01:57', '2018-06-22 17:01:57', NULL),
(3737, 'tekirdag', 'Tekirdag', 223, '0.0000', 0, '2018-06-22 17:01:57', '2018-06-22 17:01:57', NULL),
(3738, 'tokat', 'Tokat', 223, '0.0000', 0, '2018-06-22 17:01:57', '2018-06-22 17:01:57', NULL),
(3739, 'trabzon', 'Trabzon', 223, '0.0000', 0, '2018-06-22 17:01:57', '2018-06-22 17:01:57', NULL),
(3740, 'tunceli', 'Tunceli', 223, '0.0000', 0, '2018-06-22 17:01:57', '2018-06-22 17:01:57', NULL),
(3741, 'usak', 'Usak', 223, '0.0000', 0, '2018-06-22 17:01:57', '2018-06-22 17:01:57', NULL),
(3742, 'van', 'Van', 223, '0.0000', 0, '2018-06-22 17:01:57', '2018-06-22 17:01:57', NULL),
(3743, 'yalova', 'Yalova', 223, '0.0000', 0, '2018-06-22 17:01:57', '2018-06-22 17:01:57', NULL),
(3744, 'yozgat', 'Yozgat', 223, '0.0000', 0, '2018-06-22 17:01:57', '2018-06-22 17:01:57', NULL),
(3745, 'zonguldak', 'Zonguldak', 223, '0.0000', 0, '2018-06-22 17:01:57', '2018-06-22 17:01:57', NULL),
(3746, 'ahal', 'Ahal', 224, '0.0000', 0, '2018-06-22 17:01:57', '2018-06-22 17:01:57', NULL),
(3747, 'asgabat', 'Asgabat', 224, '0.0000', 0, '2018-06-22 17:01:57', '2018-06-22 17:01:57', NULL),
(3748, 'balkan', 'Balkan', 224, '0.0000', 0, '2018-06-22 17:01:57', '2018-06-22 17:01:57', NULL),
(3749, 'dasoguz', 'Dasoguz', 224, '0.0000', 0, '2018-06-22 17:01:57', '2018-06-22 17:01:57', NULL),
(3750, 'lebap', 'Lebap', 224, '0.0000', 0, '2018-06-22 17:01:57', '2018-06-22 17:01:57', NULL),
(3751, 'mari', 'Mari', 224, '0.0000', 0, '2018-06-22 17:01:57', '2018-06-22 17:01:57', NULL),
(3752, 'grand turk', 'Grand Turk', 225, '0.0000', 0, '2018-06-22 17:01:57', '2018-06-22 17:01:57', NULL),
(3753, 'south caicos and east cai', 'South Caicos and East Caicos', 225, '0.0000', 0, '2018-06-22 17:01:57', '2018-06-22 17:01:57', NULL),
(3754, 'funafuti', 'Funafuti', 226, '0.0000', 0, '2018-06-22 17:01:57', '2018-06-22 17:01:57', NULL),
(3755, 'nanumanga', 'Nanumanga', 226, '0.0000', 0, '2018-06-22 17:01:57', '2018-06-22 17:01:57', NULL),
(3756, 'nanumea', 'Nanumea', 226, '0.0000', 0, '2018-06-22 17:01:57', '2018-06-22 17:01:57', NULL),
(3757, 'niutao', 'Niutao', 226, '0.0000', 0, '2018-06-22 17:01:57', '2018-06-22 17:01:57', NULL),
(3758, 'nui', 'Nui', 226, '0.0000', 0, '2018-06-22 17:01:57', '2018-06-22 17:01:57', NULL),
(3759, 'nukufetau', 'Nukufetau', 226, '0.0000', 0, '2018-06-22 17:01:57', '2018-06-22 17:01:57', NULL),
(3760, 'nukulaelae', 'Nukulaelae', 226, '0.0000', 0, '2018-06-22 17:01:57', '2018-06-22 17:01:57', NULL),
(3761, 'vaitupu', 'Vaitupu', 226, '0.0000', 0, '2018-06-22 17:01:57', '2018-06-22 17:01:57', NULL),
(3762, 'central', 'Central', 227, '0.0000', 0, '2018-06-22 17:01:57', '2018-06-22 17:01:57', NULL),
(3763, 'eastern', 'Eastern', 227, '0.0000', 0, '2018-06-22 17:01:57', '2018-06-22 17:01:57', NULL),
(3764, 'northern', 'Northern', 227, '0.0000', 0, '2018-06-22 17:01:57', '2018-06-22 17:01:57', NULL),
(3765, 'western', 'Western', 227, '0.0000', 0, '2018-06-22 17:01:57', '2018-06-22 17:01:57', NULL),
(3766, 'cherkas''''ka', 'Cherkas''''ka', 228, '0.0000', 0, '2018-06-22 17:01:57', '2018-06-22 17:01:57', NULL),
(3767, 'chernihivs''''ka', 'Chernihivs''''ka', 228, '0.0000', 0, '2018-06-22 17:01:57', '2018-06-22 17:01:57', NULL),
(3768, 'chernivets''''ka', 'Chernivets''''ka', 228, '0.0000', 0, '2018-06-22 17:01:57', '2018-06-22 17:01:57', NULL),
(3769, 'crimea', 'Crimea', 228, '0.0000', 0, '2018-06-22 17:01:57', '2018-06-22 17:01:57', NULL),
(3770, 'dnipropetrovska', 'Dnipropetrovska', 228, '0.0000', 0, '2018-06-22 17:01:57', '2018-06-22 17:01:57', NULL),
(3771, 'donets''''ka', 'Donets''''ka', 228, '0.0000', 0, '2018-06-22 17:01:57', '2018-06-22 17:01:57', NULL),
(3772, 'ivano-frankivs''''ka', 'Ivano-Frankivs''''ka', 228, '0.0000', 0, '2018-06-22 17:01:57', '2018-06-22 17:01:57', NULL),
(3773, 'kharkiv', 'Kharkiv', 228, '0.0000', 0, '2018-06-22 17:01:57', '2018-06-22 17:01:57', NULL),
(3774, 'kharkov', 'Kharkov', 228, '0.0000', 0, '2018-06-22 17:01:57', '2018-06-22 17:01:57', NULL),
(3775, 'khersonska', 'Khersonska', 228, '0.0000', 0, '2018-06-22 17:01:57', '2018-06-22 17:01:57', NULL),
(3776, 'khmel''''nyts''''ka', 'Khmel''''nyts''''ka', 228, '0.0000', 0, '2018-06-22 17:01:57', '2018-06-22 17:01:57', NULL),
(3777, 'kirovohrad', 'Kirovohrad', 228, '0.0000', 0, '2018-06-22 17:01:57', '2018-06-22 17:01:57', NULL),
(3778, 'krym', 'Krym', 228, '0.0000', 0, '2018-06-22 17:01:57', '2018-06-22 17:01:57', NULL),
(3779, 'kyyiv', 'Kyyiv', 228, '0.0000', 0, '2018-06-22 17:01:57', '2018-06-22 17:01:57', NULL),
(3780, 'kyyivs''''ka', 'Kyyivs''''ka', 228, '0.0000', 0, '2018-06-22 17:01:57', '2018-06-22 17:01:57', NULL),
(3781, 'l''''vivs''''ka', 'L''''vivs''''ka', 228, '0.0000', 0, '2018-06-22 17:01:57', '2018-06-22 17:01:57', NULL),
(3782, 'luhans''''ka', 'Luhans''''ka', 228, '0.0000', 0, '2018-06-22 17:01:57', '2018-06-22 17:01:57', NULL),
(3783, 'mykolayivs''''ka', 'Mykolayivs''''ka', 228, '0.0000', 0, '2018-06-22 17:01:57', '2018-06-22 17:01:57', NULL),
(3784, 'odes''''ka', 'Odes''''ka', 228, '0.0000', 0, '2018-06-22 17:01:57', '2018-06-22 17:01:57', NULL),
(3785, 'odessa', 'Odessa', 228, '0.0000', 0, '2018-06-22 17:01:57', '2018-06-22 17:01:57', NULL),
(3786, 'poltavs''''ka', 'Poltavs''''ka', 228, '0.0000', 0, '2018-06-22 17:01:57', '2018-06-22 17:01:57', NULL),
(3787, 'rivnens''''ka', 'Rivnens''''ka', 228, '0.0000', 0, '2018-06-22 17:01:57', '2018-06-22 17:01:57', NULL),
(3788, 'sevastopol', 'Sevastopol', 228, '0.0000', 0, '2018-06-22 17:01:57', '2018-06-22 17:01:57', NULL),
(3789, 'sums''''ka', 'Sums''''ka', 228, '0.0000', 0, '2018-06-22 17:01:57', '2018-06-22 17:01:57', NULL),
(3790, 'ternopil''''s''''ka', 'Ternopil''''s''''ka', 228, '0.0000', 0, '2018-06-22 17:01:57', '2018-06-22 17:01:57', NULL),
(3791, 'volyns''''ka', 'Volyns''''ka', 228, '0.0000', 0, '2018-06-22 17:01:57', '2018-06-22 17:01:57', NULL),
(3792, 'vynnyts''''ka', 'Vynnyts''''ka', 228, '0.0000', 0, '2018-06-22 17:01:57', '2018-06-22 17:01:57', NULL),
(3793, 'zakarpats''''ka', 'Zakarpats''''ka', 228, '0.0000', 0, '2018-06-22 17:01:57', '2018-06-22 17:01:57', NULL),
(3794, 'zaporizhia', 'Zaporizhia', 228, '0.0000', 0, '2018-06-22 17:01:57', '2018-06-22 17:01:57', NULL),
(3795, 'zhytomyrs''''ka', 'Zhytomyrs''''ka', 228, '0.0000', 0, '2018-06-22 17:01:57', '2018-06-22 17:01:57', NULL),
(3796, 'abu zabi', 'Abu Zabi', 229, '0.0000', 0, '2018-06-22 17:01:57', '2018-06-22 17:01:57', NULL),
(3797, 'ajman', 'Ajman', 229, '0.0000', 0, '2018-06-22 17:01:57', '2018-06-22 17:01:57', NULL),
(3798, 'dubai', 'Dubai', 229, '0.0000', 0, '2018-06-22 17:01:57', '2018-06-22 17:01:57', NULL),
(3799, 'ras al-khaymah', 'Ras al-Khaymah', 229, '0.0000', 0, '2018-06-22 17:01:57', '2018-06-22 17:01:57', NULL),
(3800, 'sharjah', 'Sharjah', 229, '0.0000', 0, '2018-06-22 17:01:57', '2018-06-22 17:01:57', NULL),
(3801, 'sharjha', 'Sharjha', 229, '0.0000', 0, '2018-06-22 17:01:57', '2018-06-22 17:01:57', NULL),
(3802, 'umm al qaywayn', 'Umm al Qaywayn', 229, '0.0000', 0, '2018-06-22 17:01:57', '2018-06-22 17:01:57', NULL),
(3803, 'al-fujayrah', 'al-Fujayrah', 229, '0.0000', 0, '2018-06-22 17:01:57', '2018-06-22 17:01:57', NULL),
(3804, 'ash-shariqah', 'ash-Shariqah', 229, '0.0000', 0, '2018-06-22 17:01:57', '2018-06-22 17:01:57', NULL),
(3805, 'aberdeen', 'Aberdeen', 230, '0.0000', 0, '2018-06-22 17:01:57', '2018-06-22 17:01:57', NULL),
(3806, 'aberdeenshire', 'Aberdeenshire', 230, '0.0000', 0, '2018-06-22 17:01:57', '2018-06-22 17:01:57', NULL),
(3807, 'argyll', 'Argyll', 230, '0.0000', 0, '2018-06-22 17:01:57', '2018-06-22 17:01:57', NULL),
(3808, 'armagh', 'Armagh', 230, '0.0000', 0, '2018-06-22 17:01:57', '2018-06-22 17:01:57', NULL),
(3809, 'bedfordshire', 'Bedfordshire', 230, '0.0000', 0, '2018-06-22 17:01:57', '2018-06-22 17:01:57', NULL),
(3810, 'belfast', 'Belfast', 230, '0.0000', 0, '2018-06-22 17:01:57', '2018-06-22 17:01:57', NULL),
(3811, 'berkshire', 'Berkshire', 230, '0.0000', 0, '2018-06-22 17:01:57', '2018-06-22 17:01:57', NULL),
(3812, 'birmingham', 'Birmingham', 230, '0.0000', 0, '2018-06-22 17:01:57', '2018-06-22 17:01:57', NULL),
(3813, 'brechin', 'Brechin', 230, '0.0000', 0, '2018-06-22 17:01:57', '2018-06-22 17:01:57', NULL),
(3814, 'bridgnorth', 'Bridgnorth', 230, '0.0000', 0, '2018-06-22 17:01:57', '2018-06-22 17:01:57', NULL),
(3815, 'bristol', 'Bristol', 230, '0.0000', 0, '2018-06-22 17:01:57', '2018-06-22 17:01:57', NULL),
(3816, 'buckinghamshire', 'Buckinghamshire', 230, '0.0000', 0, '2018-06-22 17:01:57', '2018-06-22 17:01:57', NULL),
(3817, 'cambridge', 'Cambridge', 230, '0.0000', 0, '2018-06-22 17:01:57', '2018-06-22 17:01:57', NULL),
(3818, 'cambridgeshire', 'Cambridgeshire', 230, '0.0000', 0, '2018-06-22 17:01:57', '2018-06-22 17:01:57', NULL),
(3819, 'channel islands', 'Channel Islands', 230, '0.0000', 0, '2018-06-22 17:01:57', '2018-06-22 17:01:57', NULL),
(3820, 'cheshire', 'Cheshire', 230, '0.0000', 0, '2018-06-22 17:01:57', '2018-06-22 17:01:57', NULL),
(3821, 'cleveland', 'Cleveland', 230, '0.0000', 0, '2018-06-22 17:01:57', '2018-06-22 17:01:57', NULL),
(3822, 'co fermanagh', 'Co Fermanagh', 230, '0.0000', 0, '2018-06-22 17:01:57', '2018-06-22 17:01:57', NULL),
(3823, 'conwy', 'Conwy', 230, '0.0000', 0, '2018-06-22 17:01:57', '2018-06-22 17:01:57', NULL),
(3824, 'cornwall', 'Cornwall', 230, '0.0000', 0, '2018-06-22 17:01:57', '2018-06-22 17:01:57', NULL),
(3825, 'coventry', 'Coventry', 230, '0.0000', 0, '2018-06-22 17:01:57', '2018-06-22 17:01:57', NULL),
(3826, 'craven arms', 'Craven Arms', 230, '0.0000', 0, '2018-06-22 17:01:57', '2018-06-22 17:01:57', NULL),
(3827, 'cumbria', 'Cumbria', 230, '0.0000', 0, '2018-06-22 17:01:57', '2018-06-22 17:01:57', NULL),
(3828, 'denbighshire', 'Denbighshire', 230, '0.0000', 0, '2018-06-22 17:01:57', '2018-06-22 17:01:57', NULL),
(3829, 'derby', 'Derby', 230, '0.0000', 0, '2018-06-22 17:01:57', '2018-06-22 17:01:57', NULL),
(3830, 'derbyshire', 'Derbyshire', 230, '0.0000', 0, '2018-06-22 17:01:57', '2018-06-22 17:01:57', NULL),
(3831, 'devon', 'Devon', 230, '0.0000', 0, '2018-06-22 17:01:57', '2018-06-22 17:01:57', NULL),
(3832, 'dial code dungannon', 'Dial Code Dungannon', 230, '0.0000', 0, '2018-06-22 17:01:57', '2018-06-22 17:01:57', NULL),
(3833, 'didcot', 'Didcot', 230, '0.0000', 0, '2018-06-22 17:01:57', '2018-06-22 17:01:57', NULL),
(3834, 'dorset', 'Dorset', 230, '0.0000', 0, '2018-06-22 17:01:57', '2018-06-22 17:01:57', NULL),
(3835, 'dunbartonshire', 'Dunbartonshire', 230, '0.0000', 0, '2018-06-22 17:01:57', '2018-06-22 17:01:57', NULL),
(3836, 'durham', 'Durham', 230, '0.0000', 0, '2018-06-22 17:01:57', '2018-06-22 17:01:57', NULL),
(3837, 'east dunbartonshire', 'East Dunbartonshire', 230, '0.0000', 0, '2018-06-22 17:01:57', '2018-06-22 17:01:57', NULL),
(3838, 'east lothian', 'East Lothian', 230, '0.0000', 0, '2018-06-22 17:01:57', '2018-06-22 17:01:57', NULL),
(3839, 'east midlands', 'East Midlands', 230, '0.0000', 0, '2018-06-22 17:01:57', '2018-06-22 17:01:57', NULL),
(3840, 'east sussex', 'East Sussex', 230, '0.0000', 0, '2018-06-22 17:01:57', '2018-06-22 17:01:57', NULL),
(3841, 'east yorkshire', 'East Yorkshire', 230, '0.0000', 0, '2018-06-22 17:01:57', '2018-06-22 17:01:57', NULL),
(3842, 'england', 'England', 230, '0.0000', 0, '2018-06-22 17:01:57', '2018-06-22 17:01:57', NULL),
(3843, 'essex', 'Essex', 230, '0.0000', 0, '2018-06-22 17:01:57', '2018-06-22 17:01:57', NULL),
(3844, 'fermanagh', 'Fermanagh', 230, '0.0000', 0, '2018-06-22 17:01:57', '2018-06-22 17:01:57', NULL),
(3845, 'fife', 'Fife', 230, '0.0000', 0, '2018-06-22 17:01:57', '2018-06-22 17:01:57', NULL),
(3846, 'flintshire', 'Flintshire', 230, '0.0000', 0, '2018-06-22 17:01:57', '2018-06-22 17:01:57', NULL),
(3847, 'fulham', 'Fulham', 230, '0.0000', 0, '2018-06-22 17:01:57', '2018-06-22 17:01:57', NULL),
(3848, 'gainsborough', 'Gainsborough', 230, '0.0000', 0, '2018-06-22 17:01:57', '2018-06-22 17:01:57', NULL),
(3849, 'glocestershire', 'Glocestershire', 230, '0.0000', 0, '2018-06-22 17:01:57', '2018-06-22 17:01:57', NULL),
(3850, 'gwent', 'Gwent', 230, '0.0000', 0, '2018-06-22 17:01:57', '2018-06-22 17:01:57', NULL),
(3851, 'hampshire', 'Hampshire', 230, '0.0000', 0, '2018-06-22 17:01:57', '2018-06-22 17:01:57', NULL),
(3852, 'hants', 'Hants', 230, '0.0000', 0, '2018-06-22 17:01:57', '2018-06-22 17:01:57', NULL),
(3853, 'herefordshire', 'Herefordshire', 230, '0.0000', 0, '2018-06-22 17:01:57', '2018-06-22 17:01:57', NULL),
(3854, 'hertfordshire', 'Hertfordshire', 230, '0.0000', 0, '2018-06-22 17:01:57', '2018-06-22 17:01:57', NULL),
(3855, 'ireland', 'Ireland', 230, '0.0000', 0, '2018-06-22 17:01:57', '2018-06-22 17:01:57', NULL),
(3856, 'isle of man', 'Isle Of Man', 230, '0.0000', 0, '2018-06-22 17:01:57', '2018-06-22 17:01:57', NULL),
(3857, 'isle of wight', 'Isle of Wight', 230, '0.0000', 0, '2018-06-22 17:01:57', '2018-06-22 17:01:57', NULL),
(3858, 'kenford', 'Kenford', 230, '0.0000', 0, '2018-06-22 17:01:57', '2018-06-22 17:01:57', NULL),
(3859, 'kent', 'Kent', 230, '0.0000', 0, '2018-06-22 17:01:57', '2018-06-22 17:01:57', NULL),
(3860, 'kilmarnock', 'Kilmarnock', 230, '0.0000', 0, '2018-06-22 17:01:57', '2018-06-22 17:01:57', NULL),
(3861, 'lanarkshire', 'Lanarkshire', 230, '0.0000', 0, '2018-06-22 17:01:57', '2018-06-22 17:01:57', NULL),
(3862, 'lancashire', 'Lancashire', 230, '0.0000', 0, '2018-06-22 17:01:57', '2018-06-22 17:01:57', NULL),
(3863, 'leicestershire', 'Leicestershire', 230, '0.0000', 0, '2018-06-22 17:01:57', '2018-06-22 17:01:57', NULL),
(3864, 'lincolnshire', 'Lincolnshire', 230, '0.0000', 0, '2018-06-22 17:01:57', '2018-06-22 17:01:57', NULL),
(3865, 'llanymynech', 'Llanymynech', 230, '0.0000', 0, '2018-06-22 17:01:57', '2018-06-22 17:01:57', NULL),
(3866, 'london', 'London', 230, '0.0000', 0, '2018-06-22 17:01:57', '2018-06-22 17:01:57', NULL),
(3867, 'ludlow', 'Ludlow', 230, '0.0000', 0, '2018-06-22 17:01:57', '2018-06-22 17:01:57', NULL),
(3868, 'manchester', 'Manchester', 230, '0.0000', 0, '2018-06-22 17:01:57', '2018-06-22 17:01:57', NULL),
(3869, 'mayfair', 'Mayfair', 230, '0.0000', 0, '2018-06-22 17:01:57', '2018-06-22 17:01:57', NULL),
(3870, 'merseyside', 'Merseyside', 230, '0.0000', 0, '2018-06-22 17:01:57', '2018-06-22 17:01:57', NULL),
(3871, 'mid glamorgan', 'Mid Glamorgan', 230, '0.0000', 0, '2018-06-22 17:01:57', '2018-06-22 17:01:57', NULL),
(3872, 'middlesex', 'Middlesex', 230, '0.0000', 0, '2018-06-22 17:01:57', '2018-06-22 17:01:57', NULL),
(3873, 'mildenhall', 'Mildenhall', 230, '0.0000', 0, '2018-06-22 17:01:57', '2018-06-22 17:01:57', NULL),
(3874, 'monmouthshire', 'Monmouthshire', 230, '0.0000', 0, '2018-06-22 17:01:57', '2018-06-22 17:01:57', NULL),
(3875, 'newton stewart', 'Newton Stewart', 230, '0.0000', 0, '2018-06-22 17:01:57', '2018-06-22 17:01:57', NULL),
(3876, 'norfolk', 'Norfolk', 230, '0.0000', 0, '2018-06-22 17:01:57', '2018-06-22 17:01:57', NULL),
(3877, 'north humberside', 'North Humberside', 230, '0.0000', 0, '2018-06-22 17:01:57', '2018-06-22 17:01:57', NULL),
(3878, 'north yorkshire', 'North Yorkshire', 230, '0.0000', 0, '2018-06-22 17:01:57', '2018-06-22 17:01:57', NULL),
(3879, 'northamptonshire', 'Northamptonshire', 230, '0.0000', 0, '2018-06-22 17:01:57', '2018-06-22 17:01:57', NULL),
(3880, 'northants', 'Northants', 230, '0.0000', 0, '2018-06-22 17:01:57', '2018-06-22 17:01:57', NULL),
(3881, 'northern ireland', 'Northern Ireland', 230, '0.0000', 0, '2018-06-22 17:01:57', '2018-06-22 17:01:57', NULL),
(3882, 'northumberland', 'Northumberland', 230, '0.0000', 0, '2018-06-22 17:01:57', '2018-06-22 17:01:57', NULL),
(3883, 'nottinghamshire', 'Nottinghamshire', 230, '0.0000', 0, '2018-06-22 17:01:57', '2018-06-22 17:01:57', NULL),
(3884, 'oxford', 'Oxford', 230, '0.0000', 0, '2018-06-22 17:01:57', '2018-06-22 17:01:57', NULL),
(3885, 'powys', 'Powys', 230, '0.0000', 0, '2018-06-22 17:01:57', '2018-06-22 17:01:57', NULL),
(3886, 'roos-shire', 'Roos-shire', 230, '0.0000', 0, '2018-06-22 17:01:57', '2018-06-22 17:01:57', NULL),
(3887, 'sussex', 'SUSSEX', 230, '0.0000', 0, '2018-06-22 17:01:57', '2018-06-22 17:01:57', NULL),
(3888, 'sark', 'Sark', 230, '0.0000', 0, '2018-06-22 17:01:57', '2018-06-22 17:01:57', NULL),
(3889, 'scotland', 'Scotland', 230, '0.0000', 0, '2018-06-22 17:01:57', '2018-06-22 17:01:57', NULL),
(3890, 'scottish borders', 'Scottish Borders', 230, '0.0000', 0, '2018-06-22 17:01:57', '2018-06-22 17:01:57', NULL),
(3891, 'shropshire', 'Shropshire', 230, '0.0000', 0, '2018-06-22 17:01:57', '2018-06-22 17:01:57', NULL),
(3892, 'somerset', 'Somerset', 230, '0.0000', 0, '2018-06-22 17:01:57', '2018-06-22 17:01:57', NULL),
(3893, 'south glamorgan', 'South Glamorgan', 230, '0.0000', 0, '2018-06-22 17:01:57', '2018-06-22 17:01:57', NULL),
(3894, 'south wales', 'South Wales', 230, '0.0000', 0, '2018-06-22 17:01:57', '2018-06-22 17:01:57', NULL),
(3895, 'south yorkshire', 'South Yorkshire', 230, '0.0000', 0, '2018-06-22 17:01:57', '2018-06-22 17:01:57', NULL),
(3896, 'southwell', 'Southwell', 230, '0.0000', 0, '2018-06-22 17:01:57', '2018-06-22 17:01:57', NULL),
(3897, 'staffordshire', 'Staffordshire', 230, '0.0000', 0, '2018-06-22 17:01:57', '2018-06-22 17:01:57', NULL),
(3898, 'strabane', 'Strabane', 230, '0.0000', 0, '2018-06-22 17:01:57', '2018-06-22 17:01:57', NULL),
(3899, 'suffolk', 'Suffolk', 230, '0.0000', 0, '2018-06-22 17:01:57', '2018-06-22 17:01:57', NULL),
(3900, 'surrey', 'Surrey', 230, '0.0000', 0, '2018-06-22 17:01:57', '2018-06-22 17:01:57', NULL),
(3901, 'sussex', 'Sussex', 230, '0.0000', 0, '2018-06-22 17:01:57', '2018-06-22 17:01:57', NULL),
(3902, 'twickenham', 'Twickenham', 230, '0.0000', 0, '2018-06-22 17:01:57', '2018-06-22 17:01:57', NULL),
(3903, 'tyne and wear', 'Tyne and Wear', 230, '0.0000', 0, '2018-06-22 17:01:57', '2018-06-22 17:01:57', NULL),
(3904, 'tyrone', 'Tyrone', 230, '0.0000', 0, '2018-06-22 17:01:57', '2018-06-22 17:01:57', NULL),
(3905, 'utah', 'Utah', 230, '0.0000', 0, '2018-06-22 17:01:57', '2018-06-22 17:01:57', NULL),
(3906, 'wales', 'Wales', 230, '0.0000', 0, '2018-06-22 17:01:57', '2018-06-22 17:01:57', NULL),
(3907, 'warwickshire', 'Warwickshire', 230, '0.0000', 0, '2018-06-22 17:01:57', '2018-06-22 17:01:57', NULL),
(3908, 'west lothian', 'West Lothian', 230, '0.0000', 0, '2018-06-22 17:01:57', '2018-06-22 17:01:57', NULL),
(3909, 'west midlands', 'West Midlands', 230, '0.0000', 0, '2018-06-22 17:01:57', '2018-06-22 17:01:57', NULL),
(3910, 'west sussex', 'West Sussex', 230, '0.0000', 0, '2018-06-22 17:01:57', '2018-06-22 17:01:57', NULL),
(3911, 'west yorkshire', 'West Yorkshire', 230, '0.0000', 0, '2018-06-22 17:01:57', '2018-06-22 17:01:57', NULL),
(3912, 'whissendine', 'Whissendine', 230, '0.0000', 0, '2018-06-22 17:01:57', '2018-06-22 17:01:57', NULL),
(3913, 'wiltshire', 'Wiltshire', 230, '0.0000', 0, '2018-06-22 17:01:57', '2018-06-22 17:01:57', NULL),
(3914, 'wokingham', 'Wokingham', 230, '0.0000', 0, '2018-06-22 17:01:57', '2018-06-22 17:01:57', NULL),
(3915, 'worcestershire', 'Worcestershire', 230, '0.0000', 0, '2018-06-22 17:01:57', '2018-06-22 17:01:57', NULL),
(3916, 'wrexham', 'Wrexham', 230, '0.0000', 0, '2018-06-22 17:01:57', '2018-06-22 17:01:57', NULL),
(3917, 'wurttemberg', 'Wurttemberg', 230, '0.0000', 0, '2018-06-22 17:01:57', '2018-06-22 17:01:57', NULL),
(3918, 'yorkshire', 'Yorkshire', 230, '0.0000', 0, '2018-06-22 17:01:57', '2018-06-22 17:01:57', NULL),
(3919, 'alabama', 'Alabama', 231, '0.0000', 0, '2018-06-22 17:01:57', '2018-06-22 17:01:57', NULL),
(3920, 'alaska', 'Alaska', 231, '0.0000', 0, '2018-06-22 17:01:57', '2018-06-22 17:01:57', NULL),
(3921, 'arizona', 'Arizona', 231, '0.0000', 0, '2018-06-22 17:01:57', '2018-06-22 17:01:57', NULL),
(3922, 'arkansas', 'Arkansas', 231, '0.0000', 0, '2018-06-22 17:01:57', '2018-06-22 17:01:57', NULL),
(3923, 'byram', 'Byram', 231, '0.0000', 0, '2018-06-22 17:01:57', '2018-06-22 17:01:57', NULL),
(3924, 'california', 'California', 231, '0.0000', 1, '2018-06-22 17:01:57', '2018-06-22 17:01:57', NULL),
(3925, 'cokato', 'Cokato', 231, '0.0000', 0, '2018-06-22 17:01:57', '2018-06-22 17:01:57', NULL),
(3926, 'colorado', 'Colorado', 231, '0.0000', 0, '2018-06-22 17:01:57', '2018-06-22 17:01:57', NULL);
INSERT INTO `states` (`id`, `code`, `name`, `country_id`, `tax`, `is_default`, `created_at`, `updated_at`, `deleted_at`) VALUES
(3927, 'connecticut', 'Connecticut', 231, '0.0000', 0, '2018-06-22 17:01:57', '2018-06-22 17:01:57', NULL),
(3928, 'delaware', 'Delaware', 231, '0.0000', 0, '2018-06-22 17:01:57', '2018-06-22 17:01:57', NULL),
(3929, 'district of columbia', 'District of Columbia', 231, '0.0000', 0, '2018-06-22 17:01:57', '2018-06-22 17:01:57', NULL),
(3930, 'florida', 'Florida', 231, '0.0000', 0, '2018-06-22 17:01:57', '2018-06-22 17:01:57', NULL),
(3931, 'georgia', 'Georgia', 231, '0.0000', 0, '2018-06-22 17:01:57', '2018-06-22 17:01:57', NULL),
(3932, 'hawaii', 'Hawaii', 231, '0.0000', 0, '2018-06-22 17:01:57', '2018-06-22 17:01:57', NULL),
(3933, 'idaho', 'Idaho', 231, '0.0000', 0, '2018-06-22 17:01:57', '2018-06-22 17:01:57', NULL),
(3934, 'illinois', 'Illinois', 231, '0.0000', 0, '2018-06-22 17:01:57', '2018-06-22 17:01:57', NULL),
(3935, 'indiana', 'Indiana', 231, '0.0000', 0, '2018-06-22 17:01:57', '2018-06-22 17:01:57', NULL),
(3936, 'iowa', 'Iowa', 231, '0.0000', 0, '2018-06-22 17:01:57', '2018-06-22 17:01:57', NULL),
(3937, 'kansas', 'Kansas', 231, '0.0000', 0, '2018-06-22 17:01:57', '2018-06-22 17:01:57', NULL),
(3938, 'kentucky', 'Kentucky', 231, '0.0000', 0, '2018-06-22 17:01:57', '2018-06-22 17:01:57', NULL),
(3939, 'louisiana', 'Louisiana', 231, '0.0000', 0, '2018-06-22 17:01:57', '2018-06-22 17:01:57', NULL),
(3940, 'lowa', 'Lowa', 231, '0.0000', 0, '2018-06-22 17:01:57', '2018-06-22 17:01:57', NULL),
(3941, 'maine', 'Maine', 231, '0.0000', 0, '2018-06-22 17:01:57', '2018-06-22 17:01:57', NULL),
(3942, 'maryland', 'Maryland', 231, '0.0000', 0, '2018-06-22 17:01:57', '2018-06-22 17:01:57', NULL),
(3943, 'massachusetts', 'Massachusetts', 231, '0.0000', 0, '2018-06-22 17:01:57', '2018-06-22 17:01:57', NULL),
(3944, 'medfield', 'Medfield', 231, '0.0000', 0, '2018-06-22 17:01:57', '2018-06-22 17:01:57', NULL),
(3945, 'michigan', 'Michigan', 231, '0.0000', 0, '2018-06-22 17:01:57', '2018-06-22 17:01:57', NULL),
(3946, 'minnesota', 'Minnesota', 231, '0.0000', 0, '2018-06-22 17:01:57', '2018-06-22 17:01:57', NULL),
(3947, 'mississippi', 'Mississippi', 231, '0.0000', 0, '2018-06-22 17:01:57', '2018-06-22 17:01:57', NULL),
(3948, 'missouri', 'Missouri', 231, '0.0000', 0, '2018-06-22 17:01:57', '2018-06-22 17:01:57', NULL),
(3949, 'montana', 'Montana', 231, '0.0000', 0, '2018-06-22 17:01:57', '2018-06-22 17:01:57', NULL),
(3950, 'nebraska', 'Nebraska', 231, '0.0000', 0, '2018-06-22 17:01:57', '2018-06-22 17:01:57', NULL),
(3951, 'nevada', 'Nevada', 231, '0.0000', 0, '2018-06-22 17:01:57', '2018-06-22 17:01:57', NULL),
(3952, 'new hampshire', 'New Hampshire', 231, '0.0000', 0, '2018-06-22 17:01:57', '2018-06-22 17:01:57', NULL),
(3953, 'new jersey', 'New Jersey', 231, '0.0000', 0, '2018-06-22 17:01:57', '2018-06-22 17:01:57', NULL),
(3954, 'new jersy', 'New Jersy', 231, '0.0000', 0, '2018-06-22 17:01:57', '2018-06-22 17:01:57', NULL),
(3955, 'new mexico', 'New Mexico', 231, '0.0000', 0, '2018-06-22 17:01:57', '2018-06-22 17:01:57', NULL),
(3956, 'new york', 'New York', 231, '0.0000', 0, '2018-06-22 17:01:57', '2018-06-22 17:01:57', NULL),
(3957, 'north carolina', 'North Carolina', 231, '0.0000', 0, '2018-06-22 17:01:57', '2018-06-22 17:01:57', NULL),
(3958, 'north dakota', 'North Dakota', 231, '0.0000', 0, '2018-06-22 17:01:57', '2018-06-22 17:01:57', NULL),
(3959, 'ohio', 'Ohio', 231, '0.0000', 0, '2018-06-22 17:01:57', '2018-06-22 17:01:57', NULL),
(3960, 'oklahoma', 'Oklahoma', 231, '0.0000', 0, '2018-06-22 17:01:57', '2018-06-22 17:01:57', NULL),
(3961, 'ontario', 'Ontario', 231, '0.0000', 0, '2018-06-22 17:01:57', '2018-06-22 17:01:57', NULL),
(3962, 'oregon', 'Oregon', 231, '0.0000', 0, '2018-06-22 17:01:57', '2018-06-22 17:01:57', NULL),
(3963, 'pennsylvania', 'Pennsylvania', 231, '0.0000', 0, '2018-06-22 17:01:57', '2018-06-22 17:01:57', NULL),
(3964, 'ramey', 'Ramey', 231, '0.0000', 0, '2018-06-22 17:01:57', '2018-06-22 17:01:57', NULL),
(3965, 'rhode island', 'Rhode Island', 231, '0.0000', 0, '2018-06-22 17:01:57', '2018-06-22 17:01:57', NULL),
(3966, 'south carolina', 'South Carolina', 231, '0.0000', 0, '2018-06-22 17:01:57', '2018-06-22 17:01:57', NULL),
(3967, 'south dakota', 'South Dakota', 231, '0.0000', 0, '2018-06-22 17:01:57', '2018-06-22 17:01:57', NULL),
(3968, 'sublimity', 'Sublimity', 231, '0.0000', 0, '2018-06-22 17:01:57', '2018-06-22 17:01:57', NULL),
(3969, 'tennessee', 'Tennessee', 231, '0.0000', 0, '2018-06-22 17:01:57', '2018-06-22 17:01:57', NULL),
(3970, 'texas', 'Texas', 231, '0.0000', 0, '2018-06-22 17:01:57', '2018-06-22 17:01:57', NULL),
(3971, 'trimble', 'Trimble', 231, '0.0000', 0, '2018-06-22 17:01:57', '2018-06-22 17:01:57', NULL),
(3972, 'utah', 'Utah', 231, '0.0000', 0, '2018-06-22 17:01:57', '2018-06-22 17:01:57', NULL),
(3973, 'vermont', 'Vermont', 231, '0.0000', 0, '2018-06-22 17:01:57', '2018-06-22 17:01:57', NULL),
(3974, 'virginia', 'Virginia', 231, '0.0000', 0, '2018-06-22 17:01:57', '2018-06-22 17:01:57', NULL),
(3975, 'washington', 'Washington', 231, '0.0000', 0, '2018-06-22 17:01:57', '2018-06-22 17:01:57', NULL),
(3976, 'west virginia', 'West Virginia', 231, '0.0000', 0, '2018-06-22 17:01:57', '2018-06-22 17:01:57', NULL),
(3977, 'wisconsin', 'Wisconsin', 231, '0.0000', 0, '2018-06-22 17:01:57', '2018-06-22 17:01:57', NULL),
(3978, 'wyoming', 'Wyoming', 231, '0.0000', 0, '2018-06-22 17:01:57', '2018-06-22 17:01:57', NULL),
(3979, 'united states minor outly', 'United States Minor Outlying I', 232, '0.0000', 0, '2018-06-22 17:01:57', '2018-06-22 17:01:57', NULL),
(3980, 'artigas', 'Artigas', 233, '0.0000', 0, '2018-06-22 17:01:57', '2018-06-22 17:01:57', NULL),
(3981, 'canelones', 'Canelones', 233, '0.0000', 0, '2018-06-22 17:01:57', '2018-06-22 17:01:57', NULL),
(3982, 'cerro largo', 'Cerro Largo', 233, '0.0000', 0, '2018-06-22 17:01:57', '2018-06-22 17:01:57', NULL),
(3983, 'colonia', 'Colonia', 233, '0.0000', 0, '2018-06-22 17:01:57', '2018-06-22 17:01:57', NULL),
(3984, 'durazno', 'Durazno', 233, '0.0000', 0, '2018-06-22 17:01:57', '2018-06-22 17:01:57', NULL),
(3985, 'florida', 'FLorida', 233, '0.0000', 0, '2018-06-22 17:01:57', '2018-06-22 17:01:57', NULL),
(3986, 'flores', 'Flores', 233, '0.0000', 0, '2018-06-22 17:01:57', '2018-06-22 17:01:57', NULL),
(3987, 'lavalleja', 'Lavalleja', 233, '0.0000', 0, '2018-06-22 17:01:57', '2018-06-22 17:01:57', NULL),
(3988, 'maldonado', 'Maldonado', 233, '0.0000', 0, '2018-06-22 17:01:57', '2018-06-22 17:01:57', NULL),
(3989, 'montevideo', 'Montevideo', 233, '0.0000', 0, '2018-06-22 17:01:57', '2018-06-22 17:01:57', NULL),
(3990, 'paysandu', 'Paysandu', 233, '0.0000', 0, '2018-06-22 17:01:57', '2018-06-22 17:01:57', NULL),
(3991, 'rio negro', 'Rio Negro', 233, '0.0000', 0, '2018-06-22 17:01:57', '2018-06-22 17:01:57', NULL),
(3992, 'rivera', 'Rivera', 233, '0.0000', 0, '2018-06-22 17:01:57', '2018-06-22 17:01:57', NULL),
(3993, 'rocha', 'Rocha', 233, '0.0000', 0, '2018-06-22 17:01:57', '2018-06-22 17:01:57', NULL),
(3994, 'salto', 'Salto', 233, '0.0000', 0, '2018-06-22 17:01:57', '2018-06-22 17:01:57', NULL),
(3995, 'san jose', 'San Jose', 233, '0.0000', 0, '2018-06-22 17:01:57', '2018-06-22 17:01:57', NULL),
(3996, 'soriano', 'Soriano', 233, '0.0000', 0, '2018-06-22 17:01:57', '2018-06-22 17:01:57', NULL),
(3997, 'tacuarembo', 'Tacuarembo', 233, '0.0000', 0, '2018-06-22 17:01:57', '2018-06-22 17:01:57', NULL),
(3998, 'treinta y tres', 'Treinta y Tres', 233, '0.0000', 0, '2018-06-22 17:01:57', '2018-06-22 17:01:57', NULL),
(3999, 'andijon', 'Andijon', 234, '0.0000', 0, '2018-06-22 17:01:57', '2018-06-22 17:01:57', NULL),
(4000, 'buhoro', 'Buhoro', 234, '0.0000', 0, '2018-06-22 17:01:57', '2018-06-22 17:01:57', NULL),
(4001, 'buxoro viloyati', 'Buxoro Viloyati', 234, '0.0000', 0, '2018-06-22 17:01:57', '2018-06-22 17:01:57', NULL),
(4002, 'cizah', 'Cizah', 234, '0.0000', 0, '2018-06-22 17:01:57', '2018-06-22 17:01:57', NULL),
(4003, 'fargona', 'Fargona', 234, '0.0000', 0, '2018-06-22 17:01:57', '2018-06-22 17:01:57', NULL),
(4004, 'horazm', 'Horazm', 234, '0.0000', 0, '2018-06-22 17:01:57', '2018-06-22 17:01:57', NULL),
(4005, 'kaskadar', 'Kaskadar', 234, '0.0000', 0, '2018-06-22 17:01:57', '2018-06-22 17:01:57', NULL),
(4006, 'korakalpogiston', 'Korakalpogiston', 234, '0.0000', 0, '2018-06-22 17:01:57', '2018-06-22 17:01:57', NULL),
(4007, 'namangan', 'Namangan', 234, '0.0000', 0, '2018-06-22 17:01:57', '2018-06-22 17:01:57', NULL),
(4008, 'navoi', 'Navoi', 234, '0.0000', 0, '2018-06-22 17:01:57', '2018-06-22 17:01:57', NULL),
(4009, 'samarkand', 'Samarkand', 234, '0.0000', 0, '2018-06-22 17:01:57', '2018-06-22 17:01:57', NULL),
(4010, 'sirdare', 'Sirdare', 234, '0.0000', 0, '2018-06-22 17:01:57', '2018-06-22 17:01:57', NULL),
(4011, 'surhondar', 'Surhondar', 234, '0.0000', 0, '2018-06-22 17:01:57', '2018-06-22 17:01:57', NULL),
(4012, 'toskent', 'Toskent', 234, '0.0000', 0, '2018-06-22 17:01:57', '2018-06-22 17:01:57', NULL),
(4013, 'malampa', 'Malampa', 235, '0.0000', 0, '2018-06-22 17:01:57', '2018-06-22 17:01:57', NULL),
(4014, 'penama', 'Penama', 235, '0.0000', 0, '2018-06-22 17:01:57', '2018-06-22 17:01:57', NULL),
(4015, 'sanma', 'Sanma', 235, '0.0000', 0, '2018-06-22 17:01:57', '2018-06-22 17:01:57', NULL),
(4016, 'shefa', 'Shefa', 235, '0.0000', 0, '2018-06-22 17:01:57', '2018-06-22 17:01:57', NULL),
(4017, 'tafea', 'Tafea', 235, '0.0000', 0, '2018-06-22 17:01:57', '2018-06-22 17:01:57', NULL),
(4018, 'torba', 'Torba', 235, '0.0000', 0, '2018-06-22 17:01:57', '2018-06-22 17:01:57', NULL),
(4019, 'vatican city state (holy ', 'Vatican City State (Holy See)', 236, '0.0000', 0, '2018-06-22 17:01:57', '2018-06-22 17:01:57', NULL),
(4020, 'amazonas', 'Amazonas', 237, '0.0000', 0, '2018-06-22 17:01:57', '2018-06-22 17:01:57', NULL),
(4021, 'anzoategui', 'Anzoategui', 237, '0.0000', 0, '2018-06-22 17:01:57', '2018-06-22 17:01:57', NULL),
(4022, 'apure', 'Apure', 237, '0.0000', 0, '2018-06-22 17:01:57', '2018-06-22 17:01:57', NULL),
(4023, 'aragua', 'Aragua', 237, '0.0000', 0, '2018-06-22 17:01:57', '2018-06-22 17:01:57', NULL),
(4024, 'barinas', 'Barinas', 237, '0.0000', 0, '2018-06-22 17:01:57', '2018-06-22 17:01:57', NULL),
(4025, 'bolivar', 'Bolivar', 237, '0.0000', 0, '2018-06-22 17:01:57', '2018-06-22 17:01:57', NULL),
(4026, 'carabobo', 'Carabobo', 237, '0.0000', 0, '2018-06-22 17:01:57', '2018-06-22 17:01:57', NULL),
(4027, 'cojedes', 'Cojedes', 237, '0.0000', 0, '2018-06-22 17:01:57', '2018-06-22 17:01:57', NULL),
(4028, 'delta amacuro', 'Delta Amacuro', 237, '0.0000', 0, '2018-06-22 17:01:57', '2018-06-22 17:01:57', NULL),
(4029, 'distrito federal', 'Distrito Federal', 237, '0.0000', 0, '2018-06-22 17:01:57', '2018-06-22 17:01:57', NULL),
(4030, 'falcon', 'Falcon', 237, '0.0000', 0, '2018-06-22 17:01:57', '2018-06-22 17:01:57', NULL),
(4031, 'guarico', 'Guarico', 237, '0.0000', 0, '2018-06-22 17:01:57', '2018-06-22 17:01:57', NULL),
(4032, 'lara', 'Lara', 237, '0.0000', 0, '2018-06-22 17:01:57', '2018-06-22 17:01:57', NULL),
(4033, 'merida', 'Merida', 237, '0.0000', 0, '2018-06-22 17:01:57', '2018-06-22 17:01:57', NULL),
(4034, 'miranda', 'Miranda', 237, '0.0000', 0, '2018-06-22 17:01:57', '2018-06-22 17:01:57', NULL),
(4035, 'monagas', 'Monagas', 237, '0.0000', 0, '2018-06-22 17:01:57', '2018-06-22 17:01:57', NULL),
(4036, 'nueva esparta', 'Nueva Esparta', 237, '0.0000', 0, '2018-06-22 17:01:57', '2018-06-22 17:01:57', NULL),
(4037, 'portuguesa', 'Portuguesa', 237, '0.0000', 0, '2018-06-22 17:01:57', '2018-06-22 17:01:57', NULL),
(4038, 'sucre', 'Sucre', 237, '0.0000', 0, '2018-06-22 17:01:57', '2018-06-22 17:01:57', NULL),
(4039, 'tachira', 'Tachira', 237, '0.0000', 0, '2018-06-22 17:01:57', '2018-06-22 17:01:57', NULL),
(4040, 'trujillo', 'Trujillo', 237, '0.0000', 0, '2018-06-22 17:01:57', '2018-06-22 17:01:57', NULL),
(4041, 'vargas', 'Vargas', 237, '0.0000', 0, '2018-06-22 17:01:57', '2018-06-22 17:01:57', NULL),
(4042, 'yaracuy', 'Yaracuy', 237, '0.0000', 0, '2018-06-22 17:01:57', '2018-06-22 17:01:57', NULL),
(4043, 'zulia', 'Zulia', 237, '0.0000', 0, '2018-06-22 17:01:57', '2018-06-22 17:01:57', NULL),
(4044, 'bac giang', 'Bac Giang', 238, '0.0000', 0, '2018-06-22 17:01:57', '2018-06-22 17:01:57', NULL),
(4045, 'binh dinh', 'Binh Dinh', 238, '0.0000', 0, '2018-06-22 17:01:57', '2018-06-22 17:01:57', NULL),
(4046, 'binh duong', 'Binh Duong', 238, '0.0000', 0, '2018-06-22 17:01:57', '2018-06-22 17:01:57', NULL),
(4047, 'da nang', 'Da Nang', 238, '0.0000', 0, '2018-06-22 17:01:57', '2018-06-22 17:01:57', NULL),
(4048, 'dong bang song cuu long', 'Dong Bang Song Cuu Long', 238, '0.0000', 0, '2018-06-22 17:01:57', '2018-06-22 17:01:57', NULL),
(4049, 'dong bang song hong', 'Dong Bang Song Hong', 238, '0.0000', 0, '2018-06-22 17:01:57', '2018-06-22 17:01:57', NULL),
(4050, 'dong nai', 'Dong Nai', 238, '0.0000', 0, '2018-06-22 17:01:57', '2018-06-22 17:01:57', NULL),
(4051, 'dong nam bo', 'Dong Nam Bo', 238, '0.0000', 0, '2018-06-22 17:01:57', '2018-06-22 17:01:57', NULL),
(4052, 'duyen hai mien trung', 'Duyen Hai Mien Trung', 238, '0.0000', 0, '2018-06-22 17:01:57', '2018-06-22 17:01:57', NULL),
(4053, 'hanoi', 'Hanoi', 238, '0.0000', 0, '2018-06-22 17:01:57', '2018-06-22 17:01:57', NULL),
(4054, 'hung yen', 'Hung Yen', 238, '0.0000', 0, '2018-06-22 17:01:57', '2018-06-22 17:01:57', NULL),
(4055, 'khu bon cu', 'Khu Bon Cu', 238, '0.0000', 0, '2018-06-22 17:01:57', '2018-06-22 17:01:57', NULL),
(4056, 'long an', 'Long An', 238, '0.0000', 0, '2018-06-22 17:01:57', '2018-06-22 17:01:57', NULL),
(4057, 'mien nui va trung du', 'Mien Nui Va Trung Du', 238, '0.0000', 0, '2018-06-22 17:01:57', '2018-06-22 17:01:57', NULL),
(4058, 'thai nguyen', 'Thai Nguyen', 238, '0.0000', 0, '2018-06-22 17:01:57', '2018-06-22 17:01:57', NULL),
(4059, 'thanh pho ho chi minh', 'Thanh Pho Ho Chi Minh', 238, '0.0000', 0, '2018-06-22 17:01:57', '2018-06-22 17:01:57', NULL),
(4060, 'thu do ha noi', 'Thu Do Ha Noi', 238, '0.0000', 0, '2018-06-22 17:01:57', '2018-06-22 17:01:57', NULL),
(4061, 'tinh can tho', 'Tinh Can Tho', 238, '0.0000', 0, '2018-06-22 17:01:57', '2018-06-22 17:01:57', NULL),
(4062, 'tinh da nang', 'Tinh Da Nang', 238, '0.0000', 0, '2018-06-22 17:01:57', '2018-06-22 17:01:57', NULL),
(4063, 'tinh gia lai', 'Tinh Gia Lai', 238, '0.0000', 0, '2018-06-22 17:01:57', '2018-06-22 17:01:57', NULL),
(4064, 'anegada', 'Anegada', 239, '0.0000', 0, '2018-06-22 17:01:57', '2018-06-22 17:01:57', NULL),
(4065, 'jost van dyke', 'Jost van Dyke', 239, '0.0000', 0, '2018-06-22 17:01:57', '2018-06-22 17:01:57', NULL),
(4066, 'tortola', 'Tortola', 239, '0.0000', 0, '2018-06-22 17:01:57', '2018-06-22 17:01:57', NULL),
(4067, 'saint croix', 'Saint Croix', 240, '0.0000', 0, '2018-06-22 17:01:57', '2018-06-22 17:01:57', NULL),
(4068, 'saint john', 'Saint John', 240, '0.0000', 0, '2018-06-22 17:01:57', '2018-06-22 17:01:57', NULL),
(4069, 'saint thomas', 'Saint Thomas', 240, '0.0000', 0, '2018-06-22 17:01:57', '2018-06-22 17:01:57', NULL),
(4070, 'alo', 'Alo', 241, '0.0000', 0, '2018-06-22 17:01:57', '2018-06-22 17:01:57', NULL),
(4071, 'singave', 'Singave', 241, '0.0000', 0, '2018-06-22 17:01:57', '2018-06-22 17:01:57', NULL),
(4072, 'wallis', 'Wallis', 241, '0.0000', 0, '2018-06-22 17:01:57', '2018-06-22 17:01:57', NULL),
(4073, 'bu jaydur', 'Bu Jaydur', 242, '0.0000', 0, '2018-06-22 17:01:57', '2018-06-22 17:01:57', NULL),
(4074, 'wad-adh-dhahab', 'Wad-adh-Dhahab', 242, '0.0000', 0, '2018-06-22 17:01:57', '2018-06-22 17:01:57', NULL),
(4075, 'al-''''ayun', 'al-''''Ayun', 242, '0.0000', 0, '2018-06-22 17:01:57', '2018-06-22 17:01:57', NULL),
(4076, 'as-samarah', 'as-Samarah', 242, '0.0000', 0, '2018-06-22 17:01:57', '2018-06-22 17:01:57', NULL),
(4077, 'adan', 'Adan', 243, '0.0000', 0, '2018-06-22 17:01:57', '2018-06-22 17:01:57', NULL),
(4078, 'abyan', 'Abyan', 243, '0.0000', 0, '2018-06-22 17:01:57', '2018-06-22 17:01:57', NULL),
(4079, 'dhamar', 'Dhamar', 243, '0.0000', 0, '2018-06-22 17:01:57', '2018-06-22 17:01:57', NULL),
(4080, 'hadramaut', 'Hadramaut', 243, '0.0000', 0, '2018-06-22 17:01:57', '2018-06-22 17:01:57', NULL),
(4081, 'hajjah', 'Hajjah', 243, '0.0000', 0, '2018-06-22 17:01:57', '2018-06-22 17:01:57', NULL),
(4082, 'hudaydah', 'Hudaydah', 243, '0.0000', 0, '2018-06-22 17:01:57', '2018-06-22 17:01:57', NULL),
(4083, 'ibb', 'Ibb', 243, '0.0000', 0, '2018-06-22 17:01:57', '2018-06-22 17:01:57', NULL),
(4084, 'lahij', 'Lahij', 243, '0.0000', 0, '2018-06-22 17:01:57', '2018-06-22 17:01:57', NULL),
(4085, 'ma''''rib', 'Ma''''rib', 243, '0.0000', 0, '2018-06-22 17:01:57', '2018-06-22 17:01:57', NULL),
(4086, 'madinat san''''a', 'Madinat San''''a', 243, '0.0000', 0, '2018-06-22 17:01:57', '2018-06-22 17:01:57', NULL),
(4087, 'sa''''dah', 'Sa''''dah', 243, '0.0000', 0, '2018-06-22 17:01:57', '2018-06-22 17:01:57', NULL),
(4088, 'sana', 'Sana', 243, '0.0000', 0, '2018-06-22 17:01:57', '2018-06-22 17:01:57', NULL),
(4089, 'shabwah', 'Shabwah', 243, '0.0000', 0, '2018-06-22 17:01:57', '2018-06-22 17:01:57', NULL),
(4090, 'ta''''izz', 'Ta''''izz', 243, '0.0000', 0, '2018-06-22 17:01:57', '2018-06-22 17:01:57', NULL),
(4091, 'al-bayda', 'al-Bayda', 243, '0.0000', 0, '2018-06-22 17:01:57', '2018-06-22 17:01:57', NULL),
(4092, 'al-hudaydah', 'al-Hudaydah', 243, '0.0000', 0, '2018-06-22 17:01:57', '2018-06-22 17:01:57', NULL),
(4093, 'al-jawf', 'al-Jawf', 243, '0.0000', 0, '2018-06-22 17:01:57', '2018-06-22 17:01:57', NULL),
(4094, 'al-mahrah', 'al-Mahrah', 243, '0.0000', 0, '2018-06-22 17:01:57', '2018-06-22 17:01:57', NULL),
(4095, 'al-mahwit', 'al-Mahwit', 243, '0.0000', 0, '2018-06-22 17:01:57', '2018-06-22 17:01:57', NULL),
(4096, 'central serbia', 'Central Serbia', 244, '0.0000', 0, '2018-06-22 17:01:57', '2018-06-22 17:01:57', NULL),
(4097, 'kosovo and metohija', 'Kosovo and Metohija', 244, '0.0000', 0, '2018-06-22 17:01:57', '2018-06-22 17:01:57', NULL),
(4098, 'montenegro', 'Montenegro', 244, '0.0000', 0, '2018-06-22 17:01:57', '2018-06-22 17:01:57', NULL),
(4099, 'republic of serbia', 'Republic of Serbia', 244, '0.0000', 0, '2018-06-22 17:01:57', '2018-06-22 17:01:57', NULL),
(4100, 'serbia', 'Serbia', 244, '0.0000', 0, '2018-06-22 17:01:57', '2018-06-22 17:01:57', NULL),
(4101, 'vojvodina', 'Vojvodina', 244, '0.0000', 0, '2018-06-22 17:01:57', '2018-06-22 17:01:57', NULL),
(4102, 'central', 'Central', 245, '0.0000', 0, '2018-06-22 17:01:57', '2018-06-22 17:01:57', NULL),
(4103, 'copperbelt', 'Copperbelt', 245, '0.0000', 0, '2018-06-22 17:01:57', '2018-06-22 17:01:57', NULL),
(4104, 'eastern', 'Eastern', 245, '0.0000', 0, '2018-06-22 17:01:57', '2018-06-22 17:01:57', NULL),
(4105, 'luapala', 'Luapala', 245, '0.0000', 0, '2018-06-22 17:01:57', '2018-06-22 17:01:57', NULL),
(4106, 'lusaka', 'Lusaka', 245, '0.0000', 0, '2018-06-22 17:01:57', '2018-06-22 17:01:57', NULL),
(4107, 'north-western', 'North-Western', 245, '0.0000', 0, '2018-06-22 17:01:57', '2018-06-22 17:01:57', NULL),
(4108, 'northern', 'Northern', 245, '0.0000', 0, '2018-06-22 17:01:57', '2018-06-22 17:01:57', NULL),
(4109, 'southern', 'Southern', 245, '0.0000', 0, '2018-06-22 17:01:57', '2018-06-22 17:01:57', NULL),
(4110, 'western', 'Western', 245, '0.0000', 0, '2018-06-22 17:01:57', '2018-06-22 17:01:57', NULL),
(4111, 'bulawayo', 'Bulawayo', 246, '0.0000', 0, '2018-06-22 17:01:57', '2018-06-22 17:01:57', NULL),
(4112, 'harare', 'Harare', 246, '0.0000', 0, '2018-06-22 17:01:57', '2018-06-22 17:01:57', NULL),
(4113, 'manicaland', 'Manicaland', 246, '0.0000', 0, '2018-06-22 17:01:57', '2018-06-22 17:01:57', NULL),
(4114, 'mashonaland central', 'Mashonaland Central', 246, '0.0000', 0, '2018-06-22 17:01:57', '2018-06-22 17:01:57', NULL),
(4115, 'mashonaland east', 'Mashonaland East', 246, '0.0000', 0, '2018-06-22 17:01:57', '2018-06-22 17:01:57', NULL),
(4116, 'mashonaland west', 'Mashonaland West', 246, '0.0000', 0, '2018-06-22 17:01:57', '2018-06-22 17:01:57', NULL),
(4117, 'masvingo', 'Masvingo', 246, '0.0000', 0, '2018-06-22 17:01:57', '2018-06-22 17:01:57', NULL),
(4118, 'matabeleland north', 'Matabeleland North', 246, '0.0000', 0, '2018-06-22 17:01:57', '2018-06-22 17:01:57', NULL),
(4119, 'matabeleland south', 'Matabeleland South', 246, '0.0000', 0, '2018-06-22 17:01:57', '2018-06-22 17:01:57', NULL),
(4120, 'midlands', 'Midlands', 246, '0.0000', 0, '2018-06-22 17:01:57', '2018-06-22 17:01:57', NULL);

-- --------------------------------------------------------

--
-- Table structure for table `subscriptions`
--

CREATE TABLE IF NOT EXISTS `subscriptions` (
  `id` int(10) unsigned NOT NULL AUTO_INCREMENT,
  `first_name` varchar(75) COLLATE utf8_unicode_ci NOT NULL,
  `last_name` varchar(75) COLLATE utf8_unicode_ci NOT NULL,
  `email` varchar(75) COLLATE utf8_unicode_ci NOT NULL,
  `created_at` timestamp NULL DEFAULT NULL,
  `updated_at` timestamp NULL DEFAULT NULL,
  `deleted_at` timestamp NULL DEFAULT NULL,
  PRIMARY KEY (`id`)
) ENGINE=InnoDB  DEFAULT CHARSET=utf8 COLLATE=utf8_unicode_ci AUTO_INCREMENT=6 ;

--
-- Dumping data for table `subscriptions`
--

INSERT INTO `subscriptions` (`id`, `first_name`, `last_name`, `email`, `created_at`, `updated_at`, `deleted_at`) VALUES
(2, 'Randall', 'Anthony', 'programmer10@dogandrooster.com', '2019-03-06 14:41:31', '2019-03-06 14:41:31', NULL),
(3, 'TEST', 'ONLY', 'test1@dogandrooster.com', '2019-03-08 19:43:04', '2019-03-08 19:43:04', NULL),
(4, 'Miko ', 'Suarez', 'programmer1@dogandrooster.com', '2019-03-14 13:46:07', '2019-03-14 13:46:07', NULL),
(5, 'Vincent ', 'Mcmahon', 'officeassist+200@dogandrooster.com', '2019-09-13 19:53:46', '2019-09-13 19:53:46', NULL);

-- --------------------------------------------------------

--
-- Table structure for table `system_settings`
--

CREATE TABLE IF NOT EXISTS `system_settings` (
  `id` int(10) unsigned NOT NULL AUTO_INCREMENT,
  `code` varchar(25) COLLATE utf8_unicode_ci NOT NULL,
  `name` varchar(75) COLLATE utf8_unicode_ci NOT NULL,
  `value` text COLLATE utf8_unicode_ci NOT NULL,
  `created_at` timestamp NULL DEFAULT NULL,
  `updated_at` timestamp NULL DEFAULT NULL,
  `deleted_at` timestamp NULL DEFAULT NULL,
  PRIMARY KEY (`id`)
) ENGINE=InnoDB  DEFAULT CHARSET=utf8 COLLATE=utf8_unicode_ci AUTO_INCREMENT=12 ;

--
-- Dumping data for table `system_settings`
--

INSERT INTO `system_settings` (`id`, `code`, `name`, `value`, `created_at`, `updated_at`, `deleted_at`) VALUES
(1, 'SS0001', 'Website Name', 'Image Masters', '2018-03-01 13:14:05', '2018-03-01 13:14:05', NULL),
(2, 'SS0002', 'Website Email', 'cynthia@imagemastersusa.com', '2018-03-01 13:14:05', '2018-03-01 13:14:05', NULL),
(3, 'SS0003', 'Website Phone', '619-464-0656', '2018-03-01 13:14:05', '2018-03-01 13:14:05', NULL),
(4, 'SS0004', 'Default Meta Title', 'Default Meta Title', '2018-03-01 13:14:05', '2018-03-01 13:14:05', NULL),
(5, 'SS0005', 'Default Meta Keywords', 'Default Meta Keywords', '2018-03-01 13:14:05', '2018-03-01 13:14:05', NULL),
(6, 'SS0006', 'Default Meta Description', 'Dog and Rooster Website. ACL Integrated (Access Control List).', '2018-03-01 13:14:05', '2018-03-01 13:14:05', NULL),
(7, 'SS0007', 'Mega Menu Image', 'public/uploads/mega-image.jpg', '2018-03-01 13:14:05', '2018-03-01 13:14:05', NULL),
(8, 'SS0008', 'Facebook Link', 'https://www.facebook.com/#', '2018-03-01 13:14:05', '2019-09-17 16:19:55', NULL),
(9, 'SS0009', 'Twitter Link', 'https://twitter.com/', '2018-03-01 13:14:05', '2018-03-01 13:14:05', NULL),
(10, 'SS0010', 'Pinterest Link', 'https://www.pinterest.com/', '2018-03-01 13:14:05', '2018-03-01 13:14:05', NULL),
(11, 'SS0011', 'Instagram Link', 'https://www.instagram.com/', '2018-03-01 13:14:05', '2018-03-01 13:14:05', NULL);

-- --------------------------------------------------------

--
-- Table structure for table `users`
--

CREATE TABLE IF NOT EXISTS `users` (
  `id` int(10) unsigned NOT NULL AUTO_INCREMENT,
  `status` int(11) NOT NULL,
  `type` int(11) NOT NULL DEFAULT '0' COMMENT '0 - Regular User, 1 - Acuity / Customer User',
  `email` varchar(45) COLLATE utf8_unicode_ci NOT NULL,
  `phone` varchar(45) COLLATE utf8_unicode_ci NOT NULL,
  `user_name` varchar(45) COLLATE utf8_unicode_ci NOT NULL,
  `password` varchar(125) COLLATE utf8_unicode_ci NOT NULL,
  `first_name` varchar(25) COLLATE utf8_unicode_ci NOT NULL,
  `middle_name` varchar(25) COLLATE utf8_unicode_ci NOT NULL,
  `last_name` varchar(25) COLLATE utf8_unicode_ci NOT NULL,
  `position` varchar(250) COLLATE utf8_unicode_ci NOT NULL,
  `address` varchar(250) COLLATE utf8_unicode_ci NOT NULL,
  `license_no` varchar(250) COLLATE utf8_unicode_ci NOT NULL,
  `website` varchar(250) COLLATE utf8_unicode_ci NOT NULL,
  `company_logo` varchar(250) COLLATE utf8_unicode_ci NOT NULL,
  `profile_image` varchar(250) COLLATE utf8_unicode_ci NOT NULL,
  `photographer_calendar_id` varchar(255) COLLATE utf8_unicode_ci DEFAULT NULL COMMENT 'Acuity API Relation to Calendar ID',
  `is_active` tinyint(4) NOT NULL DEFAULT '1',
  `last_login` timestamp NOT NULL DEFAULT CURRENT_TIMESTAMP,
  `token` varchar(255) COLLATE utf8_unicode_ci DEFAULT NULL,
  `remember_token` varchar(100) COLLATE utf8_unicode_ci DEFAULT NULL,
  `created_at` timestamp NULL DEFAULT NULL,
  `updated_at` timestamp NULL DEFAULT NULL,
  `deleted_at` timestamp NULL DEFAULT NULL,
  PRIMARY KEY (`id`)
) ENGINE=InnoDB  DEFAULT CHARSET=utf8 COLLATE=utf8_unicode_ci AUTO_INCREMENT=35 ;

--
-- Dumping data for table `users`
--

INSERT INTO `users` (`id`, `status`, `type`, `email`, `phone`, `user_name`, `password`, `first_name`, `middle_name`, `last_name`, `position`, `address`, `license_no`, `website`, `company_logo`, `profile_image`, `photographer_calendar_id`, `is_active`, `last_login`, `token`, `remember_token`, `created_at`, `updated_at`, `deleted_at`) VALUES
(1, 0, 0, 'programmer10@dogandrooster.com', '', 'programmer10', '$2y$10$MeFrmdDdbCcPt/weQgAtEeHTYaXzFT/6xFJU7qtqcesBwqnxNZsVa', 'Programmer', '', 'Ten', '', '', '', '', '', '', '', 1, '2018-03-01 13:33:36', NULL, NULL, '2018-03-01 13:14:04', '2018-03-01 13:38:29', NULL),
(2, 0, 0, 'test1@dogandrooster.net', '', 'webmaster', '$2y$10$a0tj40FzHq8rnRrwRryn8ePtPp7YaVYX7z9cC/LEB02s2MU1U5E/C', 'Webmaster', '', 'Webmaster', '', '', '', '', '', '', '', 1, '2021-09-16 20:27:05', NULL, '72qONJMKBS2Mr3p3w5N6OMcTdj8vlHCA0pjrX4qfKujmbj18qx1Jc4D44LSc', '2018-03-01 13:14:04', '2021-09-16 20:27:05', NULL),
(3, 0, 0, 'admin_user@dogandrooster.com', '', 'admin_user', '$2y$10$PCgLgtZDgqVirBtbTUBnkuh71XLmyPhD6BkVRzDfS3qY/APKBPEFq', 'Admin', '', 'One', '', '', '', '', '', '', '', 1, '2018-03-01 13:35:39', NULL, NULL, '2018-03-01 13:14:04', '2018-03-01 13:35:39', NULL),
(4, 0, 0, 'photographer_user@dogandrooster.com', '', 'photographer_user', '$2y$10$jocg95ExUYOLoAgk7VT5hekjI2ro3EetXQxJcyF7SLxidKgTzFYzS', 'Photohrapher', '', 'One', '', '', '', '', '', '', '1893234', 1, '2019-08-01 16:14:34', NULL, '9gObHkzJIepkLN5cphCZ3SlKf7FD7SICpyylbCZfYQcVJZkwFkf60Vd676lT', '2018-03-01 13:14:04', '2019-08-01 16:14:34', NULL),
(5, 0, 1, 'customer_user@dogandrooster.com', '', 'customer_user', '$2y$10$dRLdTwcJWQj678CqNImRSOyYDrAZL5V2xH25dd4AGaFUNir/PMFj6', 'Customer', '', 'One', '', '', '', '', '', '', '', 1, '2019-05-08 16:19:23', NULL, 'nOizlb6roPFdY77T3QvfMo2ii5V4YICSVbj3yrgb8EHmBT5R7pxAkgWLjFfv', '2018-03-01 13:14:05', '2019-05-08 16:19:23', NULL),
(6, 0, 1, 'programmer10@dogandrooster.com', '', '', '$2y$10$uWpCmDtPMaPICZWNkB3k8u/NUfkNs43bLCN5UdAmhPobn7vF5wpe2', 'Customer', '', 'Two', '', '', '', '', '', '', '', 1, '2019-07-17 22:45:46', NULL, 'LrXW2PIhmIL5pSSA1CidET5ywjioqBrZUuMNybA7afX6xNAQSt7EVQYPEdVO', '2019-02-19 14:29:04', '2019-07-17 22:45:46', NULL),
(7, 0, 1, 'programmer10@dogandrooster.com', '', '', '$2y$10$fFSD8QJ/u/rBrj/t592hsOAfmhbpG7X7Ep23RSH8A1xslTVjz9fpG', 'Customer', '', 'Three', '', '', '', '', '', '', '', 1, '2019-02-20 00:41:02', NULL, NULL, '2019-02-19 16:41:02', '2019-02-19 16:41:02', NULL),
(8, 0, 1, 'programmer1@dogandrooster.com', '', '', '$2y$10$sqkhn6HyeNPrKl.BYY2hFelUR09UWL0AoudOfZEw1C1CUMMViJPyC', 'Miko', '', 'Suarez', '', '', '', '', '', '', '', 1, '2019-03-08 20:22:34', NULL, '4FMUACcgDWda2KTVUzvh6moC84MgUsShOwbYWFFcf7x6ko0uDfFGr1LCtFVC', '2019-02-19 16:59:25', '2019-03-08 20:22:34', NULL),
(9, 0, 0, 'test123@dogandrooster.net', '', 'cynthia_hays', '$2y$10$uwTwF1TdF5fUrcME.8Xw6e8mRkko3BI/Ub949CLQ3wVb3mJcuBz2q', 'Cynthia', '', 'Hayes', '', '', '', '', '', '', '1893234', 1, '2019-10-30 15:03:57', NULL, '5rpQxVY8Daoa8AWJ1FfN0V29HmFcewMwoUy6Dht5R0FGbbylxRICSoHTUylj', '2019-02-19 17:02:13', '2019-10-30 15:03:57', NULL),
(10, 0, 0, 'test123+1@dogandrooster.net', '', 'dave_murphy', '$2y$10$nD/SMD4VmMGk39xaVVBQbeZViz6LpdD9TyOrDYCpCuTjwAPGVAoLy', 'Dave', '', 'Murphy', '', '', '', '', '', '', '1992935', 1, '2019-02-21 20:22:44', NULL, NULL, '2019-02-21 12:22:44', '2019-02-21 12:25:06', NULL),
(11, 0, 0, 'test123+2@dogandrooster.net', '', 'jin_cho', '$2y$10$xWiffIu8njSqztko7EyXYebeEj8gdLeN6dSIqyHw8sLydi4O4WyUe', 'Jin', '', 'Cho', '', '', '', '', '', '', '1992960', 1, '2019-03-08 20:31:56', NULL, 'jKYm6RXTlGMwjd5hEFm58eVjMSUoAKuSSLJ7JhFr4opVEb4wpMyT1v8NjQAz', '2019-02-21 12:23:44', '2019-03-08 20:31:56', NULL),
(12, 0, 0, 'test123+3@dogandrooster.net', '', 'kaleb_tholen', '$2y$10$X4atpWxrTdxO/6gZhHZ/8.zZJhSyb92xAXTODJWJDL3Bje46E2EtK', 'Kaleb', '', 'Tholen', '', '', '', '', '', '', '1893260', 1, '2019-02-21 20:24:31', NULL, NULL, '2019-02-21 12:24:31', '2019-02-21 12:25:27', NULL),
(13, 0, 1, 'programmer1@dogandrooster.com', '8586779931', '', '$2y$10$sqkhn6HyeNPrKl.BYY2hFelUR09UWL0AoudOfZEw1C1CUMMViJPyC', 'DNRMiko', '', 'DNRSuarez', 'Agent', '4220 W Overlook Dr, San Diego CA 92115', '00123456', 'dogandrooster.com', 'public/uploads/user_company_logos/images-1566536301.jpg', 'public/uploads/user_profile_images/750-1936-pug-life-ebay-1566536301.jpg', '', 1, '2019-10-30 15:01:43', NULL, 'QIq2UcYUjKyvlKhAx3v8RKTwlm6LIRQab6KvTo60dATbJ2CRbcFT806Nnn4a', '2019-02-21 12:30:27', '2019-10-30 15:01:43', NULL),
(14, 0, 1, 'programmer1+2@dogandrooster.com', '', '', '$2y$10$EnqGlcUtKOW0Ce1UVRGE7e1S78g/.AIQaNwRP/CzWNCxrQMAktERm', 'dnr', '', 'miko', '', '', '', '', '', '', '', 1, '2019-03-05 19:13:36', NULL, NULL, '2019-03-05 11:13:36', '2019-03-05 11:13:36', NULL),
(15, 0, 1, 'asdasd@gmail.com', '', '', '$2y$10$Vq5bMl07/VcEj9Bn/kmwSOKHQaQ/n4eM1cwoldH5dZbYnx.C114xq', 'asdasdasdasdasd', '', 'asadsad', '', '', '', '', '', '', '', 1, '2019-03-08 18:21:32', NULL, NULL, '2019-03-08 10:21:32', '2019-03-08 10:21:32', NULL),
(16, 0, 0, 'test@dogandrooster.com', '', 'dnr_test', '$2y$10$3ZXwU45Rf5lJPiAXXAwKy.RxPOoTMpRcbbJ7pU7KIC5rWA6lBwOpe', 'TEST', '', 'ONLY', '', '', '', '', '', '', '', 1, '2019-03-09 01:14:57', NULL, NULL, '2019-03-08 17:14:57', '2019-03-08 17:14:57', NULL),
(17, 0, 1, 'programmer1+1@dogandrooster.com', '', '', '$2y$10$hhu1yMvBYJ0S1ckKNRx88el09QmU4ahPFVbVIksDrYkMlvvn7FlL6', 'RMiko', '', 'NSuarez', '', '', '', '', '', '', '', 1, '2019-03-14 21:40:04', NULL, 'ibtsZvwN6f21lrvtL0FPF7zJsLGhlzZ8ALkya1Hb6DUpgnNqw5Zv1nXUs7k9', '2019-03-14 14:40:04', '2019-03-14 14:40:04', NULL),
(18, 0, 1, 'test123@dogandrooster.com', '', '', '$2y$10$SK/6UFquuIrp9E3peTKGhuWlE5o4ikeh.vnmpNGKuNWuHk4COsD72', 'Chadwick', '', 'Test', '', '', '', '', '', '', '', 1, '2019-03-15 01:12:55', NULL, '8onOML4xFddgSwkmlhrgKsAVngstgFYpD1w39ZzuwMFhe9qsurt67WoqtfkS', '2019-03-14 18:12:55', '2019-03-14 18:12:55', NULL),
(19, 0, 1, 'somulyja@mailinator.net', '', '', '$2y$10$S30xGxyu5wm2nLbWjto8p.NnWKF12JO4lc63C.PES/rO2ZIPdVnAK', 'Brittany', '', 'Mills', '', '', '', '', '', '', '', 1, '2019-03-15 01:16:22', NULL, 'N0U4SunyesmKkAvnOLdo9fW1fPUoBaMFybQrJVrob3uxxLnOEIOB8FYsfXg2', '2019-03-14 18:16:22', '2019-03-14 18:16:22', NULL),
(20, 0, 1, 'qoxajeno@mailinator.com', '', '', '$2y$10$2LnZGwxkmiWzczvfQLHBGOpATdNXmWbABedY.IBmrcZm0w8rsSuiC', 'Anne', '', 'Sims', '', '', '', '', '', '', '', 1, '2019-03-15 01:18:37', NULL, 'cin9GF9zFpi00d3efPB4dONywvHhIf32xfnCau6LFab2zCtuzlg2sQhlgDDR', '2019-03-14 18:18:37', '2019-03-14 18:18:37', NULL),
(21, 0, 1, 'programmer1+3@dogandrooster.com', '', '', '$2y$10$f18y39w5e5nAHYVhcZkvCujZKZG7mt/P14CmoZp2f9tRIh1zSfZHC', 'RM', '', 'Suarez', '', '', '', '', '', '', '', 1, '2019-03-15 17:06:24', NULL, NULL, '2019-03-15 10:06:24', '2019-03-15 10:06:24', NULL),
(22, 0, 1, 'programmer1+3@dogandrooster.com', '', '', '$2y$10$YBOjjlDzgP8JDB2eehUFSu8LtVKYUiJByBckYjsMxj9HTWUg0e.Oy', 'Roldan', '', 'Suarez', '', '', '', '', '', '', '', 1, '2019-03-27 17:23:04', NULL, NULL, '2019-03-27 10:23:04', '2019-03-27 10:23:04', NULL),
(23, 0, 1, 'designer@dogandrooster.com', '', '', '$2y$10$MmquZkBCekrxtJV.wkA4w.8lL67CdjxrMqTf.qJgbb0SQ6pytFxs6', 'tomoko', '', 'burke', '', '', '', '', '', '', '', 1, '2019-08-01 16:52:49', NULL, 'fADql5MOhXWqWNUR0N2hQVLOUm0dnJYBhwNRYW2pwDvZ1iO057F9WYNQosn0', '2019-04-10 16:05:37', '2019-08-01 16:52:49', NULL),
(24, 0, 1, 'carolynn@dogandrooster.com', '', '', '$2y$10$6h6dJMyAA6dlyu1G6uIMwuic0EdRhpD8Cmqb.onf2adhMisvQSvXW', 'carolynn', '', 'edmonson', '', '', '', '', '', '', '', 1, '2019-09-17 16:20:59', NULL, 'vwLCfADDwpeCcc3VudP7mRIi89Lct3iaaMEW2uMPo2uJq0vfNMWTzWd3evSC', '2019-04-11 11:29:04', '2019-09-17 16:20:59', NULL),
(25, 0, 0, 'programmer1222222@dogandrooster.com', '', 'mikosuarez', '$2y$10$LYZ6E21R3/3f.mEoERr8fu5F72uUH61SJWiCEa3I7OsoeoPTArPDq', 'Miko', '', 'Suarez', '', '', '', '', '', '', '123', 1, '2019-07-17 15:36:45', NULL, 'yU8t2PYa4W63spWCjEJ9GdV65fc2LZiC6zbWE2E6VXpSzpQYuZBRS7tE8Axm', '2019-04-30 11:23:08', '2019-07-17 15:36:45', NULL),
(26, 0, 1, 'cynthia@imagemastersusa.com', '', '', '$2y$10$rkeMnRqqMQNWV7I7eW0aW.4F3J9QcKjC7YjCCei.WCH47XsAc2vBW', 'Cyn', '', 'Hays', '', '', '', '', '', '', '', 1, '2019-07-19 23:36:26', NULL, NULL, '2019-07-19 16:36:26', '2019-07-19 16:36:26', NULL),
(27, 0, 1, 'officeassist+200@dogandrooster.com', '+1 (543) 426-8528', '', '$2y$10$pPKYg4Fc7O6vazTlK5mq.e3An3dPoYg3kyzKkBbBG2UdHQ9afmlYO', 'Vincent', '', 'Mcmahon', 'office assistant', 'oberline drive san diego ca', '85694-5641854', '', 'public/uploads/user_company_logos/REPUBLICLOGO-1568426388.png', 'public/uploads/user_profile_images/profile-2398782_960_720-1568426388.png', '', 1, '2019-09-13 18:53:30', NULL, '4FezeTDyAwKhyQnI6QORQClMOawmksCri0iymJCVmW1CRWZCiHZXRFKJxkWc', '2019-09-13 18:30:17', '2019-09-13 19:01:17', NULL),
(28, 0, 0, 'cajudeberi@mailinator.net', '', 'cajudeberi', '$2y$10$HHbnAJsOMBPZAgY.e1qlGOstQ/WxQBoDmIrfqBRGpnyvcJwjfSBOS', 'Elvis', '', 'Quinn', '', '', '', '', '', '', NULL, 1, '2019-09-23 23:43:42', NULL, NULL, '2019-09-23 16:43:42', '2019-09-23 16:43:58', '2019-09-23 16:43:58'),
(29, 0, 1, 'officeassist+600@dogandrooster.com', '6195815118', '', '$2y$10$1/qrQhnUq5bUIrNo/ZNlsODi5pgoN07dKxefsYux94ItpFtZDGMIq', 'Humpty', '', 'Dumpty', '', '', '', '', '', '', NULL, 1, '2019-10-04 21:44:07', NULL, '9bIdUB5Kr4s4J0E6E7kHRY3E26NlIiA2AzWej9JV1Rrq9C8YwVXtFIKJ0mOM', '2019-10-04 21:43:16', '2019-10-04 21:44:07', NULL),
(30, 0, 1, 'cynthiahays@cox.net', '', '', '$2y$10$ZvtrObYGtYJP.C9QJlcW2./jcUnwt7Bp5ta4HpUzsPq/StWYlsQLu', 'Cynthia', '', 'Hays', '', '', '', '', '', '', NULL, 1, '2020-03-29 20:30:22', NULL, NULL, '2020-03-29 13:30:22', '2020-03-29 13:30:22', NULL),
(31, 0, 0, 'info@dogandrooster.com', '', 'cynthia', '$2y$10$A.Gb3Il7dLQEXIJWFqymuOHX09jcKDhTqToQpvs6YzlVRAPJVZQ5i', 'Cynthia', '', 'Hayes', '', '', '', '', '', '', NULL, 1, '2021-08-26 15:29:20', NULL, 'CQrWF3IZJJKY5c38hBUgb4XWUWNgJOcCG0bxLhxCiTyI4zIvsQnwMQUfx3HR', '2021-02-10 15:19:54', '2021-08-26 15:29:20', NULL),
(32, 0, 1, 'officeassist+0825@dogandrooster.com', '0123456789', '', '$2y$10$mtuPd4fQ1/oy5mGxhDLkQu6VF5f4g.aUcYR2GeJaOVJeYmahgdgZm', 'Samantha', '', 'Lim', '', '', '', '', '', '', NULL, 1, '2021-08-24 23:29:25', NULL, NULL, '2021-08-24 16:29:25', '2021-08-24 16:29:25', NULL),
(33, 0, 1, 'programmer1@dogandrooster.com', '+1 (659) 337-7715', '', '$2y$10$36afoIg/kPR0ExVv9MWqg.sJPYBXCK1OLMPeTjrS9BctRDFs4/Y.C', 'Flynn', '', 'Battle', '', '', '', '', '', '', NULL, 1, '2021-09-07 03:27:06', NULL, 'h7OGsJ3Wd0WnpqADQPCEYAacSkkfFYvvTeeZoEiEdFmkjOMWyoKqBzAltk0c', '2021-09-06 20:27:06', '2021-09-06 20:27:06', NULL),
(34, 0, 1, 'programmer1@dogandrooster.com', '2421671069', '', '$2y$10$VRka/NVUUejU4TIGRZnv.OQ6CJEduu6tYmC34Rna/vNQOhvFC04Ze', 'Lee', '', 'Guy', '', '', '', '', '', '', NULL, 1, '2021-09-16 01:55:11', NULL, 'wu0JlBb6WniGApV9L9hFShMLWHyYlcsjfHUvzWaiOcQhlSn99pVQtf4OZ1VP', '2021-09-15 18:55:11', '2021-09-15 19:08:47', NULL);

-- --------------------------------------------------------

--
-- Table structure for table `user_address_details`
--

CREATE TABLE IF NOT EXISTS `user_address_details` (
  `id` int(10) unsigned NOT NULL AUTO_INCREMENT,
  `user_id` int(11) NOT NULL,
  `address` varchar(125) COLLATE utf8_unicode_ci NOT NULL,
  `address_2` varchar(125) COLLATE utf8_unicode_ci NOT NULL,
  `city` varchar(125) COLLATE utf8_unicode_ci NOT NULL,
  `state` varchar(125) COLLATE utf8_unicode_ci NOT NULL,
  `postal` varchar(125) COLLATE utf8_unicode_ci NOT NULL,
  `country` varchar(125) COLLATE utf8_unicode_ci NOT NULL,
  `type` int(11) NOT NULL DEFAULT '1' COMMENT '1-Billing, 2-Shipping',
  `created_at` timestamp NULL DEFAULT NULL,
  `updated_at` timestamp NULL DEFAULT NULL,
  `deleted_at` timestamp NULL DEFAULT NULL,
  PRIMARY KEY (`id`)
) ENGINE=InnoDB DEFAULT CHARSET=utf8 COLLATE=utf8_unicode_ci AUTO_INCREMENT=1 ;

-- --------------------------------------------------------

--
-- Table structure for table `user_has_permissions`
--

CREATE TABLE IF NOT EXISTS `user_has_permissions` (
  `user_id` int(10) unsigned NOT NULL,
  `permission_id` int(10) unsigned NOT NULL,
  PRIMARY KEY (`user_id`,`permission_id`),
  KEY `user_has_permissions_permission_id_foreign` (`permission_id`)
) ENGINE=InnoDB DEFAULT CHARSET=utf8 COLLATE=utf8_unicode_ci;

-- --------------------------------------------------------

--
-- Table structure for table `user_has_roles`
--

CREATE TABLE IF NOT EXISTS `user_has_roles` (
  `role_id` int(10) unsigned NOT NULL,
  `user_id` int(10) unsigned NOT NULL,
  PRIMARY KEY (`role_id`,`user_id`),
  KEY `user_has_roles_user_id_foreign` (`user_id`)
) ENGINE=InnoDB DEFAULT CHARSET=utf8 COLLATE=utf8_unicode_ci;

--
-- Dumping data for table `user_has_roles`
--

INSERT INTO `user_has_roles` (`role_id`, `user_id`) VALUES
(1, 1),
(2, 2),
(2, 3),
(3, 4),
(4, 5),
(4, 6),
(4, 7),
(4, 8),
(3, 9),
(3, 10),
(3, 11),
(3, 12),
(4, 13),
(4, 14),
(4, 15),
(3, 16),
(4, 17),
(4, 18),
(4, 19),
(4, 20),
(4, 21),
(4, 22),
(4, 23),
(4, 24),
(3, 25),
(4, 26),
(4, 27),
(2, 28),
(4, 29),
(4, 30),
(2, 31),
(4, 32),
(4, 33),
(4, 34);

-- --------------------------------------------------------

--
-- Table structure for table `webhook_logs`
--

CREATE TABLE IF NOT EXISTS `webhook_logs` (
  `id` int(10) unsigned NOT NULL AUTO_INCREMENT,
  `action` varchar(255) COLLATE utf8_unicode_ci NOT NULL,
  `appointment_id` varchar(255) COLLATE utf8_unicode_ci NOT NULL,
  `calendar_id` varchar(255) COLLATE utf8_unicode_ci NOT NULL,
  `appointment_type_id` varchar(255) COLLATE utf8_unicode_ci NOT NULL,
  `created_at` timestamp NULL DEFAULT NULL,
  `updated_at` timestamp NULL DEFAULT NULL,
  `deleted_at` timestamp NULL DEFAULT NULL,
  PRIMARY KEY (`id`)
) ENGINE=InnoDB  DEFAULT CHARSET=utf8 COLLATE=utf8_unicode_ci AUTO_INCREMENT=25 ;

--
-- Dumping data for table `webhook_logs`
--

INSERT INTO `webhook_logs` (`id`, `action`, `appointment_id`, `calendar_id`, `appointment_type_id`, `created_at`, `updated_at`, `deleted_at`) VALUES
(1, 'scheduled', '268115468', '1893234', '9194304', '2019-02-19 14:29:04', '2019-02-19 14:29:04', NULL),
(2, 'scheduled', '268147329', '1992960', '5573986', '2019-02-19 16:41:01', '2019-02-19 16:41:01', NULL),
(3, 'scheduled', '268150423', '1992960', '5573997', '2019-02-19 16:58:15', '2019-02-19 16:58:15', NULL),
(4, 'scheduled', '268150648', '1992960', '9194304', '2019-02-19 16:59:24', '2019-02-19 16:59:24', NULL),
(5, 'scheduled', '268155428', '1992960', '9194304', '2019-02-19 17:26:32', '2019-02-19 17:26:32', NULL),
(6, 'scheduled', '268651790', '1893234', '9194304', '2019-02-21 12:38:59', '2019-02-21 12:38:59', NULL),
(7, 'scheduled', '268667632', '1992960', '9194304', '2019-02-21 13:33:05', '2019-02-21 13:33:05', NULL),
(8, 'scheduled', '271725483', '1893234', '9332353', '2019-03-06 12:04:16', '2019-03-06 12:04:16', NULL),
(9, 'scheduled', '271841677', '1893260', '9268676', '2019-03-06 21:50:21', '2019-03-06 21:50:21', NULL),
(10, 'scheduled', '272219962', '1893234', '9377124', '2019-03-08 10:20:30', '2019-03-08 10:20:30', NULL),
(11, 'scheduled', '272220233', '1893234', '9331537', '2019-03-08 10:21:32', '2019-03-08 10:21:32', NULL),
(12, 'scheduled', '272221584', '1893234', '9365244', '2019-03-08 10:26:19', '2019-03-08 10:26:19', NULL),
(13, 'scheduled', '272318080', '1893234', '9377124', '2019-03-08 17:43:01', '2019-03-08 17:43:01', NULL),
(14, 'scheduled', '272722696', '1893234', '9331539', '2019-03-11 10:29:33', '2019-03-11 10:29:33', NULL),
(15, 'scheduled', '272723261', '1893234', '9331515', '2019-03-11 10:31:00', '2019-03-11 10:31:00', NULL),
(16, 'scheduled', '273667079', '1893234', '9365095', '2019-03-14 19:25:10', '2019-03-14 19:25:10', NULL),
(17, 'scheduled', '276401439', '1893234', '9332353', '2019-03-27 10:36:53', '2019-03-27 10:36:53', NULL),
(18, 'scheduled', '281456843', '1992935', '9365133', '2019-04-18 14:32:33', '2019-04-18 14:32:33', NULL),
(19, 'scheduled', '301667309', '1992935', '9707359', '2019-07-17 15:44:49', '2019-07-17 15:44:49', NULL),
(20, 'scheduled', '302178092', '1992935', '9194304', '2019-07-19 16:36:25', '2019-07-19 16:36:25', NULL),
(21, 'scheduled', '311873847', '1893234', '9365018', '2019-08-27 12:25:20', '2019-08-27 12:25:20', NULL),
(22, 'scheduled', '316553587', '1992935', '9527363', '2019-09-13 19:12:29', '2019-09-13 19:12:29', NULL),
(23, 'scheduled', '316553850', '1893260', '9527363', '2019-09-13 19:13:38', '2019-09-13 19:13:38', NULL),
(24, 'scheduled', '369189418', '1992935', '9194304', '2020-03-29 13:30:22', '2020-03-29 13:30:22', NULL);

--
-- Constraints for dumped tables
--

--
-- Constraints for table `role_has_permissions`
--
ALTER TABLE `role_has_permissions`
  ADD CONSTRAINT `role_has_permissions_permission_id_foreign` FOREIGN KEY (`permission_id`) REFERENCES `permissions` (`id`) ON DELETE CASCADE,
  ADD CONSTRAINT `role_has_permissions_role_id_foreign` FOREIGN KEY (`role_id`) REFERENCES `roles` (`id`) ON DELETE CASCADE;

--
-- Constraints for table `user_has_permissions`
--
ALTER TABLE `user_has_permissions`
  ADD CONSTRAINT `user_has_permissions_permission_id_foreign` FOREIGN KEY (`permission_id`) REFERENCES `permissions` (`id`) ON DELETE CASCADE,
  ADD CONSTRAINT `user_has_permissions_user_id_foreign` FOREIGN KEY (`user_id`) REFERENCES `users` (`id`) ON DELETE CASCADE;

--
-- Constraints for table `user_has_roles`
--
ALTER TABLE `user_has_roles`
  ADD CONSTRAINT `user_has_roles_role_id_foreign` FOREIGN KEY (`role_id`) REFERENCES `roles` (`id`) ON DELETE CASCADE,
  ADD CONSTRAINT `user_has_roles_user_id_foreign` FOREIGN KEY (`user_id`) REFERENCES `users` (`id`) ON DELETE CASCADE;

/*!40101 SET CHARACTER_SET_CLIENT=@OLD_CHARACTER_SET_CLIENT */;
/*!40101 SET CHARACTER_SET_RESULTS=@OLD_CHARACTER_SET_RESULTS */;
/*!40101 SET COLLATION_CONNECTION=@OLD_COLLATION_CONNECTION */;
